
  .   ____          _            __ _ _
 /\\ / ___'_ __ _ _(_)_ __  __ _ \ \ \ \
( ( )\___ | '_ | '_| | '_ \/ _` | \ \ \ \
 \\/  ___)| |_)| | | | | || (_| |  ) ) ) )
  '  |____| .__|_| |_|_| |_\__, | / / / /
 =========|_|==============|___/=/_/_/_/

 :: Spring Boot ::                (v3.4.0)

2026-06-22T14:34:31.468+05:30  INFO 80681 --- [application-service] [           main] c.t.a.ApplicationServiceApplication      : Starting ApplicationServiceApplication v1.0.0-SNAPSHOT using Java 17.0.18 with PID 80681 (/Users/spratap/.m2/repository/com/talentgrid/application-service/1.0.0-SNAPSHOT/application-service-1.0.0-SNAPSHOT.jar started by spratap in /Users/spratap/TalentGridTeam2)
2026-06-22T14:34:31.470+05:30  INFO 80681 --- [application-service] [           main] c.t.a.ApplicationServiceApplication      : No active profile set, falling back to 1 default profile: "default"
2026-06-22T14:34:34.822+05:30  INFO 80681 --- [application-service] [           main] .s.d.r.c.RepositoryConfigurationDelegate : Bootstrapping Spring Data JPA repositories in DEFAULT mode.
2026-06-22T14:34:35.300+05:30  INFO 80681 --- [application-service] [           main] .s.d.r.c.RepositoryConfigurationDelegate : Finished Spring Data repository scanning in 459 ms. Found 1 JPA repository interface.
2026-06-22T14:34:38.011+05:30  INFO 80681 --- [application-service] [           main] o.s.b.w.embedded.tomcat.TomcatWebServer  : Tomcat initialized with port 8083 (http)
2026-06-22T14:34:38.034+05:30  INFO 80681 --- [application-service] [           main] o.apache.catalina.core.StandardService   : Starting service [Tomcat]
2026-06-22T14:34:38.034+05:30  INFO 80681 --- [application-service] [           main] o.apache.catalina.core.StandardEngine    : Starting Servlet engine: [Apache Tomcat/10.1.33]
2026-06-22T14:34:38.107+05:30  INFO 80681 --- [application-service] [           main] o.a.c.c.C.[Tomcat].[localhost].[/]       : Initializing Spring embedded WebApplicationContext
2026-06-22T14:34:38.108+05:30  INFO 80681 --- [application-service] [           main] w.s.c.ServletWebServerApplicationContext : Root WebApplicationContext: initialization completed in 6588 ms
2026-06-22T14:34:40.126+05:30  INFO 80681 --- [application-service] [           main] com.zaxxer.hikari.HikariDataSource       : HikariPool-1 - Starting...
2026-06-22T14:34:40.342+05:30  INFO 80681 --- [application-service] [           main] com.zaxxer.hikari.pool.HikariPool        : HikariPool-1 - Added connection org.postgresql.jdbc.PgConnection@48ee3c2d
2026-06-22T14:34:40.368+05:30  INFO 80681 --- [application-service] [           main] com.zaxxer.hikari.HikariDataSource       : HikariPool-1 - Start completed.
2026-06-22T14:34:40.478+05:30  INFO 80681 --- [application-service] [           main] org.flywaydb.core.FlywayExecutor         : Database: jdbc:postgresql://localhost:5432/talentgrid (PostgreSQL 18.3)
2026-06-22T14:34:40.701+05:30  WARN 80681 --- [application-service] [           main] o.f.c.internal.database.base.Database    : Flyway upgrade recommended: PostgreSQL 18.3 is newer than this version of Flyway and support has not been tested. The latest supported version of PostgreSQL is 17.
2026-06-22T14:34:41.280+05:30  INFO 80681 --- [application-service] [           main] o.f.core.internal.command.DbValidate     : Successfully validated 0 migrations (execution time 00:00.501s)
2026-06-22T14:34:41.280+05:30  WARN 80681 --- [application-service] [           main] o.f.core.internal.command.DbValidate     : No migrations found. Are your locations set up correctly?
2026-06-22T14:34:41.458+05:30  INFO 80681 --- [application-service] [           main] o.f.core.internal.command.DbMigrate      : Current version of schema "public": << Empty Schema >>
2026-06-22T14:34:41.467+05:30  INFO 80681 --- [application-service] [           main] o.f.core.internal.command.DbMigrate      : Schema "public" is up to date. No migration necessary.
2026-06-22T14:34:41.688+05:30  INFO 80681 --- [application-service] [           main] o.hibernate.jpa.internal.util.LogHelper  : HHH000204: Processing PersistenceUnitInfo [name: default]
2026-06-22T14:34:41.766+05:30  INFO 80681 --- [application-service] [           main] org.hibernate.Version                    : HHH000412: Hibernate ORM core version 6.6.2.Final
2026-06-22T14:34:41.956+05:30  INFO 80681 --- [application-service] [           main] o.h.c.internal.RegionFactoryInitiator    : HHH000026: Second-level cache disabled
2026-06-22T14:34:42.618+05:30  INFO 80681 --- [application-service] [           main] o.s.o.j.p.SpringPersistenceUnitInfo      : No LoadTimeWeaver setup: ignoring JPA class transformer
2026-06-22T14:34:42.777+05:30  WARN 80681 --- [application-service] [           main] org.hibernate.orm.deprecation            : HHH90000025: PostgreSQLDialect does not need to be specified explicitly using 'hibernate.dialect' (remove the property setting and it will be selected by default)
2026-06-22T14:34:42.843+05:30  INFO 80681 --- [application-service] [           main] org.hibernate.orm.connections.pooling    : HHH10001005: Database info:
	Database JDBC URL [Connecting through datasource 'HikariDataSource (HikariPool-1)']
	Database driver: undefined/unknown
	Database version: 18.3
	Autocommit mode: undefined/unknown
	Isolation level: undefined/unknown
	Minimum pool size: undefined/unknown
	Maximum pool size: undefined/unknown
2026-06-22T14:34:45.452+05:30  INFO 80681 --- [application-service] [           main] o.h.e.t.j.p.i.JtaPlatformInitiator       : HHH000489: No JTA platform available (set 'hibernate.transaction.jta.platform' to enable JTA platform integration)
2026-06-22T14:34:46.420+05:30  INFO 80681 --- [application-service] [           main] j.LocalContainerEntityManagerFactoryBean : Initialized JPA EntityManagerFactory for persistence unit 'default'
2026-06-22T14:34:48.427+05:30  WARN 80681 --- [application-service] [           main] JpaBaseConfiguration$JpaWebConfiguration : spring.jpa.open-in-view is enabled by default. Therefore, database queries may be performed during view rendering. Explicitly configure spring.jpa.open-in-view to disable this warning
2026-06-22T14:34:48.510+05:30  WARN 80681 --- [application-service] [           main] .s.s.UserDetailsServiceAutoConfiguration : 

Using generated security password: a492eb73-792e-4fd3-98ed-bf9ad89b3c14

This generated password is for development use only. Your security configuration must be updated before running your application in production.

2026-06-22T14:34:48.564+05:30  INFO 80681 --- [application-service] [           main] r$InitializeUserDetailsManagerConfigurer : Global AuthenticationManager configured with UserDetailsService bean with name inMemoryUserDetailsManager
2026-06-22T14:34:49.230+05:30  INFO 80681 --- [application-service] [           main] o.s.b.a.e.web.EndpointLinksResolver      : Exposing 1 endpoint beneath base path '/actuator'
2026-06-22T14:34:50.974+05:30  INFO 80681 --- [application-service] [           main] o.a.k.clients.admin.AdminClientConfig    : AdminClientConfig values: 
	auto.include.jmx.reporter = true
	bootstrap.controllers = []
	bootstrap.servers = [localhost:9092]
	client.dns.lookup = use_all_dns_ips
	client.id = application-service-admin-0
	connections.max.idle.ms = 300000
	default.api.timeout.ms = 60000
	enable.metrics.push = true
	metadata.max.age.ms = 300000
	metadata.recovery.strategy = none
	metric.reporters = []
	metrics.num.samples = 2
	metrics.recording.level = INFO
	metrics.sample.window.ms = 30000
	receive.buffer.bytes = 65536
	reconnect.backoff.max.ms = 1000
	reconnect.backoff.ms = 50
	request.timeout.ms = 30000
	retries = 2147483647
	retry.backoff.max.ms = 1000
	retry.backoff.ms = 100
	sasl.client.callback.handler.class = null
	sasl.jaas.config = null
	sasl.kerberos.kinit.cmd = /usr/bin/kinit
	sasl.kerberos.min.time.before.relogin = 60000
	sasl.kerberos.service.name = null
	sasl.kerberos.ticket.renew.jitter = 0.05
	sasl.kerberos.ticket.renew.window.factor = 0.8
	sasl.login.callback.handler.class = null
	sasl.login.class = null
	sasl.login.connect.timeout.ms = null
	sasl.login.read.timeout.ms = null
	sasl.login.refresh.buffer.seconds = 300
	sasl.login.refresh.min.period.seconds = 60
	sasl.login.refresh.window.factor = 0.8
	sasl.login.refresh.window.jitter = 0.05
	sasl.login.retry.backoff.max.ms = 10000
	sasl.login.retry.backoff.ms = 100
	sasl.mechanism = GSSAPI
	sasl.oauthbearer.clock.skew.seconds = 30
	sasl.oauthbearer.expected.audience = null
	sasl.oauthbearer.expected.issuer = null
	sasl.oauthbearer.jwks.endpoint.refresh.ms = 3600000
	sasl.oauthbearer.jwks.endpoint.retry.backoff.max.ms = 10000
	sasl.oauthbearer.jwks.endpoint.retry.backoff.ms = 100
	sasl.oauthbearer.jwks.endpoint.url = null
	sasl.oauthbearer.scope.claim.name = scope
	sasl.oauthbearer.sub.claim.name = sub
	sasl.oauthbearer.token.endpoint.url = null
	security.protocol = PLAINTEXT
	security.providers = null
	send.buffer.bytes = 131072
	socket.connection.setup.timeout.max.ms = 30000
	socket.connection.setup.timeout.ms = 10000
	ssl.cipher.suites = null
	ssl.enabled.protocols = [TLSv1.2, TLSv1.3]
	ssl.endpoint.identification.algorithm = https
	ssl.engine.factory.class = null
	ssl.key.password = null
	ssl.keymanager.algorithm = SunX509
	ssl.keystore.certificate.chain = null
	ssl.keystore.key = null
	ssl.keystore.location = null
	ssl.keystore.password = null
	ssl.keystore.type = JKS
	ssl.protocol = TLSv1.3
	ssl.provider = null
	ssl.secure.random.implementation = null
	ssl.trustmanager.algorithm = PKIX
	ssl.truststore.certificates = null
	ssl.truststore.location = null
	ssl.truststore.password = null
	ssl.truststore.type = JKS

2026-06-22T14:34:51.133+05:30  INFO 80681 --- [application-service] [           main] o.a.kafka.common.utils.AppInfoParser     : Kafka version: 3.8.1
2026-06-22T14:34:51.133+05:30  INFO 80681 --- [application-service] [           main] o.a.kafka.common.utils.AppInfoParser     : Kafka commitId: 70d6ff42debf7e17
2026-06-22T14:34:51.133+05:30  INFO 80681 --- [application-service] [           main] o.a.kafka.common.utils.AppInfoParser     : Kafka startTimeMs: 1782119091131
2026-06-22T14:34:51.817+05:30  WARN 80681 --- [application-service] [service-admin-0] o.a.k.clients.admin.KafkaAdminClient     : [AdminClient clientId=application-service-admin-0] The DescribeTopicPartitions API is not supported, using Metadata API to describe topics.
2026-06-22T14:34:51.828+05:30  INFO 80681 --- [application-service] [service-admin-0] o.a.kafka.common.utils.AppInfoParser     : App info kafka.admin.client for application-service-admin-0 unregistered
2026-06-22T14:34:51.849+05:30  INFO 80681 --- [application-service] [service-admin-0] o.apache.kafka.common.metrics.Metrics    : Metrics scheduler closed
2026-06-22T14:34:51.849+05:30  INFO 80681 --- [application-service] [service-admin-0] o.apache.kafka.common.metrics.Metrics    : Closing reporter org.apache.kafka.common.metrics.JmxReporter
2026-06-22T14:34:51.849+05:30  INFO 80681 --- [application-service] [service-admin-0] o.apache.kafka.common.metrics.Metrics    : Metrics reporters closed
2026-06-22T14:34:51.873+05:30  INFO 80681 --- [application-service] [           main] o.s.b.w.embedded.tomcat.TomcatWebServer  : Tomcat started on port 8083 (http) with context path '/'
2026-06-22T14:34:51.900+05:30  INFO 80681 --- [application-service] [           main] o.a.k.clients.consumer.ConsumerConfig    : ConsumerConfig values: 
	allow.auto.create.topics = true
	auto.commit.interval.ms = 5000
	auto.include.jmx.reporter = true
	auto.offset.reset = earliest
	bootstrap.servers = [localhost:9092]
	check.crcs = true
	client.dns.lookup = use_all_dns_ips
	client.id = consumer-application-service-group-1
	client.rack = 
	connections.max.idle.ms = 540000
	default.api.timeout.ms = 60000
	enable.auto.commit = false
	enable.metrics.push = true
	exclude.internal.topics = true
	fetch.max.bytes = 52428800
	fetch.max.wait.ms = 500
	fetch.min.bytes = 1
	group.id = application-service-group
	group.instance.id = null
	group.protocol = classic
	group.remote.assignor = null
	heartbeat.interval.ms = 3000
	interceptor.classes = []
	internal.leave.group.on.close = true
	internal.throw.on.fetch.stable.offset.unsupported = false
	isolation.level = read_uncommitted
	key.deserializer = class org.apache.kafka.common.serialization.StringDeserializer
	max.partition.fetch.bytes = 1048576
	max.poll.interval.ms = 300000
	max.poll.records = 500
	metadata.max.age.ms = 300000
	metadata.recovery.strategy = none
	metric.reporters = []
	metrics.num.samples = 2
	metrics.recording.level = INFO
	metrics.sample.window.ms = 30000
	partition.assignment.strategy = [class org.apache.kafka.clients.consumer.RangeAssignor, class org.apache.kafka.clients.consumer.CooperativeStickyAssignor]
	receive.buffer.bytes = 65536
	reconnect.backoff.max.ms = 1000
	reconnect.backoff.ms = 50
	request.timeout.ms = 30000
	retry.backoff.max.ms = 1000
	retry.backoff.ms = 100
	sasl.client.callback.handler.class = null
	sasl.jaas.config = null
	sasl.kerberos.kinit.cmd = /usr/bin/kinit
	sasl.kerberos.min.time.before.relogin = 60000
	sasl.kerberos.service.name = null
	sasl.kerberos.ticket.renew.jitter = 0.05
	sasl.kerberos.ticket.renew.window.factor = 0.8
	sasl.login.callback.handler.class = null
	sasl.login.class = null
	sasl.login.connect.timeout.ms = null
	sasl.login.read.timeout.ms = null
	sasl.login.refresh.buffer.seconds = 300
	sasl.login.refresh.min.period.seconds = 60
	sasl.login.refresh.window.factor = 0.8
	sasl.login.refresh.window.jitter = 0.05
	sasl.login.retry.backoff.max.ms = 10000
	sasl.login.retry.backoff.ms = 100
	sasl.mechanism = GSSAPI
	sasl.oauthbearer.clock.skew.seconds = 30
	sasl.oauthbearer.expected.audience = null
	sasl.oauthbearer.expected.issuer = null
	sasl.oauthbearer.jwks.endpoint.refresh.ms = 3600000
	sasl.oauthbearer.jwks.endpoint.retry.backoff.max.ms = 10000
	sasl.oauthbearer.jwks.endpoint.retry.backoff.ms = 100
	sasl.oauthbearer.jwks.endpoint.url = null
	sasl.oauthbearer.scope.claim.name = scope
	sasl.oauthbearer.sub.claim.name = sub
	sasl.oauthbearer.token.endpoint.url = null
	security.protocol = PLAINTEXT
	security.providers = null
	send.buffer.bytes = 131072
	session.timeout.ms = 45000
	socket.connection.setup.timeout.max.ms = 30000
	socket.connection.setup.timeout.ms = 10000
	ssl.cipher.suites = null
	ssl.enabled.protocols = [TLSv1.2, TLSv1.3]
	ssl.endpoint.identification.algorithm = https
	ssl.engine.factory.class = null
	ssl.key.password = null
	ssl.keymanager.algorithm = SunX509
	ssl.keystore.certificate.chain = null
	ssl.keystore.key = null
	ssl.keystore.location = null
	ssl.keystore.password = null
	ssl.keystore.type = JKS
	ssl.protocol = TLSv1.3
	ssl.provider = null
	ssl.secure.random.implementation = null
	ssl.trustmanager.algorithm = PKIX
	ssl.truststore.certificates = null
	ssl.truststore.location = null
	ssl.truststore.password = null
	ssl.truststore.type = JKS
	value.deserializer = class org.springframework.kafka.support.serializer.ErrorHandlingDeserializer

2026-06-22T14:34:51.952+05:30  INFO 80681 --- [application-service] [           main] o.a.k.c.t.i.KafkaMetricsCollector        : initializing Kafka metrics collector
2026-06-22T14:34:52.060+05:30  INFO 80681 --- [application-service] [           main] o.a.kafka.common.utils.AppInfoParser     : Kafka version: 3.8.1
2026-06-22T14:34:52.060+05:30  INFO 80681 --- [application-service] [           main] o.a.kafka.common.utils.AppInfoParser     : Kafka commitId: 70d6ff42debf7e17
2026-06-22T14:34:52.060+05:30  INFO 80681 --- [application-service] [           main] o.a.kafka.common.utils.AppInfoParser     : Kafka startTimeMs: 1782119092060
2026-06-22T14:34:52.070+05:30  INFO 80681 --- [application-service] [           main] o.a.k.c.c.internals.LegacyKafkaConsumer  : [Consumer clientId=consumer-application-service-group-1, groupId=application-service-group] Subscribed to topic(s): application-events
2026-06-22T14:34:52.078+05:30  INFO 80681 --- [application-service] [           main] o.a.k.clients.consumer.ConsumerConfig    : ConsumerConfig values: 
	allow.auto.create.topics = true
	auto.commit.interval.ms = 5000
	auto.include.jmx.reporter = true
	auto.offset.reset = earliest
	bootstrap.servers = [localhost:9092]
	check.crcs = true
	client.dns.lookup = use_all_dns_ips
	client.id = consumer-application-service-group-2
	client.rack = 
	connections.max.idle.ms = 540000
	default.api.timeout.ms = 60000
	enable.auto.commit = false
	enable.metrics.push = true
	exclude.internal.topics = true
	fetch.max.bytes = 52428800
	fetch.max.wait.ms = 500
	fetch.min.bytes = 1
	group.id = application-service-group
	group.instance.id = null
	group.protocol = classic
	group.remote.assignor = null
	heartbeat.interval.ms = 3000
	interceptor.classes = []
	internal.leave.group.on.close = true
	internal.throw.on.fetch.stable.offset.unsupported = false
	isolation.level = read_uncommitted
	key.deserializer = class org.apache.kafka.common.serialization.StringDeserializer
	max.partition.fetch.bytes = 1048576
	max.poll.interval.ms = 300000
	max.poll.records = 500
	metadata.max.age.ms = 300000
	metadata.recovery.strategy = none
	metric.reporters = []
	metrics.num.samples = 2
	metrics.recording.level = INFO
	metrics.sample.window.ms = 30000
	partition.assignment.strategy = [class org.apache.kafka.clients.consumer.RangeAssignor, class org.apache.kafka.clients.consumer.CooperativeStickyAssignor]
	receive.buffer.bytes = 65536
	reconnect.backoff.max.ms = 1000
	reconnect.backoff.ms = 50
	request.timeout.ms = 30000
	retry.backoff.max.ms = 1000
	retry.backoff.ms = 100
	sasl.client.callback.handler.class = null
	sasl.jaas.config = null
	sasl.kerberos.kinit.cmd = /usr/bin/kinit
	sasl.kerberos.min.time.before.relogin = 60000
	sasl.kerberos.service.name = null
	sasl.kerberos.ticket.renew.jitter = 0.05
	sasl.kerberos.ticket.renew.window.factor = 0.8
	sasl.login.callback.handler.class = null
	sasl.login.class = null
	sasl.login.connect.timeout.ms = null
	sasl.login.read.timeout.ms = null
	sasl.login.refresh.buffer.seconds = 300
	sasl.login.refresh.min.period.seconds = 60
	sasl.login.refresh.window.factor = 0.8
	sasl.login.refresh.window.jitter = 0.05
	sasl.login.retry.backoff.max.ms = 10000
	sasl.login.retry.backoff.ms = 100
	sasl.mechanism = GSSAPI
	sasl.oauthbearer.clock.skew.seconds = 30
	sasl.oauthbearer.expected.audience = null
	sasl.oauthbearer.expected.issuer = null
	sasl.oauthbearer.jwks.endpoint.refresh.ms = 3600000
	sasl.oauthbearer.jwks.endpoint.retry.backoff.max.ms = 10000
	sasl.oauthbearer.jwks.endpoint.retry.backoff.ms = 100
	sasl.oauthbearer.jwks.endpoint.url = null
	sasl.oauthbearer.scope.claim.name = scope
	sasl.oauthbearer.sub.claim.name = sub
	sasl.oauthbearer.token.endpoint.url = null
	security.protocol = PLAINTEXT
	security.providers = null
	send.buffer.bytes = 131072
	session.timeout.ms = 45000
	socket.connection.setup.timeout.max.ms = 30000
	socket.connection.setup.timeout.ms = 10000
	ssl.cipher.suites = null
	ssl.enabled.protocols = [TLSv1.2, TLSv1.3]
	ssl.endpoint.identification.algorithm = https
	ssl.engine.factory.class = null
	ssl.key.password = null
	ssl.keymanager.algorithm = SunX509
	ssl.keystore.certificate.chain = null
	ssl.keystore.key = null
	ssl.keystore.location = null
	ssl.keystore.password = null
	ssl.keystore.type = JKS
	ssl.protocol = TLSv1.3
	ssl.provider = null
	ssl.secure.random.implementation = null
	ssl.trustmanager.algorithm = PKIX
	ssl.truststore.certificates = null
	ssl.truststore.location = null
	ssl.truststore.password = null
	ssl.truststore.type = JKS
	value.deserializer = class org.springframework.kafka.support.serializer.ErrorHandlingDeserializer

2026-06-22T14:34:52.079+05:30  INFO 80681 --- [application-service] [           main] o.a.k.c.t.i.KafkaMetricsCollector        : initializing Kafka metrics collector
2026-06-22T14:34:52.086+05:30  INFO 80681 --- [application-service] [           main] o.a.kafka.common.utils.AppInfoParser     : Kafka version: 3.8.1
2026-06-22T14:34:52.086+05:30  INFO 80681 --- [application-service] [           main] o.a.kafka.common.utils.AppInfoParser     : Kafka commitId: 70d6ff42debf7e17
2026-06-22T14:34:52.086+05:30  INFO 80681 --- [application-service] [           main] o.a.kafka.common.utils.AppInfoParser     : Kafka startTimeMs: 1782119092086
2026-06-22T14:34:52.092+05:30  INFO 80681 --- [application-service] [           main] o.a.k.c.c.internals.LegacyKafkaConsumer  : [Consumer clientId=consumer-application-service-group-2, groupId=application-service-group] Subscribed to topic(s): application-events
2026-06-22T14:34:52.094+05:30  INFO 80681 --- [application-service] [           main] o.a.k.clients.consumer.ConsumerConfig    : ConsumerConfig values: 
	allow.auto.create.topics = true
	auto.commit.interval.ms = 5000
	auto.include.jmx.reporter = true
	auto.offset.reset = earliest
	bootstrap.servers = [localhost:9092]
	check.crcs = true
	client.dns.lookup = use_all_dns_ips
	client.id = consumer-application-service-group-3
	client.rack = 
	connections.max.idle.ms = 540000
	default.api.timeout.ms = 60000
	enable.auto.commit = false
	enable.metrics.push = true
	exclude.internal.topics = true
	fetch.max.bytes = 52428800
	fetch.max.wait.ms = 500
	fetch.min.bytes = 1
	group.id = application-service-group
	group.instance.id = null
	group.protocol = classic
	group.remote.assignor = null
	heartbeat.interval.ms = 3000
	interceptor.classes = []
	internal.leave.group.on.close = true
	internal.throw.on.fetch.stable.offset.unsupported = false
	isolation.level = read_uncommitted
	key.deserializer = class org.apache.kafka.common.serialization.StringDeserializer
	max.partition.fetch.bytes = 1048576
	max.poll.interval.ms = 300000
	max.poll.records = 500
	metadata.max.age.ms = 300000
	metadata.recovery.strategy = none
	metric.reporters = []
	metrics.num.samples = 2
	metrics.recording.level = INFO
	metrics.sample.window.ms = 30000
	partition.assignment.strategy = [class org.apache.kafka.clients.consumer.RangeAssignor, class org.apache.kafka.clients.consumer.CooperativeStickyAssignor]
	receive.buffer.bytes = 65536
	reconnect.backoff.max.ms = 1000
	reconnect.backoff.ms = 50
	request.timeout.ms = 30000
	retry.backoff.max.ms = 1000
	retry.backoff.ms = 100
	sasl.client.callback.handler.class = null
	sasl.jaas.config = null
	sasl.kerberos.kinit.cmd = /usr/bin/kinit
	sasl.kerberos.min.time.before.relogin = 60000
	sasl.kerberos.service.name = null
	sasl.kerberos.ticket.renew.jitter = 0.05
	sasl.kerberos.ticket.renew.window.factor = 0.8
	sasl.login.callback.handler.class = null
	sasl.login.class = null
	sasl.login.connect.timeout.ms = null
	sasl.login.read.timeout.ms = null
	sasl.login.refresh.buffer.seconds = 300
	sasl.login.refresh.min.period.seconds = 60
	sasl.login.refresh.window.factor = 0.8
	sasl.login.refresh.window.jitter = 0.05
	sasl.login.retry.backoff.max.ms = 10000
	sasl.login.retry.backoff.ms = 100
	sasl.mechanism = GSSAPI
	sasl.oauthbearer.clock.skew.seconds = 30
	sasl.oauthbearer.expected.audience = null
	sasl.oauthbearer.expected.issuer = null
	sasl.oauthbearer.jwks.endpoint.refresh.ms = 3600000
	sasl.oauthbearer.jwks.endpoint.retry.backoff.max.ms = 10000
	sasl.oauthbearer.jwks.endpoint.retry.backoff.ms = 100
	sasl.oauthbearer.jwks.endpoint.url = null
	sasl.oauthbearer.scope.claim.name = scope
	sasl.oauthbearer.sub.claim.name = sub
	sasl.oauthbearer.token.endpoint.url = null
	security.protocol = PLAINTEXT
	security.providers = null
	send.buffer.bytes = 131072
	session.timeout.ms = 45000
	socket.connection.setup.timeout.max.ms = 30000
	socket.connection.setup.timeout.ms = 10000
	ssl.cipher.suites = null
	ssl.enabled.protocols = [TLSv1.2, TLSv1.3]
	ssl.endpoint.identification.algorithm = https
	ssl.engine.factory.class = null
	ssl.key.password = null
	ssl.keymanager.algorithm = SunX509
	ssl.keystore.certificate.chain = null
	ssl.keystore.key = null
	ssl.keystore.location = null
	ssl.keystore.password = null
	ssl.keystore.type = JKS
	ssl.protocol = TLSv1.3
	ssl.provider = null
	ssl.secure.random.implementation = null
	ssl.trustmanager.algorithm = PKIX
	ssl.truststore.certificates = null
	ssl.truststore.location = null
	ssl.truststore.password = null
	ssl.truststore.type = JKS
	value.deserializer = class org.springframework.kafka.support.serializer.ErrorHandlingDeserializer

2026-06-22T14:34:52.095+05:30  INFO 80681 --- [application-service] [           main] o.a.k.c.t.i.KafkaMetricsCollector        : initializing Kafka metrics collector
2026-06-22T14:34:52.107+05:30  INFO 80681 --- [application-service] [           main] o.a.kafka.common.utils.AppInfoParser     : Kafka version: 3.8.1
2026-06-22T14:34:52.107+05:30  INFO 80681 --- [application-service] [           main] o.a.kafka.common.utils.AppInfoParser     : Kafka commitId: 70d6ff42debf7e17
2026-06-22T14:34:52.108+05:30  INFO 80681 --- [application-service] [           main] o.a.kafka.common.utils.AppInfoParser     : Kafka startTimeMs: 1782119092107
2026-06-22T14:34:52.111+05:30  INFO 80681 --- [application-service] [           main] o.a.k.c.c.internals.LegacyKafkaConsumer  : [Consumer clientId=consumer-application-service-group-3, groupId=application-service-group] Subscribed to topic(s): application-events
2026-06-22T14:34:52.139+05:30  INFO 80681 --- [application-service] [ntainer#0-0-C-1] org.apache.kafka.clients.Metadata        : [Consumer clientId=consumer-application-service-group-1, groupId=application-service-group] Cluster ID: FZ5fgxe8QsiYlf7uOpvVWA
2026-06-22T14:34:52.139+05:30  INFO 80681 --- [application-service] [ntainer#0-1-C-1] org.apache.kafka.clients.Metadata        : [Consumer clientId=consumer-application-service-group-2, groupId=application-service-group] Cluster ID: FZ5fgxe8QsiYlf7uOpvVWA
2026-06-22T14:34:52.139+05:30  INFO 80681 --- [application-service] [ntainer#0-2-C-1] org.apache.kafka.clients.Metadata        : [Consumer clientId=consumer-application-service-group-3, groupId=application-service-group] Cluster ID: FZ5fgxe8QsiYlf7uOpvVWA
2026-06-22T14:34:52.140+05:30  INFO 80681 --- [application-service] [ntainer#0-1-C-1] o.a.k.c.c.internals.ConsumerCoordinator  : [Consumer clientId=consumer-application-service-group-2, groupId=application-service-group] Discovered group coordinator localhost:9092 (id: 2147483646 rack: null)
2026-06-22T14:34:52.140+05:30  INFO 80681 --- [application-service] [ntainer#0-0-C-1] o.a.k.c.c.internals.ConsumerCoordinator  : [Consumer clientId=consumer-application-service-group-1, groupId=application-service-group] Discovered group coordinator localhost:9092 (id: 2147483646 rack: null)
2026-06-22T14:34:52.140+05:30  INFO 80681 --- [application-service] [ntainer#0-2-C-1] o.a.k.c.c.internals.ConsumerCoordinator  : [Consumer clientId=consumer-application-service-group-3, groupId=application-service-group] Discovered group coordinator localhost:9092 (id: 2147483646 rack: null)
2026-06-22T14:34:52.141+05:30  INFO 80681 --- [application-service] [ntainer#0-2-C-1] o.a.k.c.c.internals.ConsumerCoordinator  : [Consumer clientId=consumer-application-service-group-3, groupId=application-service-group] (Re-)joining group
2026-06-22T14:34:52.141+05:30  INFO 80681 --- [application-service] [ntainer#0-1-C-1] o.a.k.c.c.internals.ConsumerCoordinator  : [Consumer clientId=consumer-application-service-group-2, groupId=application-service-group] (Re-)joining group
2026-06-22T14:34:52.142+05:30  INFO 80681 --- [application-service] [ntainer#0-0-C-1] o.a.k.c.c.internals.ConsumerCoordinator  : [Consumer clientId=consumer-application-service-group-1, groupId=application-service-group] (Re-)joining group
2026-06-22T14:34:52.157+05:30  INFO 80681 --- [application-service] [ntainer#0-1-C-1] o.a.k.c.c.internals.ConsumerCoordinator  : [Consumer clientId=consumer-application-service-group-2, groupId=application-service-group] Request joining group due to: need to re-join with the given member-id: consumer-application-service-group-2-c3cc479d-8b98-41ed-a534-c04f910f45cc
2026-06-22T14:34:52.157+05:30  INFO 80681 --- [application-service] [ntainer#0-2-C-1] o.a.k.c.c.internals.ConsumerCoordinator  : [Consumer clientId=consumer-application-service-group-3, groupId=application-service-group] Request joining group due to: need to re-join with the given member-id: consumer-application-service-group-3-70afc648-5f8a-4418-9cd1-1588fd794218
2026-06-22T14:34:52.157+05:30  INFO 80681 --- [application-service] [ntainer#0-0-C-1] o.a.k.c.c.internals.ConsumerCoordinator  : [Consumer clientId=consumer-application-service-group-1, groupId=application-service-group] Request joining group due to: need to re-join with the given member-id: consumer-application-service-group-1-8c26b7ec-65dd-4d89-a481-5a957eb5c000
2026-06-22T14:34:52.157+05:30  INFO 80681 --- [application-service] [ntainer#0-1-C-1] o.a.k.c.c.internals.ConsumerCoordinator  : [Consumer clientId=consumer-application-service-group-2, groupId=application-service-group] (Re-)joining group
2026-06-22T14:34:52.157+05:30  INFO 80681 --- [application-service] [ntainer#0-2-C-1] o.a.k.c.c.internals.ConsumerCoordinator  : [Consumer clientId=consumer-application-service-group-3, groupId=application-service-group] (Re-)joining group
2026-06-22T14:34:52.157+05:30  INFO 80681 --- [application-service] [ntainer#0-0-C-1] o.a.k.c.c.internals.ConsumerCoordinator  : [Consumer clientId=consumer-application-service-group-1, groupId=application-service-group] (Re-)joining group
2026-06-22T14:34:52.159+05:30  INFO 80681 --- [application-service] [           main] c.t.a.ApplicationServiceApplication      : Started ApplicationServiceApplication in 21.876 seconds (process running for 23.069)
2026-06-22T14:34:52.162+05:30  INFO 80681 --- [application-service] [ntainer#0-1-C-1] o.a.k.c.c.internals.ConsumerCoordinator  : [Consumer clientId=consumer-application-service-group-2, groupId=application-service-group] Successfully joined group with generation Generation{generationId=103, memberId='consumer-application-service-group-2-c3cc479d-8b98-41ed-a534-c04f910f45cc', protocol='range'}
2026-06-22T14:34:52.162+05:30  INFO 80681 --- [application-service] [ntainer#0-2-C-1] o.a.k.c.c.internals.ConsumerCoordinator  : [Consumer clientId=consumer-application-service-group-3, groupId=application-service-group] Successfully joined group with generation Generation{generationId=103, memberId='consumer-application-service-group-3-70afc648-5f8a-4418-9cd1-1588fd794218', protocol='range'}
2026-06-22T14:34:52.162+05:30  INFO 80681 --- [application-service] [ntainer#0-0-C-1] o.a.k.c.c.internals.ConsumerCoordinator  : [Consumer clientId=consumer-application-service-group-1, groupId=application-service-group] Successfully joined group with generation Generation{generationId=103, memberId='consumer-application-service-group-1-8c26b7ec-65dd-4d89-a481-5a957eb5c000', protocol='range'}
2026-06-22T14:34:52.167+05:30  INFO 80681 --- [application-service] [ntainer#0-0-C-1] o.a.k.c.c.internals.ConsumerCoordinator  : [Consumer clientId=consumer-application-service-group-1, groupId=application-service-group] Finished assignment for group at generation 103: {consumer-application-service-group-2-c3cc479d-8b98-41ed-a534-c04f910f45cc=Assignment(partitions=[application-events-1]), consumer-application-service-group-1-8c26b7ec-65dd-4d89-a481-5a957eb5c000=Assignment(partitions=[application-events-0]), consumer-application-service-group-3-70afc648-5f8a-4418-9cd1-1588fd794218=Assignment(partitions=[application-events-2])}
2026-06-22T14:34:52.175+05:30  INFO 80681 --- [application-service] [ntainer#0-0-C-1] o.a.k.c.c.internals.ConsumerCoordinator  : [Consumer clientId=consumer-application-service-group-1, groupId=application-service-group] Successfully synced group in generation Generation{generationId=103, memberId='consumer-application-service-group-1-8c26b7ec-65dd-4d89-a481-5a957eb5c000', protocol='range'}
2026-06-22T14:34:52.175+05:30  INFO 80681 --- [application-service] [ntainer#0-1-C-1] o.a.k.c.c.internals.ConsumerCoordinator  : [Consumer clientId=consumer-application-service-group-2, groupId=application-service-group] Successfully synced group in generation Generation{generationId=103, memberId='consumer-application-service-group-2-c3cc479d-8b98-41ed-a534-c04f910f45cc', protocol='range'}
2026-06-22T14:34:52.175+05:30  INFO 80681 --- [application-service] [ntainer#0-2-C-1] o.a.k.c.c.internals.ConsumerCoordinator  : [Consumer clientId=consumer-application-service-group-3, groupId=application-service-group] Successfully synced group in generation Generation{generationId=103, memberId='consumer-application-service-group-3-70afc648-5f8a-4418-9cd1-1588fd794218', protocol='range'}
2026-06-22T14:34:52.175+05:30  INFO 80681 --- [application-service] [ntainer#0-1-C-1] o.a.k.c.c.internals.ConsumerCoordinator  : [Consumer clientId=consumer-application-service-group-2, groupId=application-service-group] Notifying assignor about the new Assignment(partitions=[application-events-1])
2026-06-22T14:34:52.175+05:30  INFO 80681 --- [application-service] [ntainer#0-0-C-1] o.a.k.c.c.internals.ConsumerCoordinator  : [Consumer clientId=consumer-application-service-group-1, groupId=application-service-group] Notifying assignor about the new Assignment(partitions=[application-events-0])
2026-06-22T14:34:52.175+05:30  INFO 80681 --- [application-service] [ntainer#0-2-C-1] o.a.k.c.c.internals.ConsumerCoordinator  : [Consumer clientId=consumer-application-service-group-3, groupId=application-service-group] Notifying assignor about the new Assignment(partitions=[application-events-2])
2026-06-22T14:34:52.177+05:30  INFO 80681 --- [application-service] [ntainer#0-1-C-1] k.c.c.i.ConsumerRebalanceListenerInvoker : [Consumer clientId=consumer-application-service-group-2, groupId=application-service-group] Adding newly assigned partitions: application-events-1
2026-06-22T14:34:52.177+05:30  INFO 80681 --- [application-service] [ntainer#0-0-C-1] k.c.c.i.ConsumerRebalanceListenerInvoker : [Consumer clientId=consumer-application-service-group-1, groupId=application-service-group] Adding newly assigned partitions: application-events-0
2026-06-22T14:34:52.178+05:30  INFO 80681 --- [application-service] [ntainer#0-2-C-1] k.c.c.i.ConsumerRebalanceListenerInvoker : [Consumer clientId=consumer-application-service-group-3, groupId=application-service-group] Adding newly assigned partitions: application-events-2
2026-06-22T14:34:52.186+05:30  INFO 80681 --- [application-service] [ntainer#0-1-C-1] o.a.k.c.c.internals.ConsumerUtils        : Setting offset for partition application-events-1 to the committed offset FetchPosition{offset=1, offsetEpoch=Optional.empty, currentLeader=LeaderAndEpoch{leader=Optional[localhost:9092 (id: 1 rack: null)], epoch=0}}
2026-06-22T14:34:52.186+05:30  INFO 80681 --- [application-service] [ntainer#0-2-C-1] o.a.k.c.c.internals.ConsumerUtils        : Setting offset for partition application-events-2 to the committed offset FetchPosition{offset=7, offsetEpoch=Optional.empty, currentLeader=LeaderAndEpoch{leader=Optional[localhost:9092 (id: 1 rack: null)], epoch=0}}
2026-06-22T14:34:52.186+05:30  INFO 80681 --- [application-service] [ntainer#0-0-C-1] o.a.k.c.c.internals.ConsumerUtils        : Setting offset for partition application-events-0 to the committed offset FetchPosition{offset=5, offsetEpoch=Optional.empty, currentLeader=LeaderAndEpoch{leader=Optional[localhost:9092 (id: 1 rack: null)], epoch=0}}
2026-06-22T14:34:52.189+05:30  INFO 80681 --- [application-service] [ntainer#0-2-C-1] o.s.k.l.KafkaMessageListenerContainer    : application-service-group: partitions assigned: [application-events-2]
2026-06-22T14:34:52.189+05:30  INFO 80681 --- [application-service] [ntainer#0-1-C-1] o.s.k.l.KafkaMessageListenerContainer    : application-service-group: partitions assigned: [application-events-1]
2026-06-22T14:34:52.189+05:30  INFO 80681 --- [application-service] [ntainer#0-0-C-1] o.s.k.l.KafkaMessageListenerContainer    : application-service-group: partitions assigned: [application-events-0]
2026-06-22T14:43:52.271+05:30  INFO 80681 --- [application-service] [ntainer#0-1-C-1] org.apache.kafka.clients.NetworkClient   : [Consumer clientId=consumer-application-service-group-2, groupId=application-service-group] Node -1 disconnected.
2026-06-22T14:43:52.271+05:30  INFO 80681 --- [application-service] [ntainer#0-2-C-1] org.apache.kafka.clients.NetworkClient   : [Consumer clientId=consumer-application-service-group-3, groupId=application-service-group] Node -1 disconnected.
2026-06-22T14:43:52.271+05:30  INFO 80681 --- [application-service] [ntainer#0-0-C-1] org.apache.kafka.clients.NetworkClient   : [Consumer clientId=consumer-application-service-group-1, groupId=application-service-group] Node -1 disconnected.
2026-06-22T14:53:52.278+05:30  INFO 80681 --- [application-service] [ntainer#0-2-C-1] org.apache.kafka.clients.NetworkClient   : [Consumer clientId=consumer-application-service-group-3, groupId=application-service-group] Node -1 disconnected.
2026-06-22T14:53:52.278+05:30  INFO 80681 --- [application-service] [ntainer#0-0-C-1] org.apache.kafka.clients.NetworkClient   : [Consumer clientId=consumer-application-service-group-1, groupId=application-service-group] Node -1 disconnected.
2026-06-22T14:53:52.439+05:30  INFO 80681 --- [application-service] [ntainer#0-1-C-1] org.apache.kafka.clients.NetworkClient   : [Consumer clientId=consumer-application-service-group-2, groupId=application-service-group] Node -1 disconnected.
2026-06-22T14:59:08.999+05:30  INFO 80681 --- [application-service] [nio-8083-exec-1] o.a.c.c.C.[Tomcat].[localhost].[/]       : Initializing Spring DispatcherServlet 'dispatcherServlet'
2026-06-22T14:59:08.999+05:30  INFO 80681 --- [application-service] [nio-8083-exec-1] o.s.web.servlet.DispatcherServlet        : Initializing Servlet 'dispatcherServlet'
2026-06-22T14:59:09.005+05:30  INFO 80681 --- [application-service] [nio-8083-exec-1] o.s.web.servlet.DispatcherServlet        : Completed initialization in 6 ms
2026-06-22T14:59:09.417+05:30 ERROR 80681 --- [application-service] [nio-8083-exec-1] i.n.r.d.DnsServerAddressStreamProviders  : Unable to load io.netty.resolver.dns.macos.MacOSDnsServerAddressStreamProvider, fallback to system defaults. This may result in incorrect DNS resolutions on MacOS. Check whether you have a dependency on 'io.netty:netty-resolver-dns-native-macos'. Use DEBUG level to see the full stack: java.lang.UnsatisfiedLinkError: failed to load the required native library
Hibernate: select a1_0.application_id from application a1_0 where a1_0.candidate_id=? and a1_0.demand_id=? fetch first ? rows only
Hibernate: select nextval('application_seq')
2026-06-22T14:59:10.080+05:30  INFO 80681 --- [application-service] [nio-8083-exec-1] o.a.k.clients.producer.ProducerConfig    : ProducerConfig values: 
	acks = -1
	auto.include.jmx.reporter = true
	batch.size = 16384
	bootstrap.servers = [localhost:9092]
	buffer.memory = 33554432
	client.dns.lookup = use_all_dns_ips
	client.id = application-service-producer-1
	compression.gzip.level = -1
	compression.lz4.level = 9
	compression.type = none
	compression.zstd.level = 3
	connections.max.idle.ms = 540000
	delivery.timeout.ms = 120000
	enable.idempotence = true
	enable.metrics.push = true
	interceptor.classes = []
	key.serializer = class org.apache.kafka.common.serialization.StringSerializer
	linger.ms = 0
	max.block.ms = 60000
	max.in.flight.requests.per.connection = 5
	max.request.size = 1048576
	metadata.max.age.ms = 300000
	metadata.max.idle.ms = 300000
	metadata.recovery.strategy = none
	metric.reporters = []
	metrics.num.samples = 2
	metrics.recording.level = INFO
	metrics.sample.window.ms = 30000
	partitioner.adaptive.partitioning.enable = true
	partitioner.availability.timeout.ms = 0
	partitioner.class = null
	partitioner.ignore.keys = false
	receive.buffer.bytes = 32768
	reconnect.backoff.max.ms = 1000
	reconnect.backoff.ms = 50
	request.timeout.ms = 30000
	retries = 2147483647
	retry.backoff.max.ms = 1000
	retry.backoff.ms = 100
	sasl.client.callback.handler.class = null
	sasl.jaas.config = null
	sasl.kerberos.kinit.cmd = /usr/bin/kinit
	sasl.kerberos.min.time.before.relogin = 60000
	sasl.kerberos.service.name = null
	sasl.kerberos.ticket.renew.jitter = 0.05
	sasl.kerberos.ticket.renew.window.factor = 0.8
	sasl.login.callback.handler.class = null
	sasl.login.class = null
	sasl.login.connect.timeout.ms = null
	sasl.login.read.timeout.ms = null
	sasl.login.refresh.buffer.seconds = 300
	sasl.login.refresh.min.period.seconds = 60
	sasl.login.refresh.window.factor = 0.8
	sasl.login.refresh.window.jitter = 0.05
	sasl.login.retry.backoff.max.ms = 10000
	sasl.login.retry.backoff.ms = 100
	sasl.mechanism = GSSAPI
	sasl.oauthbearer.clock.skew.seconds = 30
	sasl.oauthbearer.expected.audience = null
	sasl.oauthbearer.expected.issuer = null
	sasl.oauthbearer.jwks.endpoint.refresh.ms = 3600000
	sasl.oauthbearer.jwks.endpoint.retry.backoff.max.ms = 10000
	sasl.oauthbearer.jwks.endpoint.retry.backoff.ms = 100
	sasl.oauthbearer.jwks.endpoint.url = null
	sasl.oauthbearer.scope.claim.name = scope
	sasl.oauthbearer.sub.claim.name = sub
	sasl.oauthbearer.token.endpoint.url = null
	security.protocol = PLAINTEXT
	security.providers = null
	send.buffer.bytes = 131072
	socket.connection.setup.timeout.max.ms = 30000
	socket.connection.setup.timeout.ms = 10000
	ssl.cipher.suites = null
	ssl.enabled.protocols = [TLSv1.2, TLSv1.3]
	ssl.endpoint.identification.algorithm = https
	ssl.engine.factory.class = null
	ssl.key.password = null
	ssl.keymanager.algorithm = SunX509
	ssl.keystore.certificate.chain = null
	ssl.keystore.key = null
	ssl.keystore.location = null
	ssl.keystore.password = null
	ssl.keystore.type = JKS
	ssl.protocol = TLSv1.3
	ssl.provider = null
	ssl.secure.random.implementation = null
	ssl.trustmanager.algorithm = PKIX
	ssl.truststore.certificates = null
	ssl.truststore.location = null
	ssl.truststore.password = null
	ssl.truststore.type = JKS
	transaction.timeout.ms = 60000
	transactional.id = null
	value.serializer = class org.springframework.kafka.support.serializer.JsonSerializer

2026-06-22T14:59:10.081+05:30  INFO 80681 --- [application-service] [nio-8083-exec-1] o.a.k.c.t.i.KafkaMetricsCollector        : initializing Kafka metrics collector
2026-06-22T14:59:10.090+05:30  INFO 80681 --- [application-service] [nio-8083-exec-1] o.a.k.clients.producer.KafkaProducer     : [Producer clientId=application-service-producer-1] Instantiated an idempotent producer.
2026-06-22T14:59:10.099+05:30  INFO 80681 --- [application-service] [nio-8083-exec-1] o.a.kafka.common.utils.AppInfoParser     : Kafka version: 3.8.1
2026-06-22T14:59:10.099+05:30  INFO 80681 --- [application-service] [nio-8083-exec-1] o.a.kafka.common.utils.AppInfoParser     : Kafka commitId: 70d6ff42debf7e17
2026-06-22T14:59:10.099+05:30  INFO 80681 --- [application-service] [nio-8083-exec-1] o.a.kafka.common.utils.AppInfoParser     : Kafka startTimeMs: 1782120550099
2026-06-22T14:59:10.104+05:30  INFO 80681 --- [application-service] [vice-producer-1] org.apache.kafka.clients.Metadata        : [Producer clientId=application-service-producer-1] Cluster ID: FZ5fgxe8QsiYlf7uOpvVWA
2026-06-22T14:59:10.104+05:30  INFO 80681 --- [application-service] [vice-producer-1] o.a.k.c.p.internals.TransactionManager   : [Producer clientId=application-service-producer-1] ProducerId set to 18 with epoch 0
2026-06-22T14:59:10.119+05:30  INFO 80681 --- [application-service] [nio-8083-exec-1] c.t.audit.client.AuditLogClient          : Audit event published | entityType=APPLICATION | entityId=202 | action=CREATE
2026-06-22T14:59:10.129+05:30  INFO 80681 --- [application-service] [nio-8083-exec-1] c.t.a.k.p.ApplicationEventProducer       : Published APPLICATION_APPLIED event to topic=application-events for applicationId=202
2026-06-22T14:59:10.130+05:30  INFO 80681 --- [application-service] [vice-producer-1] c.t.kafka.producer.KafkaProducerService  : Event published successfully | topic=system-events | partition=0 | offset=51 | eventType=AUDIT_LOG_ENTRY
2026-06-22T14:59:10.134+05:30  INFO 80681 --- [application-service] [vice-producer-1] c.t.kafka.producer.KafkaProducerService  : Event published successfully | topic=application-events | partition=2 | offset=7 | eventType=APPLICATION_APPLIED
Hibernate: insert into application (ai_rationale,ai_score,applied_at,blocked_from_reapply,candidate_id,current_stage,demand_id,final_round_at,free_notes,hired_at,interview_at,offer_at,referral_code,rejected_at,rejection_reason,resume_file_path,resume_original_filename,screening_at,source,stage_move_reason,technical_at,withdrawn_at,withdrawn_reason,application_id) values (?,?,?,?,?,?,?,?,?,?,?,?,?,?,?,?,?,?,?,?,?,?,?,?)
2026-06-22T14:59:10.142+05:30  INFO 80681 --- [application-service] [ntainer#0-2-C-1] c.t.a.kafka.ApplicationEventTranslator   : [APPLICATION-TRANSLATOR] ▶ Message received | topic=application-events | partition=2 | offset=7
2026-06-22T14:59:10.145+05:30  INFO 80681 --- [application-service] [ntainer#0-2-C-1] c.t.kafka.consumer.BaseKafkaConsumer     : [KAFKA-CONSUMER] Received event | type=APPLICATION_APPLIED | eventId=a165a8ba-339a-474d-81ea-3c8397e91109 | source=application-service | correlationId=03aaf122-d952-443c-af09-248e4668c07f
2026-06-22T14:59:10.145+05:30  INFO 80681 --- [application-service] [ntainer#0-2-C-1] c.t.a.kafka.ApplicationEventTranslator   : [APPLICATION-TRANSLATOR] Translating event | type=APPLICATION_APPLIED | applicationId=202 | candidateId=4
Hibernate: insert into application_matched_skills (application_id,skill) values (?,?)
Hibernate: insert into application_matched_skills (application_id,skill) values (?,?)
2026-06-22T14:59:10.150+05:30  INFO 80681 --- [application-service] [ntainer#0-2-C-1] c.t.a.kafka.ApplicationEventTranslator   : [APPLICATION-TRANSLATOR] ✓ NOTIFICATION_SEND published | applicationId=202 | type=APPLICATION_APPLIED
Hibernate: insert into application_missing_skills (application_id,skill) values (?,?)
Hibernate: insert into application_missing_skills (application_id,skill) values (?,?)
Hibernate: insert into application_other_skills (application_id,skill) values (?,?)
2026-06-22T14:59:10.153+05:30  INFO 80681 --- [application-service] [vice-producer-1] c.t.kafka.producer.KafkaProducerService  : Event published successfully | topic=notification.send | partition=1 | offset=10 | eventType=NOTIFICATION_SEND
Hibernate: insert into application_other_skills (application_id,skill) values (?,?)
2026-06-22T15:00:17.861+05:30  WARN 80681 --- [application-service] [nio-8083-exec-4] c.t.application.filter.JwtAuthFilter     : JWT validation failed: JWT expired 6987858 milliseconds ago at 2026-06-22T07:33:50.000Z. Current time: 2026-06-22T09:30:17.858Z. Allowed clock skew: 0 milliseconds.
Hibernate: select a1_0.application_id,a1_0.ai_rationale,a1_0.ai_score,a1_0.applied_at,a1_0.blocked_from_reapply,a1_0.candidate_id,a1_0.current_stage,a1_0.demand_id,a1_0.final_round_at,a1_0.free_notes,a1_0.hired_at,a1_0.interview_at,a1_0.offer_at,a1_0.referral_code,a1_0.rejected_at,a1_0.rejection_reason,a1_0.resume_file_path,a1_0.resume_original_filename,a1_0.screening_at,a1_0.source,a1_0.stage_move_reason,a1_0.technical_at,a1_0.withdrawn_at,a1_0.withdrawn_reason from application a1_0 where a1_0.demand_id=? fetch first ? rows only
2026-06-22T15:00:39.481+05:30  WARN 80681 --- [application-service] [nio-8083-exec-5] ration$PageModule$WarningLoggingModifier : Serializing PageImpl instances as-is is not supported, meaning that there is no guarantee about the stability of the resulting JSON structure!
	For a stable JSON structure, please use Spring Data's PagedModel (globally via @EnableSpringDataWebSupport(pageSerializationMode = VIA_DTO))
	or Spring HATEOAS and Spring Data's PagedResourcesAssembler as documented in https://docs.spring.io/spring-data/commons/reference/repositories/core-extensions.html#core.web.pageables.

Hibernate: select ms1_0.application_id,ms1_0.skill from application_matched_skills ms1_0 where ms1_0.application_id=?
Hibernate: select ms1_0.application_id,ms1_0.skill from application_missing_skills ms1_0 where ms1_0.application_id=?
Hibernate: select os1_0.application_id,os1_0.skill from application_other_skills os1_0 where os1_0.application_id=?
2026-06-22T15:01:03.346+05:30  WARN 80681 --- [application-service] [nio-8083-exec-6] c.t.application.filter.JwtAuthFilter     : JWT validation failed: JWT expired 7033345 milliseconds ago at 2026-06-22T07:33:50.000Z. Current time: 2026-06-22T09:31:03.345Z. Allowed clock skew: 0 milliseconds.
Hibernate: select a1_0.application_id,a1_0.ai_rationale,a1_0.ai_score,a1_0.applied_at,a1_0.blocked_from_reapply,a1_0.candidate_id,a1_0.current_stage,a1_0.demand_id,a1_0.final_round_at,a1_0.free_notes,a1_0.hired_at,a1_0.interview_at,a1_0.offer_at,a1_0.referral_code,a1_0.rejected_at,a1_0.rejection_reason,a1_0.resume_file_path,a1_0.resume_original_filename,a1_0.screening_at,a1_0.source,a1_0.stage_move_reason,a1_0.technical_at,a1_0.withdrawn_at,a1_0.withdrawn_reason from application a1_0 where a1_0.application_id=?
Hibernate: select ms1_0.application_id,ms1_0.skill from application_matched_skills ms1_0 where ms1_0.application_id=?
Hibernate: select ms1_0.application_id,ms1_0.skill from application_missing_skills ms1_0 where ms1_0.application_id=?
Hibernate: select os1_0.application_id,os1_0.skill from application_other_skills os1_0 where os1_0.application_id=?
Hibernate: select a1_0.application_id,a1_0.ai_rationale,a1_0.ai_score,a1_0.applied_at,a1_0.blocked_from_reapply,a1_0.candidate_id,a1_0.current_stage,a1_0.demand_id,a1_0.final_round_at,a1_0.free_notes,a1_0.hired_at,a1_0.interview_at,a1_0.offer_at,a1_0.referral_code,a1_0.rejected_at,a1_0.rejection_reason,a1_0.resume_file_path,a1_0.resume_original_filename,a1_0.screening_at,a1_0.source,a1_0.stage_move_reason,a1_0.technical_at,a1_0.withdrawn_at,a1_0.withdrawn_reason from application a1_0 where a1_0.ai_score>=? fetch first ? rows only
Hibernate: select ms1_0.application_id,ms1_0.skill from application_matched_skills ms1_0 where ms1_0.application_id=?
Hibernate: select ms1_0.application_id,ms1_0.skill from application_missing_skills ms1_0 where ms1_0.application_id=?
Hibernate: select os1_0.application_id,os1_0.skill from application_other_skills os1_0 where os1_0.application_id=?
Hibernate: select ms1_0.application_id,ms1_0.skill from application_matched_skills ms1_0 where ms1_0.application_id=?
Hibernate: select ms1_0.application_id,ms1_0.skill from application_missing_skills ms1_0 where ms1_0.application_id=?
Hibernate: select os1_0.application_id,os1_0.skill from application_other_skills os1_0 where os1_0.application_id=?
Hibernate: select ms1_0.application_id,ms1_0.skill from application_matched_skills ms1_0 where ms1_0.application_id=?
Hibernate: select ms1_0.application_id,ms1_0.skill from application_missing_skills ms1_0 where ms1_0.application_id=?
Hibernate: select os1_0.application_id,os1_0.skill from application_other_skills os1_0 where os1_0.application_id=?
Hibernate: select ms1_0.application_id,ms1_0.skill from application_matched_skills ms1_0 where ms1_0.application_id=?
Hibernate: select ms1_0.application_id,ms1_0.skill from application_missing_skills ms1_0 where ms1_0.application_id=?
Hibernate: select os1_0.application_id,os1_0.skill from application_other_skills os1_0 where os1_0.application_id=?
Hibernate: select a1_0.application_id,a1_0.ai_rationale,a1_0.ai_score,a1_0.applied_at,a1_0.blocked_from_reapply,a1_0.candidate_id,a1_0.current_stage,a1_0.demand_id,a1_0.final_round_at,a1_0.free_notes,a1_0.hired_at,a1_0.interview_at,a1_0.offer_at,a1_0.referral_code,a1_0.rejected_at,a1_0.rejection_reason,a1_0.resume_file_path,a1_0.resume_original_filename,a1_0.screening_at,a1_0.source,a1_0.stage_move_reason,a1_0.technical_at,a1_0.withdrawn_at,a1_0.withdrawn_reason from application a1_0 where a1_0.application_id=?
Hibernate: select a1_0.application_id,a1_0.ai_rationale,a1_0.ai_score,a1_0.applied_at,a1_0.blocked_from_reapply,a1_0.candidate_id,a1_0.current_stage,a1_0.demand_id,a1_0.final_round_at,a1_0.free_notes,a1_0.hired_at,a1_0.interview_at,a1_0.offer_at,a1_0.referral_code,a1_0.rejected_at,a1_0.rejection_reason,a1_0.resume_file_path,a1_0.resume_original_filename,a1_0.screening_at,a1_0.source,a1_0.stage_move_reason,a1_0.technical_at,a1_0.withdrawn_at,a1_0.withdrawn_reason from application a1_0 where a1_0.application_id=?
Hibernate: select a1_0.application_id,a1_0.ai_rationale,a1_0.ai_score,a1_0.applied_at,a1_0.blocked_from_reapply,a1_0.candidate_id,a1_0.current_stage,a1_0.demand_id,a1_0.final_round_at,a1_0.free_notes,a1_0.hired_at,a1_0.interview_at,a1_0.offer_at,a1_0.referral_code,a1_0.rejected_at,a1_0.rejection_reason,a1_0.resume_file_path,a1_0.resume_original_filename,a1_0.screening_at,a1_0.source,a1_0.stage_move_reason,a1_0.technical_at,a1_0.withdrawn_at,a1_0.withdrawn_reason from application a1_0 where a1_0.application_id=?
Hibernate: select a1_0.application_id,a1_0.ai_rationale,a1_0.ai_score,a1_0.applied_at,a1_0.blocked_from_reapply,a1_0.candidate_id,a1_0.current_stage,a1_0.demand_id,a1_0.final_round_at,a1_0.free_notes,a1_0.hired_at,a1_0.interview_at,a1_0.offer_at,a1_0.referral_code,a1_0.rejected_at,a1_0.rejection_reason,a1_0.resume_file_path,a1_0.resume_original_filename,a1_0.screening_at,a1_0.source,a1_0.stage_move_reason,a1_0.technical_at,a1_0.withdrawn_at,a1_0.withdrawn_reason from application a1_0 where a1_0.demand_id=? fetch first ? rows only
Hibernate: select ms1_0.application_id,ms1_0.skill from application_matched_skills ms1_0 where ms1_0.application_id=?
Hibernate: select ms1_0.application_id,ms1_0.skill from application_missing_skills ms1_0 where ms1_0.application_id=?
Hibernate: select os1_0.application_id,os1_0.skill from application_other_skills os1_0 where os1_0.application_id=?
Hibernate: select a1_0.application_id,a1_0.ai_rationale,a1_0.ai_score,a1_0.applied_at,a1_0.blocked_from_reapply,a1_0.candidate_id,a1_0.current_stage,a1_0.demand_id,a1_0.final_round_at,a1_0.free_notes,a1_0.hired_at,a1_0.interview_at,a1_0.offer_at,a1_0.referral_code,a1_0.rejected_at,a1_0.rejection_reason,a1_0.resume_file_path,a1_0.resume_original_filename,a1_0.screening_at,a1_0.source,a1_0.stage_move_reason,a1_0.technical_at,a1_0.withdrawn_at,a1_0.withdrawn_reason from application a1_0 where a1_0.application_id=?
Hibernate: select ms1_0.application_id,ms1_0.skill from application_matched_skills ms1_0 where ms1_0.application_id=?
Hibernate: select ms1_0.application_id,ms1_0.skill from application_missing_skills ms1_0 where ms1_0.application_id=?
Hibernate: select os1_0.application_id,os1_0.skill from application_other_skills os1_0 where os1_0.application_id=?
Hibernate: select a1_0.application_id,a1_0.ai_rationale,a1_0.ai_score,a1_0.applied_at,a1_0.blocked_from_reapply,a1_0.candidate_id,a1_0.current_stage,a1_0.demand_id,a1_0.final_round_at,a1_0.free_notes,a1_0.hired_at,a1_0.interview_at,a1_0.offer_at,a1_0.referral_code,a1_0.rejected_at,a1_0.rejection_reason,a1_0.resume_file_path,a1_0.resume_original_filename,a1_0.screening_at,a1_0.source,a1_0.stage_move_reason,a1_0.technical_at,a1_0.withdrawn_at,a1_0.withdrawn_reason from application a1_0 where a1_0.ai_score>=? fetch first ? rows only
Hibernate: select ms1_0.application_id,ms1_0.skill from application_matched_skills ms1_0 where ms1_0.application_id=?
Hibernate: select ms1_0.application_id,ms1_0.skill from application_missing_skills ms1_0 where ms1_0.application_id=?
Hibernate: select os1_0.application_id,os1_0.skill from application_other_skills os1_0 where os1_0.application_id=?
Hibernate: select ms1_0.application_id,ms1_0.skill from application_matched_skills ms1_0 where ms1_0.application_id=?
Hibernate: select ms1_0.application_id,ms1_0.skill from application_missing_skills ms1_0 where ms1_0.application_id=?
Hibernate: select os1_0.application_id,os1_0.skill from application_other_skills os1_0 where os1_0.application_id=?
Hibernate: select ms1_0.application_id,ms1_0.skill from application_matched_skills ms1_0 where ms1_0.application_id=?
Hibernate: select ms1_0.application_id,ms1_0.skill from application_missing_skills ms1_0 where ms1_0.application_id=?
Hibernate: select os1_0.application_id,os1_0.skill from application_other_skills os1_0 where os1_0.application_id=?
Hibernate: select ms1_0.application_id,ms1_0.skill from application_matched_skills ms1_0 where ms1_0.application_id=?
Hibernate: select ms1_0.application_id,ms1_0.skill from application_missing_skills ms1_0 where ms1_0.application_id=?
Hibernate: select os1_0.application_id,os1_0.skill from application_other_skills os1_0 where os1_0.application_id=?
Hibernate: select a1_0.application_id,a1_0.ai_rationale,a1_0.ai_score,a1_0.applied_at,a1_0.blocked_from_reapply,a1_0.candidate_id,a1_0.current_stage,a1_0.demand_id,a1_0.final_round_at,a1_0.free_notes,a1_0.hired_at,a1_0.interview_at,a1_0.offer_at,a1_0.referral_code,a1_0.rejected_at,a1_0.rejection_reason,a1_0.resume_file_path,a1_0.resume_original_filename,a1_0.screening_at,a1_0.source,a1_0.stage_move_reason,a1_0.technical_at,a1_0.withdrawn_at,a1_0.withdrawn_reason from application a1_0 where a1_0.application_id=?
Hibernate: select a1_0.application_id,a1_0.ai_rationale,a1_0.ai_score,a1_0.applied_at,a1_0.blocked_from_reapply,a1_0.candidate_id,a1_0.current_stage,a1_0.demand_id,a1_0.final_round_at,a1_0.free_notes,a1_0.hired_at,a1_0.interview_at,a1_0.offer_at,a1_0.referral_code,a1_0.rejected_at,a1_0.rejection_reason,a1_0.resume_file_path,a1_0.resume_original_filename,a1_0.screening_at,a1_0.source,a1_0.stage_move_reason,a1_0.technical_at,a1_0.withdrawn_at,a1_0.withdrawn_reason from application a1_0 where a1_0.application_id=?
2026-06-22T15:04:35.145+05:30  INFO 80681 --- [application-service] [nio-8083-exec-1] c.t.audit.client.AuditLogClient          : Audit event published | entityType=APPLICATION | entityId=202 | action=STATUS_CHANGE
2026-06-22T15:04:35.152+05:30  INFO 80681 --- [application-service] [vice-producer-1] c.t.kafka.producer.KafkaProducerService  : Event published successfully | topic=system-events | partition=0 | offset=53 | eventType=AUDIT_LOG_ENTRY
2026-06-22T15:04:35.152+05:30  INFO 80681 --- [application-service] [nio-8083-exec-1] c.t.a.k.p.ApplicationEventProducer       : Published APPLICATION_TECHNICAL event to topic=application-events for applicationId=202
2026-06-22T15:04:35.155+05:30  INFO 80681 --- [application-service] [vice-producer-1] c.t.kafka.producer.KafkaProducerService  : Event published successfully | topic=application-events | partition=2 | offset=8 | eventType=APPLICATION_TECHNICAL
2026-06-22T15:04:35.158+05:30  INFO 80681 --- [application-service] [ntainer#0-2-C-1] c.t.a.kafka.ApplicationEventTranslator   : [APPLICATION-TRANSLATOR] ▶ Message received | topic=application-events | partition=2 | offset=8
2026-06-22T15:04:35.159+05:30  INFO 80681 --- [application-service] [ntainer#0-2-C-1] c.t.kafka.consumer.BaseKafkaConsumer     : [KAFKA-CONSUMER] Received event | type=APPLICATION_TECHNICAL | eventId=36ba9ed0-5f75-4a87-b9df-433800bfee65 | source=application-service | correlationId=2574d93c-e349-47d4-b0f1-38ec0fef59e7
2026-06-22T15:04:35.159+05:30  INFO 80681 --- [application-service] [ntainer#0-2-C-1] c.t.a.kafka.ApplicationEventTranslator   : [APPLICATION-TRANSLATOR] Translating event | type=APPLICATION_TECHNICAL | applicationId=202 | candidateId=4
2026-06-22T15:04:35.160+05:30  INFO 80681 --- [application-service] [ntainer#0-2-C-1] c.t.a.kafka.ApplicationEventTranslator   : [APPLICATION-TRANSLATOR] ✓ NOTIFICATION_SEND published | applicationId=202 | type=APPLICATION_TECHNICAL
Hibernate: update application set ai_rationale=?,ai_score=?,blocked_from_reapply=?,candidate_id=?,current_stage=?,demand_id=?,final_round_at=?,free_notes=?,hired_at=?,interview_at=?,offer_at=?,referral_code=?,rejected_at=?,rejection_reason=?,resume_file_path=?,resume_original_filename=?,screening_at=?,source=?,stage_move_reason=?,technical_at=?,withdrawn_at=?,withdrawn_reason=? where application_id=?
2026-06-22T15:04:35.163+05:30  INFO 80681 --- [application-service] [vice-producer-1] c.t.kafka.producer.KafkaProducerService  : Event published successfully | topic=notification.send | partition=1 | offset=12 | eventType=NOTIFICATION_SEND
Hibernate: select ms1_0.application_id,ms1_0.skill from application_matched_skills ms1_0 where ms1_0.application_id=?
Hibernate: select ms1_0.application_id,ms1_0.skill from application_missing_skills ms1_0 where ms1_0.application_id=?
Hibernate: select os1_0.application_id,os1_0.skill from application_other_skills os1_0 where os1_0.application_id=?
Hibernate: select a1_0.application_id,a1_0.ai_rationale,a1_0.ai_score,a1_0.applied_at,a1_0.blocked_from_reapply,a1_0.candidate_id,a1_0.current_stage,a1_0.demand_id,a1_0.final_round_at,a1_0.free_notes,a1_0.hired_at,a1_0.interview_at,a1_0.offer_at,a1_0.referral_code,a1_0.rejected_at,a1_0.rejection_reason,a1_0.resume_file_path,a1_0.resume_original_filename,a1_0.screening_at,a1_0.source,a1_0.stage_move_reason,a1_0.technical_at,a1_0.withdrawn_at,a1_0.withdrawn_reason from application a1_0 where a1_0.application_id=?
Hibernate: select a1_0.application_id,a1_0.ai_rationale,a1_0.ai_score,a1_0.applied_at,a1_0.blocked_from_reapply,a1_0.candidate_id,a1_0.current_stage,a1_0.demand_id,a1_0.final_round_at,a1_0.free_notes,a1_0.hired_at,a1_0.interview_at,a1_0.offer_at,a1_0.referral_code,a1_0.rejected_at,a1_0.rejection_reason,a1_0.resume_file_path,a1_0.resume_original_filename,a1_0.screening_at,a1_0.source,a1_0.stage_move_reason,a1_0.technical_at,a1_0.withdrawn_at,a1_0.withdrawn_reason from application a1_0 where a1_0.application_id=?
Hibernate: select ms1_0.application_id,ms1_0.skill from application_matched_skills ms1_0 where ms1_0.application_id=?
Hibernate: select ms1_0.application_id,ms1_0.skill from application_missing_skills ms1_0 where ms1_0.application_id=?
Hibernate: select os1_0.application_id,os1_0.skill from application_other_skills os1_0 where os1_0.application_id=?
Hibernate: select a1_0.application_id,a1_0.ai_rationale,a1_0.ai_score,a1_0.applied_at,a1_0.blocked_from_reapply,a1_0.candidate_id,a1_0.current_stage,a1_0.demand_id,a1_0.final_round_at,a1_0.free_notes,a1_0.hired_at,a1_0.interview_at,a1_0.offer_at,a1_0.referral_code,a1_0.rejected_at,a1_0.rejection_reason,a1_0.resume_file_path,a1_0.resume_original_filename,a1_0.screening_at,a1_0.source,a1_0.stage_move_reason,a1_0.technical_at,a1_0.withdrawn_at,a1_0.withdrawn_reason from application a1_0 where a1_0.application_id=?
2026-06-22T15:07:15.795+05:30  INFO 80681 --- [application-service] [nio-8083-exec-5] c.t.audit.client.AuditLogClient          : Audit event published | entityType=APPLICATION | entityId=202 | action=STATUS_CHANGE
2026-06-22T15:07:15.795+05:30  INFO 80681 --- [application-service] [nio-8083-exec-5] c.t.a.k.p.ApplicationEventProducer       : Published APPLICATION_INTERVIEW event to topic=application-events for applicationId=202
Hibernate: update application set ai_rationale=?,ai_score=?,blocked_from_reapply=?,candidate_id=?,current_stage=?,demand_id=?,final_round_at=?,free_notes=?,hired_at=?,interview_at=?,offer_at=?,referral_code=?,rejected_at=?,rejection_reason=?,resume_file_path=?,resume_original_filename=?,screening_at=?,source=?,stage_move_reason=?,technical_at=?,withdrawn_at=?,withdrawn_reason=? where application_id=?
2026-06-22T15:07:15.800+05:30  INFO 80681 --- [application-service] [vice-producer-1] c.t.kafka.producer.KafkaProducerService  : Event published successfully | topic=system-events | partition=0 | offset=54 | eventType=AUDIT_LOG_ENTRY
2026-06-22T15:07:15.801+05:30  INFO 80681 --- [application-service] [vice-producer-1] c.t.kafka.producer.KafkaProducerService  : Event published successfully | topic=application-events | partition=2 | offset=9 | eventType=APPLICATION_INTERVIEW
2026-06-22T15:07:15.803+05:30  INFO 80681 --- [application-service] [ntainer#0-2-C-1] c.t.a.kafka.ApplicationEventTranslator   : [APPLICATION-TRANSLATOR] ▶ Message received | topic=application-events | partition=2 | offset=9
Hibernate: select ms1_0.application_id,ms1_0.skill from application_matched_skills ms1_0 where ms1_0.application_id=?
2026-06-22T15:07:15.804+05:30  INFO 80681 --- [application-service] [ntainer#0-2-C-1] c.t.kafka.consumer.BaseKafkaConsumer     : [KAFKA-CONSUMER] Received event | type=APPLICATION_INTERVIEW | eventId=2352aeb2-59a3-4387-9454-673facf2705e | source=application-service | correlationId=eead0efc-9dc1-4e45-ac20-cf7c6f4bc442
2026-06-22T15:07:15.804+05:30  INFO 80681 --- [application-service] [ntainer#0-2-C-1] c.t.a.kafka.ApplicationEventTranslator   : [APPLICATION-TRANSLATOR] Translating event | type=APPLICATION_INTERVIEW | applicationId=202 | candidateId=4
Hibernate: select ms1_0.application_id,ms1_0.skill from application_missing_skills ms1_0 where ms1_0.application_id=?
2026-06-22T15:07:15.804+05:30  INFO 80681 --- [application-service] [ntainer#0-2-C-1] c.t.a.kafka.ApplicationEventTranslator   : [APPLICATION-TRANSLATOR] ✓ NOTIFICATION_SEND published | applicationId=202 | type=APPLICATION_INTERVIEW
Hibernate: select os1_0.application_id,os1_0.skill from application_other_skills os1_0 where os1_0.application_id=?
2026-06-22T15:07:15.805+05:30  INFO 80681 --- [application-service] [vice-producer-1] c.t.kafka.producer.KafkaProducerService  : Event published successfully | topic=notification.send | partition=1 | offset=13 | eventType=NOTIFICATION_SEND
2026-06-22T15:08:15.813+05:30  INFO 80681 --- [application-service] [vice-producer-1] org.apache.kafka.clients.NetworkClient   : [Producer clientId=application-service-producer-1] Node -1 disconnected.
Hibernate: select a1_0.application_id,a1_0.ai_rationale,a1_0.ai_score,a1_0.applied_at,a1_0.blocked_from_reapply,a1_0.candidate_id,a1_0.current_stage,a1_0.demand_id,a1_0.final_round_at,a1_0.free_notes,a1_0.hired_at,a1_0.interview_at,a1_0.offer_at,a1_0.referral_code,a1_0.rejected_at,a1_0.rejection_reason,a1_0.resume_file_path,a1_0.resume_original_filename,a1_0.screening_at,a1_0.source,a1_0.stage_move_reason,a1_0.technical_at,a1_0.withdrawn_at,a1_0.withdrawn_reason from application a1_0 where a1_0.application_id=?
2026-06-22T15:09:38.625+05:30  INFO 80681 --- [application-service] [nio-8083-exec-7] c.t.audit.client.AuditLogClient          : Audit event published | entityType=APPLICATION | entityId=202 | action=STATUS_CHANGE
2026-06-22T15:09:38.627+05:30  INFO 80681 --- [application-service] [nio-8083-exec-7] c.t.a.k.p.ApplicationEventProducer       : Published APPLICATION_FINAL_ROUND event to topic=application-events for applicationId=202
Hibernate: update application set ai_rationale=?,ai_score=?,blocked_from_reapply=?,candidate_id=?,current_stage=?,demand_id=?,final_round_at=?,free_notes=?,hired_at=?,interview_at=?,offer_at=?,referral_code=?,rejected_at=?,rejection_reason=?,resume_file_path=?,resume_original_filename=?,screening_at=?,source=?,stage_move_reason=?,technical_at=?,withdrawn_at=?,withdrawn_reason=? where application_id=?
Hibernate: select ms1_0.application_id,ms1_0.skill from application_matched_skills ms1_0 where ms1_0.application_id=?
Hibernate: select ms1_0.application_id,ms1_0.skill from application_missing_skills ms1_0 where ms1_0.application_id=?
Hibernate: select os1_0.application_id,os1_0.skill from application_other_skills os1_0 where os1_0.application_id=?
2026-06-22T15:09:38.648+05:30  INFO 80681 --- [application-service] [vice-producer-1] c.t.kafka.producer.KafkaProducerService  : Event published successfully | topic=system-events | partition=0 | offset=58 | eventType=AUDIT_LOG_ENTRY
2026-06-22T15:09:38.650+05:30  INFO 80681 --- [application-service] [vice-producer-1] c.t.kafka.producer.KafkaProducerService  : Event published successfully | topic=application-events | partition=2 | offset=10 | eventType=APPLICATION_FINAL_ROUND
2026-06-22T15:09:38.662+05:30  INFO 80681 --- [application-service] [ntainer#0-2-C-1] c.t.a.kafka.ApplicationEventTranslator   : [APPLICATION-TRANSLATOR] ▶ Message received | topic=application-events | partition=2 | offset=10
2026-06-22T15:09:38.663+05:30  INFO 80681 --- [application-service] [ntainer#0-2-C-1] c.t.kafka.consumer.BaseKafkaConsumer     : [KAFKA-CONSUMER] Received event | type=APPLICATION_FINAL_ROUND | eventId=bf0197bd-fe0a-4070-b66f-10fe02e81d08 | source=application-service | correlationId=41ce815c-9a43-4760-b79f-3af4dee172ed
2026-06-22T15:09:38.663+05:30  INFO 80681 --- [application-service] [ntainer#0-2-C-1] c.t.a.kafka.ApplicationEventTranslator   : [APPLICATION-TRANSLATOR] Translating event | type=APPLICATION_FINAL_ROUND | applicationId=202 | candidateId=4
2026-06-22T15:09:38.667+05:30  INFO 80681 --- [application-service] [ntainer#0-2-C-1] c.t.a.kafka.ApplicationEventTranslator   : [APPLICATION-TRANSLATOR] ✓ NOTIFICATION_SEND published | applicationId=202 | type=APPLICATION_FINAL_ROUND
2026-06-22T15:09:38.670+05:30  INFO 80681 --- [application-service] [vice-producer-1] c.t.kafka.producer.KafkaProducerService  : Event published successfully | topic=notification.send | partition=1 | offset=15 | eventType=NOTIFICATION_SEND
Hibernate: select a1_0.application_id,a1_0.ai_rationale,a1_0.ai_score,a1_0.applied_at,a1_0.blocked_from_reapply,a1_0.candidate_id,a1_0.current_stage,a1_0.demand_id,a1_0.final_round_at,a1_0.free_notes,a1_0.hired_at,a1_0.interview_at,a1_0.offer_at,a1_0.referral_code,a1_0.rejected_at,a1_0.rejection_reason,a1_0.resume_file_path,a1_0.resume_original_filename,a1_0.screening_at,a1_0.source,a1_0.stage_move_reason,a1_0.technical_at,a1_0.withdrawn_at,a1_0.withdrawn_reason from application a1_0 where a1_0.application_id=?
Hibernate: select ms1_0.application_id,ms1_0.skill from application_matched_skills ms1_0 where ms1_0.application_id=?
Hibernate: select ms1_0.application_id,ms1_0.skill from application_missing_skills ms1_0 where ms1_0.application_id=?
Hibernate: select os1_0.application_id,os1_0.skill from application_other_skills os1_0 where os1_0.application_id=?
Hibernate: select a1_0.application_id,a1_0.ai_rationale,a1_0.ai_score,a1_0.applied_at,a1_0.blocked_from_reapply,a1_0.candidate_id,a1_0.current_stage,a1_0.demand_id,a1_0.final_round_at,a1_0.free_notes,a1_0.hired_at,a1_0.interview_at,a1_0.offer_at,a1_0.referral_code,a1_0.rejected_at,a1_0.rejection_reason,a1_0.resume_file_path,a1_0.resume_original_filename,a1_0.screening_at,a1_0.source,a1_0.stage_move_reason,a1_0.technical_at,a1_0.withdrawn_at,a1_0.withdrawn_reason from application a1_0 where a1_0.application_id=?
2026-06-22T15:11:20.548+05:30  INFO 80681 --- [application-service] [io-8083-exec-10] c.t.audit.client.AuditLogClient          : Audit event published | entityType=APPLICATION | entityId=202 | action=STATUS_CHANGE
2026-06-22T15:11:20.549+05:30  INFO 80681 --- [application-service] [io-8083-exec-10] c.t.a.k.p.ApplicationEventProducer       : Published APPLICATION_OFFERED event to topic=application-events for applicationId=202
Hibernate: update application set ai_rationale=?,ai_score=?,blocked_from_reapply=?,candidate_id=?,current_stage=?,demand_id=?,final_round_at=?,free_notes=?,hired_at=?,interview_at=?,offer_at=?,referral_code=?,rejected_at=?,rejection_reason=?,resume_file_path=?,resume_original_filename=?,screening_at=?,source=?,stage_move_reason=?,technical_at=?,withdrawn_at=?,withdrawn_reason=? where application_id=?
Hibernate: select ms1_0.application_id,ms1_0.skill from application_matched_skills ms1_0 where ms1_0.application_id=?
Hibernate: select ms1_0.application_id,ms1_0.skill from application_missing_skills ms1_0 where ms1_0.application_id=?
Hibernate: select os1_0.application_id,os1_0.skill from application_other_skills os1_0 where os1_0.application_id=?
2026-06-22T15:11:20.556+05:30  INFO 80681 --- [application-service] [vice-producer-1] c.t.kafka.producer.KafkaProducerService  : Event published successfully | topic=system-events | partition=0 | offset=59 | eventType=AUDIT_LOG_ENTRY
2026-06-22T15:11:20.560+05:30  INFO 80681 --- [application-service] [vice-producer-1] c.t.kafka.producer.KafkaProducerService  : Event published successfully | topic=application-events | partition=2 | offset=11 | eventType=APPLICATION_OFFERED
2026-06-22T15:11:20.561+05:30  INFO 80681 --- [application-service] [ntainer#0-2-C-1] c.t.a.kafka.ApplicationEventTranslator   : [APPLICATION-TRANSLATOR] ▶ Message received | topic=application-events | partition=2 | offset=11
2026-06-22T15:11:20.562+05:30  INFO 80681 --- [application-service] [ntainer#0-2-C-1] c.t.kafka.consumer.BaseKafkaConsumer     : [KAFKA-CONSUMER] Received event | type=APPLICATION_OFFERED | eventId=6c09065a-6e5a-4043-becb-bab4ad7f7d96 | source=application-service | correlationId=c5a8b6a4-b63b-47c5-9c11-6cf9aefc41e0
2026-06-22T15:11:20.562+05:30  INFO 80681 --- [application-service] [ntainer#0-2-C-1] c.t.a.kafka.ApplicationEventTranslator   : [APPLICATION-TRANSLATOR] Translating event | type=APPLICATION_OFFERED | applicationId=202 | candidateId=4
Hibernate: select a1_0.application_id,a1_0.ai_rationale,a1_0.ai_score,a1_0.applied_at,a1_0.blocked_from_reapply,a1_0.candidate_id,a1_0.current_stage,a1_0.demand_id,a1_0.final_round_at,a1_0.free_notes,a1_0.hired_at,a1_0.interview_at,a1_0.offer_at,a1_0.referral_code,a1_0.rejected_at,a1_0.rejection_reason,a1_0.resume_file_path,a1_0.resume_original_filename,a1_0.screening_at,a1_0.source,a1_0.stage_move_reason,a1_0.technical_at,a1_0.withdrawn_at,a1_0.withdrawn_reason from application a1_0 where a1_0.application_id=?
2026-06-22T15:11:20.562+05:30  INFO 80681 --- [application-service] [ntainer#0-2-C-1] c.t.a.kafka.ApplicationEventTranslator   : [APPLICATION-TRANSLATOR] ✓ NOTIFICATION_SEND published | applicationId=202 | type=APPLICATION_OFFERED
Hibernate: select ms1_0.application_id,ms1_0.skill from application_matched_skills ms1_0 where ms1_0.application_id=?
Hibernate: select ms1_0.application_id,ms1_0.skill from application_missing_skills ms1_0 where ms1_0.application_id=?
2026-06-22T15:11:20.564+05:30  INFO 80681 --- [application-service] [vice-producer-1] c.t.kafka.producer.KafkaProducerService  : Event published successfully | topic=notification.send | partition=1 | offset=16 | eventType=NOTIFICATION_SEND
Hibernate: select os1_0.application_id,os1_0.skill from application_other_skills os1_0 where os1_0.application_id=?
Hibernate: select a1_0.application_id,a1_0.ai_rationale,a1_0.ai_score,a1_0.applied_at,a1_0.blocked_from_reapply,a1_0.candidate_id,a1_0.current_stage,a1_0.demand_id,a1_0.final_round_at,a1_0.free_notes,a1_0.hired_at,a1_0.interview_at,a1_0.offer_at,a1_0.referral_code,a1_0.rejected_at,a1_0.rejection_reason,a1_0.resume_file_path,a1_0.resume_original_filename,a1_0.screening_at,a1_0.source,a1_0.stage_move_reason,a1_0.technical_at,a1_0.withdrawn_at,a1_0.withdrawn_reason from application a1_0 where a1_0.application_id=?
Hibernate: select ms1_0.application_id,ms1_0.skill from application_matched_skills ms1_0 where ms1_0.application_id=?
Hibernate: select ms1_0.application_id,ms1_0.skill from application_missing_skills ms1_0 where ms1_0.application_id=?
Hibernate: select os1_0.application_id,os1_0.skill from application_other_skills os1_0 where os1_0.application_id=?
Hibernate: select a1_0.application_id,a1_0.ai_rationale,a1_0.ai_score,a1_0.applied_at,a1_0.blocked_from_reapply,a1_0.candidate_id,a1_0.current_stage,a1_0.demand_id,a1_0.final_round_at,a1_0.free_notes,a1_0.hired_at,a1_0.interview_at,a1_0.offer_at,a1_0.referral_code,a1_0.rejected_at,a1_0.rejection_reason,a1_0.resume_file_path,a1_0.resume_original_filename,a1_0.screening_at,a1_0.source,a1_0.stage_move_reason,a1_0.technical_at,a1_0.withdrawn_at,a1_0.withdrawn_reason from application a1_0 where a1_0.application_id=?
Hibernate: select ms1_0.application_id,ms1_0.skill from application_matched_skills ms1_0 where ms1_0.application_id=?
Hibernate: select ms1_0.application_id,ms1_0.skill from application_missing_skills ms1_0 where ms1_0.application_id=?
Hibernate: select os1_0.application_id,os1_0.skill from application_other_skills os1_0 where os1_0.application_id=?
Hibernate: select a1_0.application_id,a1_0.ai_rationale,a1_0.ai_score,a1_0.applied_at,a1_0.blocked_from_reapply,a1_0.candidate_id,a1_0.current_stage,a1_0.demand_id,a1_0.final_round_at,a1_0.free_notes,a1_0.hired_at,a1_0.interview_at,a1_0.offer_at,a1_0.referral_code,a1_0.rejected_at,a1_0.rejection_reason,a1_0.resume_file_path,a1_0.resume_original_filename,a1_0.screening_at,a1_0.source,a1_0.stage_move_reason,a1_0.technical_at,a1_0.withdrawn_at,a1_0.withdrawn_reason from application a1_0 where a1_0.application_id=?
Hibernate: select ms1_0.application_id,ms1_0.skill from application_matched_skills ms1_0 where ms1_0.application_id=?
Hibernate: select ms1_0.application_id,ms1_0.skill from application_missing_skills ms1_0 where ms1_0.application_id=?
Hibernate: select os1_0.application_id,os1_0.skill from application_other_skills os1_0 where os1_0.application_id=?
Hibernate: select a1_0.application_id,a1_0.ai_rationale,a1_0.ai_score,a1_0.applied_at,a1_0.blocked_from_reapply,a1_0.candidate_id,a1_0.current_stage,a1_0.demand_id,a1_0.final_round_at,a1_0.free_notes,a1_0.hired_at,a1_0.interview_at,a1_0.offer_at,a1_0.referral_code,a1_0.rejected_at,a1_0.rejection_reason,a1_0.resume_file_path,a1_0.resume_original_filename,a1_0.screening_at,a1_0.source,a1_0.stage_move_reason,a1_0.technical_at,a1_0.withdrawn_at,a1_0.withdrawn_reason from application a1_0 where a1_0.application_id=?
Hibernate: select ms1_0.application_id,ms1_0.skill from application_matched_skills ms1_0 where ms1_0.application_id=?
Hibernate: select ms1_0.application_id,ms1_0.skill from application_missing_skills ms1_0 where ms1_0.application_id=?
Hibernate: select os1_0.application_id,os1_0.skill from application_other_skills os1_0 where os1_0.application_id=?
Hibernate: select a1_0.application_id,a1_0.ai_rationale,a1_0.ai_score,a1_0.applied_at,a1_0.blocked_from_reapply,a1_0.candidate_id,a1_0.current_stage,a1_0.demand_id,a1_0.final_round_at,a1_0.free_notes,a1_0.hired_at,a1_0.interview_at,a1_0.offer_at,a1_0.referral_code,a1_0.rejected_at,a1_0.rejection_reason,a1_0.resume_file_path,a1_0.resume_original_filename,a1_0.screening_at,a1_0.source,a1_0.stage_move_reason,a1_0.technical_at,a1_0.withdrawn_at,a1_0.withdrawn_reason from application a1_0 where a1_0.application_id=?
Hibernate: select ms1_0.application_id,ms1_0.skill from application_matched_skills ms1_0 where ms1_0.application_id=?
Hibernate: select ms1_0.application_id,ms1_0.skill from application_missing_skills ms1_0 where ms1_0.application_id=?
Hibernate: select os1_0.application_id,os1_0.skill from application_other_skills os1_0 where os1_0.application_id=?
Hibernate: select a1_0.application_id,a1_0.ai_rationale,a1_0.ai_score,a1_0.applied_at,a1_0.blocked_from_reapply,a1_0.candidate_id,a1_0.current_stage,a1_0.demand_id,a1_0.final_round_at,a1_0.free_notes,a1_0.hired_at,a1_0.interview_at,a1_0.offer_at,a1_0.referral_code,a1_0.rejected_at,a1_0.rejection_reason,a1_0.resume_file_path,a1_0.resume_original_filename,a1_0.screening_at,a1_0.source,a1_0.stage_move_reason,a1_0.technical_at,a1_0.withdrawn_at,a1_0.withdrawn_reason from application a1_0 where a1_0.application_id=?
Hibernate: select ms1_0.application_id,ms1_0.skill from application_matched_skills ms1_0 where ms1_0.application_id=?
Hibernate: select ms1_0.application_id,ms1_0.skill from application_missing_skills ms1_0 where ms1_0.application_id=?
Hibernate: select os1_0.application_id,os1_0.skill from application_other_skills os1_0 where os1_0.application_id=?
Hibernate: select a1_0.application_id,a1_0.ai_rationale,a1_0.ai_score,a1_0.applied_at,a1_0.blocked_from_reapply,a1_0.candidate_id,a1_0.current_stage,a1_0.demand_id,a1_0.final_round_at,a1_0.free_notes,a1_0.hired_at,a1_0.interview_at,a1_0.offer_at,a1_0.referral_code,a1_0.rejected_at,a1_0.rejection_reason,a1_0.resume_file_path,a1_0.resume_original_filename,a1_0.screening_at,a1_0.source,a1_0.stage_move_reason,a1_0.technical_at,a1_0.withdrawn_at,a1_0.withdrawn_reason from application a1_0 where a1_0.application_id=?
Hibernate: select ms1_0.application_id,ms1_0.skill from application_matched_skills ms1_0 where ms1_0.application_id=?
Hibernate: select ms1_0.application_id,ms1_0.skill from application_missing_skills ms1_0 where ms1_0.application_id=?
Hibernate: select os1_0.application_id,os1_0.skill from application_other_skills os1_0 where os1_0.application_id=?
Hibernate: select a1_0.application_id,a1_0.ai_rationale,a1_0.ai_score,a1_0.applied_at,a1_0.blocked_from_reapply,a1_0.candidate_id,a1_0.current_stage,a1_0.demand_id,a1_0.final_round_at,a1_0.free_notes,a1_0.hired_at,a1_0.interview_at,a1_0.offer_at,a1_0.referral_code,a1_0.rejected_at,a1_0.rejection_reason,a1_0.resume_file_path,a1_0.resume_original_filename,a1_0.screening_at,a1_0.source,a1_0.stage_move_reason,a1_0.technical_at,a1_0.withdrawn_at,a1_0.withdrawn_reason from application a1_0 where a1_0.application_id=?
Hibernate: select ms1_0.application_id,ms1_0.skill from application_matched_skills ms1_0 where ms1_0.application_id=?
Hibernate: select ms1_0.application_id,ms1_0.skill from application_missing_skills ms1_0 where ms1_0.application_id=?
Hibernate: select os1_0.application_id,os1_0.skill from application_other_skills os1_0 where os1_0.application_id=?
Hibernate: select a1_0.application_id,a1_0.ai_rationale,a1_0.ai_score,a1_0.applied_at,a1_0.blocked_from_reapply,a1_0.candidate_id,a1_0.current_stage,a1_0.demand_id,a1_0.final_round_at,a1_0.free_notes,a1_0.hired_at,a1_0.interview_at,a1_0.offer_at,a1_0.referral_code,a1_0.rejected_at,a1_0.rejection_reason,a1_0.resume_file_path,a1_0.resume_original_filename,a1_0.screening_at,a1_0.source,a1_0.stage_move_reason,a1_0.technical_at,a1_0.withdrawn_at,a1_0.withdrawn_reason from application a1_0 where a1_0.application_id=?
2026-06-22T15:16:37.290+05:30  INFO 80681 --- [application-service] [nio-8083-exec-3] c.t.audit.client.AuditLogClient          : Audit event published | entityType=APPLICATION | entityId=202 | action=STATUS_CHANGE
2026-06-22T15:16:37.291+05:30  INFO 80681 --- [application-service] [nio-8083-exec-3] c.t.a.k.p.ApplicationEventProducer       : Published APPLICATION_HIRED event to topic=application-events for applicationId=202
Hibernate: update application set ai_rationale=?,ai_score=?,blocked_from_reapply=?,candidate_id=?,current_stage=?,demand_id=?,final_round_at=?,free_notes=?,hired_at=?,interview_at=?,offer_at=?,referral_code=?,rejected_at=?,rejection_reason=?,resume_file_path=?,resume_original_filename=?,screening_at=?,source=?,stage_move_reason=?,technical_at=?,withdrawn_at=?,withdrawn_reason=? where application_id=?
2026-06-22T15:16:37.293+05:30  INFO 80681 --- [application-service] [vice-producer-1] c.t.kafka.producer.KafkaProducerService  : Event published successfully | topic=system-events | partition=0 | offset=68 | eventType=AUDIT_LOG_ENTRY
2026-06-22T15:16:37.293+05:30  INFO 80681 --- [application-service] [vice-producer-1] c.t.kafka.producer.KafkaProducerService  : Event published successfully | topic=application-events | partition=2 | offset=12 | eventType=APPLICATION_HIRED
2026-06-22T15:16:37.295+05:30  INFO 80681 --- [application-service] [ntainer#0-2-C-1] c.t.a.kafka.ApplicationEventTranslator   : [APPLICATION-TRANSLATOR] ▶ Message received | topic=application-events | partition=2 | offset=12
2026-06-22T15:16:37.296+05:30  INFO 80681 --- [application-service] [ntainer#0-2-C-1] c.t.kafka.consumer.BaseKafkaConsumer     : [KAFKA-CONSUMER] Received event | type=APPLICATION_HIRED | eventId=fddc2e53-1cce-45e3-94eb-59eb20f589a4 | source=application-service | correlationId=26351215-66ae-4107-9cbc-cb5f895121b6
2026-06-22T15:16:37.296+05:30  INFO 80681 --- [application-service] [ntainer#0-2-C-1] c.t.a.kafka.ApplicationEventTranslator   : [APPLICATION-TRANSLATOR] Translating event | type=APPLICATION_HIRED | applicationId=202 | candidateId=4
2026-06-22T15:16:37.297+05:30  INFO 80681 --- [application-service] [ntainer#0-2-C-1] c.t.a.kafka.ApplicationEventTranslator   : [APPLICATION-TRANSLATOR] ✓ NOTIFICATION_SEND published | applicationId=202 | type=APPLICATION_HIRED
Hibernate: select ms1_0.application_id,ms1_0.skill from application_matched_skills ms1_0 where ms1_0.application_id=?
Hibernate: select ms1_0.application_id,ms1_0.skill from application_missing_skills ms1_0 where ms1_0.application_id=?
Hibernate: select os1_0.application_id,os1_0.skill from application_other_skills os1_0 where os1_0.application_id=?
2026-06-22T15:16:37.299+05:30  INFO 80681 --- [application-service] [vice-producer-1] c.t.kafka.producer.KafkaProducerService  : Event published successfully | topic=notification.send | partition=1 | offset=17 | eventType=NOTIFICATION_SEND
2026-06-22T15:18:15.833+05:30  INFO 80681 --- [application-service] [vice-producer-1] org.apache.kafka.clients.NetworkClient   : [Producer clientId=application-service-producer-1] Node -1 disconnected.
Hibernate: select a1_0.application_id,a1_0.ai_rationale,a1_0.ai_score,a1_0.applied_at,a1_0.blocked_from_reapply,a1_0.candidate_id,a1_0.current_stage,a1_0.demand_id,a1_0.final_round_at,a1_0.free_notes,a1_0.hired_at,a1_0.interview_at,a1_0.offer_at,a1_0.referral_code,a1_0.rejected_at,a1_0.rejection_reason,a1_0.resume_file_path,a1_0.resume_original_filename,a1_0.screening_at,a1_0.source,a1_0.stage_move_reason,a1_0.technical_at,a1_0.withdrawn_at,a1_0.withdrawn_reason from application a1_0 where a1_0.application_id=?
Hibernate: select ms1_0.application_id,ms1_0.skill from application_matched_skills ms1_0 where ms1_0.application_id=?
Hibernate: select ms1_0.application_id,ms1_0.skill from application_missing_skills ms1_0 where ms1_0.application_id=?
Hibernate: select os1_0.application_id,os1_0.skill from application_other_skills os1_0 where os1_0.application_id=?
2026-06-22T15:55:36.957+05:30  INFO 80681 --- [application-service] [n-service-group] o.a.k.c.c.internals.ConsumerCoordinator  : [Consumer clientId=consumer-application-service-group-3, groupId=application-service-group] Group coordinator localhost:9092 (id: 2147483646 rack: null) is unavailable or invalid due to cause: session timed out without receiving a heartbeat response. isDisconnected: false. Rediscovery will be attempted.
2026-06-22T15:55:37.047+05:30  INFO 80681 --- [application-service] [n-service-group] o.a.k.c.c.internals.ConsumerCoordinator  : [Consumer clientId=consumer-application-service-group-3, groupId=application-service-group] Requesting disconnect from last known coordinator localhost:9092 (id: 2147483646 rack: null)
2026-06-22T15:55:37.053+05:30  INFO 80681 --- [application-service] [n-service-group] org.apache.kafka.clients.NetworkClient   : [Consumer clientId=consumer-application-service-group-3, groupId=application-service-group] Client requested disconnect from node 2147483646
2026-06-22T15:55:37.081+05:30  INFO 80681 --- [application-service] [n-service-group] o.a.k.c.c.internals.ConsumerCoordinator  : [Consumer clientId=consumer-application-service-group-1, groupId=application-service-group] Group coordinator localhost:9092 (id: 2147483646 rack: null) is unavailable or invalid due to cause: session timed out without receiving a heartbeat response. isDisconnected: false. Rediscovery will be attempted.
2026-06-22T15:55:37.081+05:30  INFO 80681 --- [application-service] [n-service-group] o.a.k.c.c.internals.ConsumerCoordinator  : [Consumer clientId=consumer-application-service-group-1, groupId=application-service-group] Requesting disconnect from last known coordinator localhost:9092 (id: 2147483646 rack: null)
2026-06-22T15:55:37.081+05:30  INFO 80681 --- [application-service] [n-service-group] o.a.k.c.c.internals.ConsumerCoordinator  : [Consumer clientId=consumer-application-service-group-2, groupId=application-service-group] Group coordinator localhost:9092 (id: 2147483646 rack: null) is unavailable or invalid due to cause: session timed out without receiving a heartbeat response. isDisconnected: false. Rediscovery will be attempted.
2026-06-22T15:55:37.081+05:30  INFO 80681 --- [application-service] [n-service-group] o.a.k.c.c.internals.ConsumerCoordinator  : [Consumer clientId=consumer-application-service-group-2, groupId=application-service-group] Requesting disconnect from last known coordinator localhost:9092 (id: 2147483646 rack: null)
2026-06-22T15:55:37.081+05:30  INFO 80681 --- [application-service] [n-service-group] org.apache.kafka.clients.NetworkClient   : [Consumer clientId=consumer-application-service-group-2, groupId=application-service-group] Client requested disconnect from node 2147483646
2026-06-22T15:55:37.082+05:30  INFO 80681 --- [application-service] [n-service-group] org.apache.kafka.clients.NetworkClient   : [Consumer clientId=consumer-application-service-group-1, groupId=application-service-group] Client requested disconnect from node 2147483646
2026-06-22T15:55:37.160+05:30  INFO 80681 --- [application-service] [ntainer#0-1-C-1] o.a.k.c.c.internals.ConsumerCoordinator  : [Consumer clientId=consumer-application-service-group-2, groupId=application-service-group] Discovered group coordinator localhost:9092 (id: 2147483646 rack: null)
2026-06-22T15:55:37.164+05:30  INFO 80681 --- [application-service] [ntainer#0-2-C-1] o.a.k.c.c.internals.ConsumerCoordinator  : [Consumer clientId=consumer-application-service-group-3, groupId=application-service-group] Discovered group coordinator localhost:9092 (id: 2147483646 rack: null)
2026-06-22T15:55:37.176+05:30  INFO 80681 --- [application-service] [ntainer#0-0-C-1] o.a.k.c.c.internals.ConsumerCoordinator  : [Consumer clientId=consumer-application-service-group-1, groupId=application-service-group] Discovered group coordinator localhost:9092 (id: 2147483646 rack: null)
2026-06-22T15:55:37.188+05:30  INFO 80681 --- [application-service] [ntainer#0-1-C-1] o.a.k.c.c.internals.ConsumerCoordinator  : [Consumer clientId=consumer-application-service-group-2, groupId=application-service-group] Discovered group coordinator localhost:9092 (id: 2147483646 rack: null)
2026-06-22T15:55:37.188+05:30  INFO 80681 --- [application-service] [ntainer#0-2-C-1] o.a.k.c.c.internals.ConsumerCoordinator  : [Consumer clientId=consumer-application-service-group-3, groupId=application-service-group] Discovered group coordinator localhost:9092 (id: 2147483646 rack: null)
2026-06-22T15:55:37.188+05:30  INFO 80681 --- [application-service] [ntainer#0-0-C-1] o.a.k.c.c.internals.ConsumerCoordinator  : [Consumer clientId=consumer-application-service-group-1, groupId=application-service-group] Discovered group coordinator localhost:9092 (id: 2147483646 rack: null)
2026-06-22T15:55:59.169+05:30  WARN 80681 --- [application-service] [l-1 housekeeper] com.zaxxer.hikari.pool.HikariPool        : HikariPool-1 - Thread starvation or clock leap detected (housekeeper delta=3m48s77ms).
2026-06-22T16:00:32.679+05:30  INFO 80681 --- [application-service] [n-service-group] o.a.k.c.c.internals.ConsumerCoordinator  : [Consumer clientId=consumer-application-service-group-2, groupId=application-service-group] Group coordinator localhost:9092 (id: 2147483646 rack: null) is unavailable or invalid due to cause: session timed out without receiving a heartbeat response. isDisconnected: false. Rediscovery will be attempted.
2026-06-22T16:00:32.680+05:30  INFO 80681 --- [application-service] [n-service-group] o.a.k.c.c.internals.ConsumerCoordinator  : [Consumer clientId=consumer-application-service-group-2, groupId=application-service-group] Requesting disconnect from last known coordinator localhost:9092 (id: 2147483646 rack: null)
2026-06-22T16:00:32.680+05:30  INFO 80681 --- [application-service] [n-service-group] org.apache.kafka.clients.NetworkClient   : [Consumer clientId=consumer-application-service-group-2, groupId=application-service-group] Client requested disconnect from node 2147483646
2026-06-22T16:00:32.683+05:30  INFO 80681 --- [application-service] [n-service-group] o.a.k.c.c.internals.ConsumerCoordinator  : [Consumer clientId=consumer-application-service-group-3, groupId=application-service-group] Group coordinator localhost:9092 (id: 2147483646 rack: null) is unavailable or invalid due to cause: session timed out without receiving a heartbeat response. isDisconnected: false. Rediscovery will be attempted.
2026-06-22T16:00:32.684+05:30  INFO 80681 --- [application-service] [n-service-group] o.a.k.c.c.internals.ConsumerCoordinator  : [Consumer clientId=consumer-application-service-group-3, groupId=application-service-group] Requesting disconnect from last known coordinator localhost:9092 (id: 2147483646 rack: null)
2026-06-22T16:00:32.684+05:30  INFO 80681 --- [application-service] [n-service-group] org.apache.kafka.clients.NetworkClient   : [Consumer clientId=consumer-application-service-group-3, groupId=application-service-group] Client requested disconnect from node 2147483646
2026-06-22T16:00:32.691+05:30  INFO 80681 --- [application-service] [n-service-group] o.a.k.c.c.internals.ConsumerCoordinator  : [Consumer clientId=consumer-application-service-group-1, groupId=application-service-group] Group coordinator localhost:9092 (id: 2147483646 rack: null) is unavailable or invalid due to cause: session timed out without receiving a heartbeat response. isDisconnected: false. Rediscovery will be attempted.
2026-06-22T16:00:32.692+05:30  INFO 80681 --- [application-service] [n-service-group] o.a.k.c.c.internals.ConsumerCoordinator  : [Consumer clientId=consumer-application-service-group-1, groupId=application-service-group] Requesting disconnect from last known coordinator localhost:9092 (id: 2147483646 rack: null)
2026-06-22T16:00:32.692+05:30  INFO 80681 --- [application-service] [n-service-group] org.apache.kafka.clients.NetworkClient   : [Consumer clientId=consumer-application-service-group-1, groupId=application-service-group] Client requested disconnect from node 2147483646
2026-06-22T16:00:32.692+05:30  INFO 80681 --- [application-service] [ntainer#0-1-C-1] o.a.k.c.c.internals.ConsumerCoordinator  : [Consumer clientId=consumer-application-service-group-2, groupId=application-service-group] Discovered group coordinator localhost:9092 (id: 2147483646 rack: null)
2026-06-22T16:00:32.697+05:30  INFO 80681 --- [application-service] [ntainer#0-1-C-1] o.a.k.c.c.internals.ConsumerCoordinator  : [Consumer clientId=consumer-application-service-group-2, groupId=application-service-group] Group coordinator localhost:9092 (id: 2147483646 rack: null) is unavailable or invalid due to cause: coordinator unavailable. isDisconnected: false. Rediscovery will be attempted.
2026-06-22T16:00:32.697+05:30  INFO 80681 --- [application-service] [ntainer#0-1-C-1] o.a.k.c.c.internals.ConsumerCoordinator  : [Consumer clientId=consumer-application-service-group-2, groupId=application-service-group] Requesting disconnect from last known coordinator localhost:9092 (id: 2147483646 rack: null)
2026-06-22T16:00:32.693+05:30  INFO 80681 --- [application-service] [ntainer#0-2-C-1] o.a.k.c.c.internals.ConsumerCoordinator  : [Consumer clientId=consumer-application-service-group-3, groupId=application-service-group] Discovered group coordinator localhost:9092 (id: 2147483646 rack: null)
2026-06-22T16:00:32.705+05:30  INFO 80681 --- [application-service] [ntainer#0-2-C-1] o.a.k.c.c.internals.ConsumerCoordinator  : [Consumer clientId=consumer-application-service-group-3, groupId=application-service-group] Group coordinator localhost:9092 (id: 2147483646 rack: null) is unavailable or invalid due to cause: coordinator unavailable. isDisconnected: false. Rediscovery will be attempted.
2026-06-22T16:00:32.705+05:30  INFO 80681 --- [application-service] [ntainer#0-2-C-1] o.a.k.c.c.internals.ConsumerCoordinator  : [Consumer clientId=consumer-application-service-group-3, groupId=application-service-group] Requesting disconnect from last known coordinator localhost:9092 (id: 2147483646 rack: null)
2026-06-22T16:00:32.706+05:30  INFO 80681 --- [application-service] [ntainer#0-0-C-1] o.a.k.c.c.internals.ConsumerCoordinator  : [Consumer clientId=consumer-application-service-group-1, groupId=application-service-group] Discovered group coordinator localhost:9092 (id: 2147483646 rack: null)
2026-06-22T16:00:32.706+05:30  INFO 80681 --- [application-service] [ntainer#0-0-C-1] o.a.k.c.c.internals.ConsumerCoordinator  : [Consumer clientId=consumer-application-service-group-1, groupId=application-service-group] Group coordinator localhost:9092 (id: 2147483646 rack: null) is unavailable or invalid due to cause: coordinator unavailable. isDisconnected: false. Rediscovery will be attempted.
2026-06-22T16:00:32.706+05:30  INFO 80681 --- [application-service] [ntainer#0-0-C-1] o.a.k.c.c.internals.ConsumerCoordinator  : [Consumer clientId=consumer-application-service-group-1, groupId=application-service-group] Requesting disconnect from last known coordinator localhost:9092 (id: 2147483646 rack: null)
2026-06-22T16:00:32.819+05:30  INFO 80681 --- [application-service] [ntainer#0-0-C-1] o.a.k.c.c.internals.ConsumerCoordinator  : [Consumer clientId=consumer-application-service-group-1, groupId=application-service-group] Discovered group coordinator localhost:9092 (id: 2147483646 rack: null)
2026-06-22T16:00:32.819+05:30  INFO 80681 --- [application-service] [ntainer#0-1-C-1] o.a.k.c.c.internals.ConsumerCoordinator  : [Consumer clientId=consumer-application-service-group-2, groupId=application-service-group] Discovered group coordinator localhost:9092 (id: 2147483646 rack: null)
2026-06-22T16:00:32.819+05:30  INFO 80681 --- [application-service] [ntainer#0-2-C-1] o.a.k.c.c.internals.ConsumerCoordinator  : [Consumer clientId=consumer-application-service-group-3, groupId=application-service-group] Discovered group coordinator localhost:9092 (id: 2147483646 rack: null)
2026-06-22T16:01:01.934+05:30  WARN 80681 --- [application-service] [l-1 housekeeper] com.zaxxer.hikari.pool.HikariPool        : HikariPool-1 - Thread starvation or clock leap detected (housekeeper delta=5m2s766ms).
2026-06-22T17:04:12.230+05:30  INFO 80681 --- [application-service] [ntainer#0-0-C-1] org.apache.kafka.clients.NetworkClient   : [Consumer clientId=consumer-application-service-group-1, groupId=application-service-group] Disconnecting from node 1 due to request timeout.
2026-06-22T17:04:12.230+05:30  INFO 80681 --- [application-service] [ntainer#0-2-C-1] org.apache.kafka.clients.NetworkClient   : [Consumer clientId=consumer-application-service-group-3, groupId=application-service-group] Disconnecting from node 1 due to request timeout.
2026-06-22T17:04:12.323+05:30  INFO 80681 --- [application-service] [ntainer#0-1-C-1] org.apache.kafka.clients.NetworkClient   : [Consumer clientId=consumer-application-service-group-2, groupId=application-service-group] Disconnecting from node 1 due to request timeout.
2026-06-22T17:04:12.352+05:30  INFO 80681 --- [application-service] [ntainer#0-1-C-1] org.apache.kafka.clients.NetworkClient   : [Consumer clientId=consumer-application-service-group-2, groupId=application-service-group] Cancelled in-flight FETCH request with correlation id 17593 due to node 1 being disconnected (elapsed time since creation: 906237ms, elapsed time since send: 906237ms, throttle time: 0ms, request timeout: 30000ms)
2026-06-22T17:04:12.355+05:30  INFO 80681 --- [application-service] [ntainer#0-2-C-1] org.apache.kafka.clients.NetworkClient   : [Consumer clientId=consumer-application-service-group-3, groupId=application-service-group] Cancelled in-flight FETCH request with correlation id 17600 due to node 1 being disconnected (elapsed time since creation: 906309ms, elapsed time since send: 906309ms, throttle time: 0ms, request timeout: 30000ms)
2026-06-22T17:04:12.355+05:30  INFO 80681 --- [application-service] [ntainer#0-0-C-1] org.apache.kafka.clients.NetworkClient   : [Consumer clientId=consumer-application-service-group-1, groupId=application-service-group] Cancelled in-flight FETCH request with correlation id 17588 due to node 1 being disconnected (elapsed time since creation: 906309ms, elapsed time since send: 906309ms, throttle time: 0ms, request timeout: 30000ms)
2026-06-22T17:04:12.365+05:30  INFO 80681 --- [application-service] [n-service-group] o.a.k.c.c.internals.ConsumerCoordinator  : [Consumer clientId=consumer-application-service-group-1, groupId=application-service-group] Group coordinator localhost:9092 (id: 2147483646 rack: null) is unavailable or invalid due to cause: session timed out without receiving a heartbeat response. isDisconnected: false. Rediscovery will be attempted.
2026-06-22T17:04:12.365+05:30  INFO 80681 --- [application-service] [n-service-group] o.a.k.c.c.internals.ConsumerCoordinator  : [Consumer clientId=consumer-application-service-group-2, groupId=application-service-group] Group coordinator localhost:9092 (id: 2147483646 rack: null) is unavailable or invalid due to cause: session timed out without receiving a heartbeat response. isDisconnected: false. Rediscovery will be attempted.
2026-06-22T17:04:12.365+05:30  INFO 80681 --- [application-service] [n-service-group] o.a.k.c.c.internals.ConsumerCoordinator  : [Consumer clientId=consumer-application-service-group-2, groupId=application-service-group] Requesting disconnect from last known coordinator localhost:9092 (id: 2147483646 rack: null)
2026-06-22T17:04:12.365+05:30  INFO 80681 --- [application-service] [n-service-group] org.apache.kafka.clients.NetworkClient   : [Consumer clientId=consumer-application-service-group-2, groupId=application-service-group] Client requested disconnect from node 2147483646
2026-06-22T17:04:12.368+05:30  INFO 80681 --- [application-service] [n-service-group] o.a.k.c.c.internals.ConsumerCoordinator  : [Consumer clientId=consumer-application-service-group-3, groupId=application-service-group] Group coordinator localhost:9092 (id: 2147483646 rack: null) is unavailable or invalid due to cause: session timed out without receiving a heartbeat response. isDisconnected: false. Rediscovery will be attempted.
2026-06-22T17:04:12.369+05:30  INFO 80681 --- [application-service] [n-service-group] o.a.k.c.c.internals.ConsumerCoordinator  : [Consumer clientId=consumer-application-service-group-3, groupId=application-service-group] Requesting disconnect from last known coordinator localhost:9092 (id: 2147483646 rack: null)
2026-06-22T17:04:12.365+05:30  INFO 80681 --- [application-service] [n-service-group] o.a.k.c.c.internals.ConsumerCoordinator  : [Consumer clientId=consumer-application-service-group-1, groupId=application-service-group] Requesting disconnect from last known coordinator localhost:9092 (id: 2147483646 rack: null)
2026-06-22T17:04:12.369+05:30  INFO 80681 --- [application-service] [n-service-group] org.apache.kafka.clients.NetworkClient   : [Consumer clientId=consumer-application-service-group-1, groupId=application-service-group] Client requested disconnect from node 2147483646
2026-06-22T17:04:12.371+05:30  INFO 80681 --- [application-service] [n-service-group] org.apache.kafka.clients.NetworkClient   : [Consumer clientId=consumer-application-service-group-3, groupId=application-service-group] Client requested disconnect from node 2147483646
2026-06-22T17:04:12.362+05:30  INFO 80681 --- [application-service] [ntainer#0-2-C-1] o.a.kafka.clients.FetchSessionHandler    : [Consumer clientId=consumer-application-service-group-3, groupId=application-service-group] Error sending fetch request (sessionId=243729465, epoch=14998) to node 1:

org.apache.kafka.common.errors.DisconnectException: null

2026-06-22T17:04:12.362+05:30  INFO 80681 --- [application-service] [ntainer#0-1-C-1] o.a.kafka.clients.FetchSessionHandler    : [Consumer clientId=consumer-application-service-group-2, groupId=application-service-group] Error sending fetch request (sessionId=112471254, epoch=14997) to node 1:

org.apache.kafka.common.errors.DisconnectException: null

2026-06-22T17:04:12.362+05:30  INFO 80681 --- [application-service] [ntainer#0-0-C-1] o.a.kafka.clients.FetchSessionHandler    : [Consumer clientId=consumer-application-service-group-1, groupId=application-service-group] Error sending fetch request (sessionId=1309336449, epoch=14992) to node 1:

org.apache.kafka.common.errors.DisconnectException: null

2026-06-22T17:04:12.535+05:30  INFO 80681 --- [application-service] [ntainer#0-0-C-1] o.a.k.c.c.internals.ConsumerCoordinator  : [Consumer clientId=consumer-application-service-group-1, groupId=application-service-group] Discovered group coordinator localhost:9092 (id: 2147483646 rack: null)
2026-06-22T17:04:12.535+05:30  INFO 80681 --- [application-service] [ntainer#0-2-C-1] o.a.k.c.c.internals.ConsumerCoordinator  : [Consumer clientId=consumer-application-service-group-3, groupId=application-service-group] Discovered group coordinator localhost:9092 (id: 2147483646 rack: null)
2026-06-22T17:04:12.535+05:30  INFO 80681 --- [application-service] [ntainer#0-2-C-1] o.a.k.c.c.internals.ConsumerCoordinator  : [Consumer clientId=consumer-application-service-group-3, groupId=application-service-group] Discovered group coordinator localhost:9092 (id: 2147483646 rack: null)
2026-06-22T17:04:12.535+05:30  INFO 80681 --- [application-service] [ntainer#0-1-C-1] o.a.k.c.c.internals.ConsumerCoordinator  : [Consumer clientId=consumer-application-service-group-2, groupId=application-service-group] Discovered group coordinator localhost:9092 (id: 2147483646 rack: null)
2026-06-22T17:06:48.498+05:30  INFO 80681 --- [application-service] [ntainer#0-2-C-1] org.apache.kafka.clients.NetworkClient   : [Consumer clientId=consumer-application-service-group-3, groupId=application-service-group] Disconnecting from node 1 due to request timeout.
2026-06-22T17:06:48.491+05:30  INFO 80681 --- [application-service] [ntainer#0-1-C-1] org.apache.kafka.clients.NetworkClient   : [Consumer clientId=consumer-application-service-group-2, groupId=application-service-group] Disconnecting from node 1 due to request timeout.
2026-06-22T17:06:48.506+05:30  INFO 80681 --- [application-service] [ntainer#0-0-C-1] org.apache.kafka.clients.NetworkClient   : [Consumer clientId=consumer-application-service-group-1, groupId=application-service-group] Disconnecting from node 1 due to request timeout.
2026-06-22T17:06:49.169+05:30  INFO 80681 --- [application-service] [ntainer#0-1-C-1] org.apache.kafka.clients.NetworkClient   : [Consumer clientId=consumer-application-service-group-2, groupId=application-service-group] Cancelled in-flight FETCH request with correlation id 17610 due to node 1 being disconnected (elapsed time since creation: 151288ms, elapsed time since send: 151288ms, throttle time: 0ms, request timeout: 30000ms)
2026-06-22T17:06:49.189+05:30  INFO 80681 --- [application-service] [ntainer#0-2-C-1] org.apache.kafka.clients.NetworkClient   : [Consumer clientId=consumer-application-service-group-3, groupId=application-service-group] Cancelled in-flight FETCH request with correlation id 17618 due to node 1 being disconnected (elapsed time since creation: 151288ms, elapsed time since send: 151288ms, throttle time: 0ms, request timeout: 30000ms)
2026-06-22T17:06:49.222+05:30  INFO 80681 --- [application-service] [ntainer#0-0-C-1] org.apache.kafka.clients.NetworkClient   : [Consumer clientId=consumer-application-service-group-1, groupId=application-service-group] Cancelled in-flight FETCH request with correlation id 17605 due to node 1 being disconnected (elapsed time since creation: 151305ms, elapsed time since send: 151305ms, throttle time: 0ms, request timeout: 30000ms)
2026-06-22T17:06:49.382+05:30  INFO 80681 --- [application-service] [n-service-group] o.a.k.c.c.internals.ConsumerCoordinator  : [Consumer clientId=consumer-application-service-group-3, groupId=application-service-group] Group coordinator localhost:9092 (id: 2147483646 rack: null) is unavailable or invalid due to cause: session timed out without receiving a heartbeat response. isDisconnected: false. Rediscovery will be attempted.
2026-06-22T17:06:49.383+05:30  INFO 80681 --- [application-service] [n-service-group] o.a.k.c.c.internals.ConsumerCoordinator  : [Consumer clientId=consumer-application-service-group-3, groupId=application-service-group] Requesting disconnect from last known coordinator localhost:9092 (id: 2147483646 rack: null)
2026-06-22T17:06:49.388+05:30  INFO 80681 --- [application-service] [n-service-group] org.apache.kafka.clients.NetworkClient   : [Consumer clientId=consumer-application-service-group-3, groupId=application-service-group] Client requested disconnect from node 2147483646
2026-06-22T17:06:49.292+05:30  INFO 80681 --- [application-service] [ntainer#0-0-C-1] o.a.kafka.clients.FetchSessionHandler    : [Consumer clientId=consumer-application-service-group-1, groupId=application-service-group] Error sending fetch request (sessionId=1325742068, epoch=9) to node 1:

org.apache.kafka.common.errors.DisconnectException: null

2026-06-22T17:06:49.379+05:30  INFO 80681 --- [application-service] [n-service-group] o.a.k.c.c.internals.ConsumerCoordinator  : [Consumer clientId=consumer-application-service-group-2, groupId=application-service-group] Group coordinator localhost:9092 (id: 2147483646 rack: null) is unavailable or invalid due to cause: session timed out without receiving a heartbeat response. isDisconnected: false. Rediscovery will be attempted.
2026-06-22T17:06:49.385+05:30  INFO 80681 --- [application-service] [n-service-group] o.a.k.c.c.internals.ConsumerCoordinator  : [Consumer clientId=consumer-application-service-group-1, groupId=application-service-group] Group coordinator localhost:9092 (id: 2147483646 rack: null) is unavailable or invalid due to cause: session timed out without receiving a heartbeat response. isDisconnected: false. Rediscovery will be attempted.
2026-06-22T17:06:49.391+05:30  INFO 80681 --- [application-service] [n-service-group] o.a.k.c.c.internals.ConsumerCoordinator  : [Consumer clientId=consumer-application-service-group-2, groupId=application-service-group] Requesting disconnect from last known coordinator localhost:9092 (id: 2147483646 rack: null)
2026-06-22T17:06:49.395+05:30  INFO 80681 --- [application-service] [n-service-group] org.apache.kafka.clients.NetworkClient   : [Consumer clientId=consumer-application-service-group-2, groupId=application-service-group] Client requested disconnect from node 2147483646
2026-06-22T17:06:49.292+05:30  INFO 80681 --- [application-service] [ntainer#0-1-C-1] o.a.kafka.clients.FetchSessionHandler    : [Consumer clientId=consumer-application-service-group-2, groupId=application-service-group] Error sending fetch request (sessionId=1686354716, epoch=9) to node 1:

org.apache.kafka.common.errors.DisconnectException: null

2026-06-22T17:06:49.398+05:30  INFO 80681 --- [application-service] [n-service-group] o.a.k.c.c.internals.ConsumerCoordinator  : [Consumer clientId=consumer-application-service-group-1, groupId=application-service-group] Requesting disconnect from last known coordinator localhost:9092 (id: 2147483646 rack: null)
2026-06-22T17:06:49.290+05:30  INFO 80681 --- [application-service] [ntainer#0-2-C-1] o.a.kafka.clients.FetchSessionHandler    : [Consumer clientId=consumer-application-service-group-3, groupId=application-service-group] Error sending fetch request (sessionId=214765848, epoch=9) to node 1:

org.apache.kafka.common.errors.DisconnectException: null

2026-06-22T17:06:49.399+05:30  INFO 80681 --- [application-service] [n-service-group] org.apache.kafka.clients.NetworkClient   : [Consumer clientId=consumer-application-service-group-1, groupId=application-service-group] Client requested disconnect from node 2147483646
2026-06-22T17:06:49.967+05:30  INFO 80681 --- [application-service] [ntainer#0-1-C-1] o.a.k.c.c.internals.ConsumerCoordinator  : [Consumer clientId=consumer-application-service-group-2, groupId=application-service-group] Discovered group coordinator localhost:9092 (id: 2147483646 rack: null)
2026-06-22T17:06:50.060+05:30  INFO 80681 --- [application-service] [ntainer#0-2-C-1] o.a.k.c.c.internals.ConsumerCoordinator  : [Consumer clientId=consumer-application-service-group-3, groupId=application-service-group] Discovered group coordinator localhost:9092 (id: 2147483646 rack: null)
2026-06-22T17:06:50.152+05:30  INFO 80681 --- [application-service] [ntainer#0-0-C-1] o.a.k.c.c.internals.ConsumerCoordinator  : [Consumer clientId=consumer-application-service-group-1, groupId=application-service-group] Discovered group coordinator localhost:9092 (id: 2147483646 rack: null)
2026-06-22T17:07:07.543+05:30  WARN 80681 --- [application-service] [l-1 housekeeper] com.zaxxer.hikari.pool.HikariPool        : HikariPool-1 - Thread starvation or clock leap detected (housekeeper delta=18m5s222ms).
