
  .   ____          _            __ _ _
 /\\ / ___'_ __ _ _(_)_ __  __ _ \ \ \ \
( ( )\___ | '_ | '_| | '_ \/ _` | \ \ \ \
 \\/  ___)| |_)| | | | | || (_| |  ) ) ) )
  '  |____| .__|_| |_|_| |_\__, | / / / /
 =========|_|==============|___/=/_/_/_/

 :: Spring Boot ::                (v3.4.0)

2026-06-22T14:34:31.893+05:30  INFO 80684 --- [notification-service] [           main] c.t.n.NotificationServiceApplication     : Starting NotificationServiceApplication v1.0.0-SNAPSHOT using Java 17.0.18 with PID 80684 (/Users/spratap/.m2/repository/com/talentgrid/talentgrid-notification-service/1.0.0-SNAPSHOT/talentgrid-notification-service-1.0.0-SNAPSHOT.jar started by spratap in /Users/spratap/TalentGridTeam2)
2026-06-22T14:34:31.896+05:30  INFO 80684 --- [notification-service] [           main] c.t.n.NotificationServiceApplication     : No active profile set, falling back to 1 default profile: "default"
2026-06-22T14:34:34.519+05:30  INFO 80684 --- [notification-service] [           main] .s.d.r.c.RepositoryConfigurationDelegate : Bootstrapping Spring Data JPA repositories in DEFAULT mode.
2026-06-22T14:34:34.993+05:30  INFO 80684 --- [notification-service] [           main] .s.d.r.c.RepositoryConfigurationDelegate : Finished Spring Data repository scanning in 446 ms. Found 1 JPA repository interface.
2026-06-22T14:34:37.159+05:30  INFO 80684 --- [notification-service] [           main] o.s.b.w.embedded.tomcat.TomcatWebServer  : Tomcat initialized with port 8086 (http)
2026-06-22T14:34:37.168+05:30  INFO 80684 --- [notification-service] [           main] o.apache.catalina.core.StandardService   : Starting service [Tomcat]
2026-06-22T14:34:37.169+05:30  INFO 80684 --- [notification-service] [           main] o.apache.catalina.core.StandardEngine    : Starting Servlet engine: [Apache Tomcat/10.1.33]
2026-06-22T14:34:37.218+05:30  INFO 80684 --- [notification-service] [           main] o.a.c.c.C.[Tomcat].[localhost].[/]       : Initializing Spring embedded WebApplicationContext
2026-06-22T14:34:37.221+05:30  INFO 80684 --- [notification-service] [           main] w.s.c.ServletWebServerApplicationContext : Root WebApplicationContext: initialization completed in 5167 ms
2026-06-22T14:34:37.914+05:30  INFO 80684 --- [notification-service] [           main] o.hibernate.jpa.internal.util.LogHelper  : HHH000204: Processing PersistenceUnitInfo [name: default]
2026-06-22T14:34:38.022+05:30  INFO 80684 --- [notification-service] [           main] org.hibernate.Version                    : HHH000412: Hibernate ORM core version 6.6.2.Final
2026-06-22T14:34:38.128+05:30  INFO 80684 --- [notification-service] [           main] o.h.c.internal.RegionFactoryInitiator    : HHH000026: Second-level cache disabled
2026-06-22T14:34:39.110+05:30  INFO 80684 --- [notification-service] [           main] o.s.o.j.p.SpringPersistenceUnitInfo      : No LoadTimeWeaver setup: ignoring JPA class transformer
2026-06-22T14:34:39.144+05:30  INFO 80684 --- [notification-service] [           main] com.zaxxer.hikari.HikariDataSource       : HikariPool-1 - Starting...
2026-06-22T14:34:39.471+05:30  INFO 80684 --- [notification-service] [           main] com.zaxxer.hikari.pool.HikariPool        : HikariPool-1 - Added connection org.postgresql.jdbc.PgConnection@990b86b
2026-06-22T14:34:39.472+05:30  INFO 80684 --- [notification-service] [           main] com.zaxxer.hikari.HikariDataSource       : HikariPool-1 - Start completed.
2026-06-22T14:34:39.541+05:30  WARN 80684 --- [notification-service] [           main] org.hibernate.orm.deprecation            : HHH90000025: PostgreSQLDialect does not need to be specified explicitly using 'hibernate.dialect' (remove the property setting and it will be selected by default)
2026-06-22T14:34:39.592+05:30  INFO 80684 --- [notification-service] [           main] org.hibernate.orm.connections.pooling    : HHH10001005: Database info:
	Database JDBC URL [Connecting through datasource 'HikariDataSource (HikariPool-1)']
	Database driver: undefined/unknown
	Database version: 18.3
	Autocommit mode: undefined/unknown
	Isolation level: undefined/unknown
	Minimum pool size: undefined/unknown
	Maximum pool size: undefined/unknown
2026-06-22T14:34:41.069+05:30  INFO 80684 --- [notification-service] [           main] o.h.e.t.j.p.i.JtaPlatformInitiator       : HHH000489: No JTA platform available (set 'hibernate.transaction.jta.platform' to enable JTA platform integration)
2026-06-22T14:34:41.515+05:30  INFO 80684 --- [notification-service] [           main] j.LocalContainerEntityManagerFactoryBean : Initialized JPA EntityManagerFactory for persistence unit 'default'
2026-06-22T14:34:42.509+05:30  INFO 80684 --- [notification-service] [           main] o.s.d.j.r.query.QueryEnhancerFactory     : Hibernate is in classpath; If applicable, HQL parser will be used.
2026-06-22T14:34:43.789+05:30  INFO 80684 --- [notification-service] [           main] c.t.n.c.NotificationChannelRegistry      : [CHANNEL-REGISTRY] Registered channel handler: EMAIL -> EmailNotificationChannel
2026-06-22T14:34:43.789+05:30  INFO 80684 --- [notification-service] [           main] c.t.n.c.NotificationChannelRegistry      : [CHANNEL-REGISTRY] Registered channel handler: IN_APP -> InAppNotificationChannel
2026-06-22T14:34:43.790+05:30  INFO 80684 --- [notification-service] [           main] c.t.n.c.NotificationChannelRegistry      : [CHANNEL-REGISTRY] Startup complete. Registered channels: [IN_APP, EMAIL]
2026-06-22T14:34:44.529+05:30  WARN 80684 --- [notification-service] [           main] JpaBaseConfiguration$JpaWebConfiguration : spring.jpa.open-in-view is enabled by default. Therefore, database queries may be performed during view rendering. Explicitly configure spring.jpa.open-in-view to disable this warning
2026-06-22T14:34:46.119+05:30  INFO 80684 --- [notification-service] [           main] o.s.b.a.e.web.EndpointLinksResolver      : Exposing 2 endpoints beneath base path '/actuator'
2026-06-22T14:34:46.247+05:30  INFO 80684 --- [notification-service] [           main] o.a.k.clients.admin.AdminClientConfig    : AdminClientConfig values: 
	auto.include.jmx.reporter = true
	bootstrap.controllers = []
	bootstrap.servers = [localhost:9092]
	client.dns.lookup = use_all_dns_ips
	client.id = notification-service-admin-0
	connections.max.idle.ms = 300000
	default.api.timeout.ms = 60000
	enable.metrics.push = true
	metadata.max.age.ms = 300000
	metadata.recovery.strategy = none
	metric.reporters = []
	metrics.num.samples = 2
	metrics.recording.level = INFO
	metrics.sample.window.ms = 30000
	receive.buffer.bytes = 65536
	reconnect.backoff.max.ms = 1000
	reconnect.backoff.ms = 50
	request.timeout.ms = 30000
	retries = 2147483647
	retry.backoff.max.ms = 1000
	retry.backoff.ms = 100
	sasl.client.callback.handler.class = null
	sasl.jaas.config = null
	sasl.kerberos.kinit.cmd = /usr/bin/kinit
	sasl.kerberos.min.time.before.relogin = 60000
	sasl.kerberos.service.name = null
	sasl.kerberos.ticket.renew.jitter = 0.05
	sasl.kerberos.ticket.renew.window.factor = 0.8
	sasl.login.callback.handler.class = null
	sasl.login.class = null
	sasl.login.connect.timeout.ms = null
	sasl.login.read.timeout.ms = null
	sasl.login.refresh.buffer.seconds = 300
	sasl.login.refresh.min.period.seconds = 60
	sasl.login.refresh.window.factor = 0.8
	sasl.login.refresh.window.jitter = 0.05
	sasl.login.retry.backoff.max.ms = 10000
	sasl.login.retry.backoff.ms = 100
	sasl.mechanism = GSSAPI
	sasl.oauthbearer.clock.skew.seconds = 30
	sasl.oauthbearer.expected.audience = null
	sasl.oauthbearer.expected.issuer = null
	sasl.oauthbearer.jwks.endpoint.refresh.ms = 3600000
	sasl.oauthbearer.jwks.endpoint.retry.backoff.max.ms = 10000
	sasl.oauthbearer.jwks.endpoint.retry.backoff.ms = 100
	sasl.oauthbearer.jwks.endpoint.url = null
	sasl.oauthbearer.scope.claim.name = scope
	sasl.oauthbearer.sub.claim.name = sub
	sasl.oauthbearer.token.endpoint.url = null
	security.protocol = PLAINTEXT
	security.providers = null
	send.buffer.bytes = 131072
	socket.connection.setup.timeout.max.ms = 30000
	socket.connection.setup.timeout.ms = 10000
	ssl.cipher.suites = null
	ssl.enabled.protocols = [TLSv1.2, TLSv1.3]
	ssl.endpoint.identification.algorithm = https
	ssl.engine.factory.class = null
	ssl.key.password = null
	ssl.keymanager.algorithm = SunX509
	ssl.keystore.certificate.chain = null
	ssl.keystore.key = null
	ssl.keystore.location = null
	ssl.keystore.password = null
	ssl.keystore.type = JKS
	ssl.protocol = TLSv1.3
	ssl.provider = null
	ssl.secure.random.implementation = null
	ssl.trustmanager.algorithm = PKIX
	ssl.truststore.certificates = null
	ssl.truststore.location = null
	ssl.truststore.password = null
	ssl.truststore.type = JKS

2026-06-22T14:34:46.428+05:30  INFO 80684 --- [notification-service] [           main] o.a.kafka.common.utils.AppInfoParser     : Kafka version: 3.8.1
2026-06-22T14:34:46.428+05:30  INFO 80684 --- [notification-service] [           main] o.a.kafka.common.utils.AppInfoParser     : Kafka commitId: 70d6ff42debf7e17
2026-06-22T14:34:46.428+05:30  INFO 80684 --- [notification-service] [           main] o.a.kafka.common.utils.AppInfoParser     : Kafka startTimeMs: 1782119086420
2026-06-22T14:34:46.885+05:30  WARN 80684 --- [notification-service] [service-admin-0] o.a.k.clients.admin.KafkaAdminClient     : [AdminClient clientId=notification-service-admin-0] The DescribeTopicPartitions API is not supported, using Metadata API to describe topics.
2026-06-22T14:34:46.895+05:30  INFO 80684 --- [notification-service] [service-admin-0] o.a.kafka.common.utils.AppInfoParser     : App info kafka.admin.client for notification-service-admin-0 unregistered
2026-06-22T14:34:46.904+05:30  INFO 80684 --- [notification-service] [service-admin-0] o.apache.kafka.common.metrics.Metrics    : Metrics scheduler closed
2026-06-22T14:34:46.904+05:30  INFO 80684 --- [notification-service] [service-admin-0] o.apache.kafka.common.metrics.Metrics    : Closing reporter org.apache.kafka.common.metrics.JmxReporter
2026-06-22T14:34:46.905+05:30  INFO 80684 --- [notification-service] [service-admin-0] o.apache.kafka.common.metrics.Metrics    : Metrics reporters closed
2026-06-22T14:34:46.937+05:30  INFO 80684 --- [notification-service] [           main] o.s.b.w.embedded.tomcat.TomcatWebServer  : Tomcat started on port 8086 (http) with context path '/'
2026-06-22T14:34:46.967+05:30  INFO 80684 --- [notification-service] [           main] o.a.k.clients.consumer.ConsumerConfig    : ConsumerConfig values: 
	allow.auto.create.topics = true
	auto.commit.interval.ms = 5000
	auto.include.jmx.reporter = true
	auto.offset.reset = earliest
	bootstrap.servers = [localhost:9092]
	check.crcs = true
	client.dns.lookup = use_all_dns_ips
	client.id = consumer-notification-service-group-1
	client.rack = 
	connections.max.idle.ms = 540000
	default.api.timeout.ms = 60000
	enable.auto.commit = false
	enable.metrics.push = true
	exclude.internal.topics = true
	fetch.max.bytes = 52428800
	fetch.max.wait.ms = 500
	fetch.min.bytes = 1
	group.id = notification-service-group
	group.instance.id = null
	group.protocol = classic
	group.remote.assignor = null
	heartbeat.interval.ms = 3000
	interceptor.classes = []
	internal.leave.group.on.close = true
	internal.throw.on.fetch.stable.offset.unsupported = false
	isolation.level = read_uncommitted
	key.deserializer = class org.apache.kafka.common.serialization.StringDeserializer
	max.partition.fetch.bytes = 1048576
	max.poll.interval.ms = 300000
	max.poll.records = 500
	metadata.max.age.ms = 300000
	metadata.recovery.strategy = none
	metric.reporters = []
	metrics.num.samples = 2
	metrics.recording.level = INFO
	metrics.sample.window.ms = 30000
	partition.assignment.strategy = [class org.apache.kafka.clients.consumer.RangeAssignor, class org.apache.kafka.clients.consumer.CooperativeStickyAssignor]
	receive.buffer.bytes = 65536
	reconnect.backoff.max.ms = 1000
	reconnect.backoff.ms = 50
	request.timeout.ms = 30000
	retry.backoff.max.ms = 1000
	retry.backoff.ms = 100
	sasl.client.callback.handler.class = null
	sasl.jaas.config = null
	sasl.kerberos.kinit.cmd = /usr/bin/kinit
	sasl.kerberos.min.time.before.relogin = 60000
	sasl.kerberos.service.name = null
	sasl.kerberos.ticket.renew.jitter = 0.05
	sasl.kerberos.ticket.renew.window.factor = 0.8
	sasl.login.callback.handler.class = null
	sasl.login.class = null
	sasl.login.connect.timeout.ms = null
	sasl.login.read.timeout.ms = null
	sasl.login.refresh.buffer.seconds = 300
	sasl.login.refresh.min.period.seconds = 60
	sasl.login.refresh.window.factor = 0.8
	sasl.login.refresh.window.jitter = 0.05
	sasl.login.retry.backoff.max.ms = 10000
	sasl.login.retry.backoff.ms = 100
	sasl.mechanism = GSSAPI
	sasl.oauthbearer.clock.skew.seconds = 30
	sasl.oauthbearer.expected.audience = null
	sasl.oauthbearer.expected.issuer = null
	sasl.oauthbearer.jwks.endpoint.refresh.ms = 3600000
	sasl.oauthbearer.jwks.endpoint.retry.backoff.max.ms = 10000
	sasl.oauthbearer.jwks.endpoint.retry.backoff.ms = 100
	sasl.oauthbearer.jwks.endpoint.url = null
	sasl.oauthbearer.scope.claim.name = scope
	sasl.oauthbearer.sub.claim.name = sub
	sasl.oauthbearer.token.endpoint.url = null
	security.protocol = PLAINTEXT
	security.providers = null
	send.buffer.bytes = 131072
	session.timeout.ms = 45000
	socket.connection.setup.timeout.max.ms = 30000
	socket.connection.setup.timeout.ms = 10000
	ssl.cipher.suites = null
	ssl.enabled.protocols = [TLSv1.2, TLSv1.3]
	ssl.endpoint.identification.algorithm = https
	ssl.engine.factory.class = null
	ssl.key.password = null
	ssl.keymanager.algorithm = SunX509
	ssl.keystore.certificate.chain = null
	ssl.keystore.key = null
	ssl.keystore.location = null
	ssl.keystore.password = null
	ssl.keystore.type = JKS
	ssl.protocol = TLSv1.3
	ssl.provider = null
	ssl.secure.random.implementation = null
	ssl.trustmanager.algorithm = PKIX
	ssl.truststore.certificates = null
	ssl.truststore.location = null
	ssl.truststore.password = null
	ssl.truststore.type = JKS
	value.deserializer = class org.springframework.kafka.support.serializer.ErrorHandlingDeserializer

2026-06-22T14:34:47.045+05:30  INFO 80684 --- [notification-service] [           main] o.a.k.c.t.i.KafkaMetricsCollector        : initializing Kafka metrics collector
2026-06-22T14:34:47.184+05:30  INFO 80684 --- [notification-service] [           main] o.a.kafka.common.utils.AppInfoParser     : Kafka version: 3.8.1
2026-06-22T14:34:47.184+05:30  INFO 80684 --- [notification-service] [           main] o.a.kafka.common.utils.AppInfoParser     : Kafka commitId: 70d6ff42debf7e17
2026-06-22T14:34:47.184+05:30  INFO 80684 --- [notification-service] [           main] o.a.kafka.common.utils.AppInfoParser     : Kafka startTimeMs: 1782119087184
2026-06-22T14:34:47.197+05:30  INFO 80684 --- [notification-service] [           main] o.a.k.c.c.internals.LegacyKafkaConsumer  : [Consumer clientId=consumer-notification-service-group-1, groupId=notification-service-group] Subscribed to topic(s): notification.send
2026-06-22T14:34:47.252+05:30  INFO 80684 --- [notification-service] [           main] o.a.k.clients.consumer.ConsumerConfig    : ConsumerConfig values: 
	allow.auto.create.topics = true
	auto.commit.interval.ms = 5000
	auto.include.jmx.reporter = true
	auto.offset.reset = earliest
	bootstrap.servers = [localhost:9092]
	check.crcs = true
	client.dns.lookup = use_all_dns_ips
	client.id = consumer-notification-service-group-2
	client.rack = 
	connections.max.idle.ms = 540000
	default.api.timeout.ms = 60000
	enable.auto.commit = false
	enable.metrics.push = true
	exclude.internal.topics = true
	fetch.max.bytes = 52428800
	fetch.max.wait.ms = 500
	fetch.min.bytes = 1
	group.id = notification-service-group
	group.instance.id = null
	group.protocol = classic
	group.remote.assignor = null
	heartbeat.interval.ms = 3000
	interceptor.classes = []
	internal.leave.group.on.close = true
	internal.throw.on.fetch.stable.offset.unsupported = false
	isolation.level = read_uncommitted
	key.deserializer = class org.apache.kafka.common.serialization.StringDeserializer
	max.partition.fetch.bytes = 1048576
	max.poll.interval.ms = 300000
	max.poll.records = 500
	metadata.max.age.ms = 300000
	metadata.recovery.strategy = none
	metric.reporters = []
	metrics.num.samples = 2
	metrics.recording.level = INFO
	metrics.sample.window.ms = 30000
	partition.assignment.strategy = [class org.apache.kafka.clients.consumer.RangeAssignor, class org.apache.kafka.clients.consumer.CooperativeStickyAssignor]
	receive.buffer.bytes = 65536
	reconnect.backoff.max.ms = 1000
	reconnect.backoff.ms = 50
	request.timeout.ms = 30000
	retry.backoff.max.ms = 1000
	retry.backoff.ms = 100
	sasl.client.callback.handler.class = null
	sasl.jaas.config = null
	sasl.kerberos.kinit.cmd = /usr/bin/kinit
	sasl.kerberos.min.time.before.relogin = 60000
	sasl.kerberos.service.name = null
	sasl.kerberos.ticket.renew.jitter = 0.05
	sasl.kerberos.ticket.renew.window.factor = 0.8
	sasl.login.callback.handler.class = null
	sasl.login.class = null
	sasl.login.connect.timeout.ms = null
	sasl.login.read.timeout.ms = null
	sasl.login.refresh.buffer.seconds = 300
	sasl.login.refresh.min.period.seconds = 60
	sasl.login.refresh.window.factor = 0.8
	sasl.login.refresh.window.jitter = 0.05
	sasl.login.retry.backoff.max.ms = 10000
	sasl.login.retry.backoff.ms = 100
	sasl.mechanism = GSSAPI
	sasl.oauthbearer.clock.skew.seconds = 30
	sasl.oauthbearer.expected.audience = null
	sasl.oauthbearer.expected.issuer = null
	sasl.oauthbearer.jwks.endpoint.refresh.ms = 3600000
	sasl.oauthbearer.jwks.endpoint.retry.backoff.max.ms = 10000
	sasl.oauthbearer.jwks.endpoint.retry.backoff.ms = 100
	sasl.oauthbearer.jwks.endpoint.url = null
	sasl.oauthbearer.scope.claim.name = scope
	sasl.oauthbearer.sub.claim.name = sub
	sasl.oauthbearer.token.endpoint.url = null
	security.protocol = PLAINTEXT
	security.providers = null
	send.buffer.bytes = 131072
	session.timeout.ms = 45000
	socket.connection.setup.timeout.max.ms = 30000
	socket.connection.setup.timeout.ms = 10000
	ssl.cipher.suites = null
	ssl.enabled.protocols = [TLSv1.2, TLSv1.3]
	ssl.endpoint.identification.algorithm = https
	ssl.engine.factory.class = null
	ssl.key.password = null
	ssl.keymanager.algorithm = SunX509
	ssl.keystore.certificate.chain = null
	ssl.keystore.key = null
	ssl.keystore.location = null
	ssl.keystore.password = null
	ssl.keystore.type = JKS
	ssl.protocol = TLSv1.3
	ssl.provider = null
	ssl.secure.random.implementation = null
	ssl.trustmanager.algorithm = PKIX
	ssl.truststore.certificates = null
	ssl.truststore.location = null
	ssl.truststore.password = null
	ssl.truststore.type = JKS
	value.deserializer = class org.springframework.kafka.support.serializer.ErrorHandlingDeserializer

2026-06-22T14:34:47.254+05:30  INFO 80684 --- [notification-service] [           main] o.a.k.c.t.i.KafkaMetricsCollector        : initializing Kafka metrics collector
2026-06-22T14:34:47.333+05:30  INFO 80684 --- [notification-service] [           main] o.a.kafka.common.utils.AppInfoParser     : Kafka version: 3.8.1
2026-06-22T14:34:47.333+05:30  INFO 80684 --- [notification-service] [           main] o.a.kafka.common.utils.AppInfoParser     : Kafka commitId: 70d6ff42debf7e17
2026-06-22T14:34:47.333+05:30  INFO 80684 --- [notification-service] [           main] o.a.kafka.common.utils.AppInfoParser     : Kafka startTimeMs: 1782119087333
2026-06-22T14:34:47.358+05:30  INFO 80684 --- [notification-service] [           main] o.a.k.c.c.internals.LegacyKafkaConsumer  : [Consumer clientId=consumer-notification-service-group-2, groupId=notification-service-group] Subscribed to topic(s): notification.send
2026-06-22T14:34:47.362+05:30  INFO 80684 --- [notification-service] [           main] o.a.k.clients.consumer.ConsumerConfig    : ConsumerConfig values: 
	allow.auto.create.topics = true
	auto.commit.interval.ms = 5000
	auto.include.jmx.reporter = true
	auto.offset.reset = earliest
	bootstrap.servers = [localhost:9092]
	check.crcs = true
	client.dns.lookup = use_all_dns_ips
	client.id = consumer-notification-service-group-3
	client.rack = 
	connections.max.idle.ms = 540000
	default.api.timeout.ms = 60000
	enable.auto.commit = false
	enable.metrics.push = true
	exclude.internal.topics = true
	fetch.max.bytes = 52428800
	fetch.max.wait.ms = 500
	fetch.min.bytes = 1
	group.id = notification-service-group
	group.instance.id = null
	group.protocol = classic
	group.remote.assignor = null
	heartbeat.interval.ms = 3000
	interceptor.classes = []
	internal.leave.group.on.close = true
	internal.throw.on.fetch.stable.offset.unsupported = false
	isolation.level = read_uncommitted
	key.deserializer = class org.apache.kafka.common.serialization.StringDeserializer
	max.partition.fetch.bytes = 1048576
	max.poll.interval.ms = 300000
	max.poll.records = 500
	metadata.max.age.ms = 300000
	metadata.recovery.strategy = none
	metric.reporters = []
	metrics.num.samples = 2
	metrics.recording.level = INFO
	metrics.sample.window.ms = 30000
	partition.assignment.strategy = [class org.apache.kafka.clients.consumer.RangeAssignor, class org.apache.kafka.clients.consumer.CooperativeStickyAssignor]
	receive.buffer.bytes = 65536
	reconnect.backoff.max.ms = 1000
	reconnect.backoff.ms = 50
	request.timeout.ms = 30000
	retry.backoff.max.ms = 1000
	retry.backoff.ms = 100
	sasl.client.callback.handler.class = null
	sasl.jaas.config = null
	sasl.kerberos.kinit.cmd = /usr/bin/kinit
	sasl.kerberos.min.time.before.relogin = 60000
	sasl.kerberos.service.name = null
	sasl.kerberos.ticket.renew.jitter = 0.05
	sasl.kerberos.ticket.renew.window.factor = 0.8
	sasl.login.callback.handler.class = null
	sasl.login.class = null
	sasl.login.connect.timeout.ms = null
	sasl.login.read.timeout.ms = null
	sasl.login.refresh.buffer.seconds = 300
	sasl.login.refresh.min.period.seconds = 60
	sasl.login.refresh.window.factor = 0.8
	sasl.login.refresh.window.jitter = 0.05
	sasl.login.retry.backoff.max.ms = 10000
	sasl.login.retry.backoff.ms = 100
	sasl.mechanism = GSSAPI
	sasl.oauthbearer.clock.skew.seconds = 30
	sasl.oauthbearer.expected.audience = null
	sasl.oauthbearer.expected.issuer = null
	sasl.oauthbearer.jwks.endpoint.refresh.ms = 3600000
	sasl.oauthbearer.jwks.endpoint.retry.backoff.max.ms = 10000
	sasl.oauthbearer.jwks.endpoint.retry.backoff.ms = 100
	sasl.oauthbearer.jwks.endpoint.url = null
	sasl.oauthbearer.scope.claim.name = scope
	sasl.oauthbearer.sub.claim.name = sub
	sasl.oauthbearer.token.endpoint.url = null
	security.protocol = PLAINTEXT
	security.providers = null
	send.buffer.bytes = 131072
	session.timeout.ms = 45000
	socket.connection.setup.timeout.max.ms = 30000
	socket.connection.setup.timeout.ms = 10000
	ssl.cipher.suites = null
	ssl.enabled.protocols = [TLSv1.2, TLSv1.3]
	ssl.endpoint.identification.algorithm = https
	ssl.engine.factory.class = null
	ssl.key.password = null
	ssl.keymanager.algorithm = SunX509
	ssl.keystore.certificate.chain = null
	ssl.keystore.key = null
	ssl.keystore.location = null
	ssl.keystore.password = null
	ssl.keystore.type = JKS
	ssl.protocol = TLSv1.3
	ssl.provider = null
	ssl.secure.random.implementation = null
	ssl.trustmanager.algorithm = PKIX
	ssl.truststore.certificates = null
	ssl.truststore.location = null
	ssl.truststore.password = null
	ssl.truststore.type = JKS
	value.deserializer = class org.springframework.kafka.support.serializer.ErrorHandlingDeserializer

2026-06-22T14:34:47.362+05:30  INFO 80684 --- [notification-service] [           main] o.a.k.c.t.i.KafkaMetricsCollector        : initializing Kafka metrics collector
2026-06-22T14:34:47.376+05:30  INFO 80684 --- [notification-service] [           main] o.a.kafka.common.utils.AppInfoParser     : Kafka version: 3.8.1
2026-06-22T14:34:47.376+05:30  INFO 80684 --- [notification-service] [           main] o.a.kafka.common.utils.AppInfoParser     : Kafka commitId: 70d6ff42debf7e17
2026-06-22T14:34:47.376+05:30  INFO 80684 --- [notification-service] [           main] o.a.kafka.common.utils.AppInfoParser     : Kafka startTimeMs: 1782119087376
2026-06-22T14:34:47.396+05:30  INFO 80684 --- [notification-service] [           main] o.a.k.c.c.internals.LegacyKafkaConsumer  : [Consumer clientId=consumer-notification-service-group-3, groupId=notification-service-group] Subscribed to topic(s): notification.send
2026-06-22T14:34:47.411+05:30  INFO 80684 --- [notification-service] [ntainer#0-1-C-1] org.apache.kafka.clients.Metadata        : [Consumer clientId=consumer-notification-service-group-2, groupId=notification-service-group] Cluster ID: FZ5fgxe8QsiYlf7uOpvVWA
2026-06-22T14:34:47.411+05:30  INFO 80684 --- [notification-service] [ntainer#0-0-C-1] org.apache.kafka.clients.Metadata        : [Consumer clientId=consumer-notification-service-group-1, groupId=notification-service-group] Cluster ID: FZ5fgxe8QsiYlf7uOpvVWA
2026-06-22T14:34:47.411+05:30  INFO 80684 --- [notification-service] [ntainer#0-2-C-1] org.apache.kafka.clients.Metadata        : [Consumer clientId=consumer-notification-service-group-3, groupId=notification-service-group] Cluster ID: FZ5fgxe8QsiYlf7uOpvVWA
2026-06-22T14:34:47.411+05:30  INFO 80684 --- [notification-service] [ntainer#0-1-C-1] o.a.k.c.c.internals.ConsumerCoordinator  : [Consumer clientId=consumer-notification-service-group-2, groupId=notification-service-group] Discovered group coordinator localhost:9092 (id: 2147483646 rack: null)
2026-06-22T14:34:47.412+05:30  INFO 80684 --- [notification-service] [ntainer#0-2-C-1] o.a.k.c.c.internals.ConsumerCoordinator  : [Consumer clientId=consumer-notification-service-group-3, groupId=notification-service-group] Discovered group coordinator localhost:9092 (id: 2147483646 rack: null)
2026-06-22T14:34:47.412+05:30  INFO 80684 --- [notification-service] [ntainer#0-0-C-1] o.a.k.c.c.internals.ConsumerCoordinator  : [Consumer clientId=consumer-notification-service-group-1, groupId=notification-service-group] Discovered group coordinator localhost:9092 (id: 2147483646 rack: null)
2026-06-22T14:34:47.414+05:30  INFO 80684 --- [notification-service] [ntainer#0-1-C-1] o.a.k.c.c.internals.ConsumerCoordinator  : [Consumer clientId=consumer-notification-service-group-2, groupId=notification-service-group] (Re-)joining group
2026-06-22T14:34:47.414+05:30  INFO 80684 --- [notification-service] [ntainer#0-0-C-1] o.a.k.c.c.internals.ConsumerCoordinator  : [Consumer clientId=consumer-notification-service-group-1, groupId=notification-service-group] (Re-)joining group
2026-06-22T14:34:47.414+05:30  INFO 80684 --- [notification-service] [ntainer#0-2-C-1] o.a.k.c.c.internals.ConsumerCoordinator  : [Consumer clientId=consumer-notification-service-group-3, groupId=notification-service-group] (Re-)joining group
2026-06-22T14:34:47.429+05:30  INFO 80684 --- [notification-service] [ntainer#0-1-C-1] o.a.k.c.c.internals.ConsumerCoordinator  : [Consumer clientId=consumer-notification-service-group-2, groupId=notification-service-group] Request joining group due to: need to re-join with the given member-id: consumer-notification-service-group-2-a958a106-45ac-4204-9132-e6f32f83a819
2026-06-22T14:34:47.430+05:30  INFO 80684 --- [notification-service] [ntainer#0-1-C-1] o.a.k.c.c.internals.ConsumerCoordinator  : [Consumer clientId=consumer-notification-service-group-2, groupId=notification-service-group] (Re-)joining group
2026-06-22T14:34:47.429+05:30  INFO 80684 --- [notification-service] [ntainer#0-2-C-1] o.a.k.c.c.internals.ConsumerCoordinator  : [Consumer clientId=consumer-notification-service-group-3, groupId=notification-service-group] Request joining group due to: need to re-join with the given member-id: consumer-notification-service-group-3-888b2e93-a9a7-4bdc-83fb-6a2bca2874fa
2026-06-22T14:34:47.430+05:30  INFO 80684 --- [notification-service] [ntainer#0-2-C-1] o.a.k.c.c.internals.ConsumerCoordinator  : [Consumer clientId=consumer-notification-service-group-3, groupId=notification-service-group] (Re-)joining group
2026-06-22T14:34:47.429+05:30  INFO 80684 --- [notification-service] [ntainer#0-0-C-1] o.a.k.c.c.internals.ConsumerCoordinator  : [Consumer clientId=consumer-notification-service-group-1, groupId=notification-service-group] Request joining group due to: need to re-join with the given member-id: consumer-notification-service-group-1-b6e692f4-a5fa-4982-bfbd-1b5e1ffa5131
2026-06-22T14:34:47.430+05:30  INFO 80684 --- [notification-service] [ntainer#0-0-C-1] o.a.k.c.c.internals.ConsumerCoordinator  : [Consumer clientId=consumer-notification-service-group-1, groupId=notification-service-group] (Re-)joining group
2026-06-22T14:34:47.433+05:30  INFO 80684 --- [notification-service] [ntainer#0-2-C-1] o.a.k.c.c.internals.ConsumerCoordinator  : [Consumer clientId=consumer-notification-service-group-3, groupId=notification-service-group] Successfully joined group with generation Generation{generationId=9, memberId='consumer-notification-service-group-3-888b2e93-a9a7-4bdc-83fb-6a2bca2874fa', protocol='range'}
2026-06-22T14:34:47.433+05:30  INFO 80684 --- [notification-service] [ntainer#0-0-C-1] o.a.k.c.c.internals.ConsumerCoordinator  : [Consumer clientId=consumer-notification-service-group-1, groupId=notification-service-group] Successfully joined group with generation Generation{generationId=9, memberId='consumer-notification-service-group-1-b6e692f4-a5fa-4982-bfbd-1b5e1ffa5131', protocol='range'}
2026-06-22T14:34:47.434+05:30  INFO 80684 --- [notification-service] [ntainer#0-1-C-1] o.a.k.c.c.internals.ConsumerCoordinator  : [Consumer clientId=consumer-notification-service-group-2, groupId=notification-service-group] Successfully joined group with generation Generation{generationId=9, memberId='consumer-notification-service-group-2-a958a106-45ac-4204-9132-e6f32f83a819', protocol='range'}
2026-06-22T14:34:47.439+05:30  INFO 80684 --- [notification-service] [ntainer#0-0-C-1] o.a.k.c.c.internals.ConsumerCoordinator  : [Consumer clientId=consumer-notification-service-group-1, groupId=notification-service-group] Finished assignment for group at generation 9: {consumer-notification-service-group-3-888b2e93-a9a7-4bdc-83fb-6a2bca2874fa=Assignment(partitions=[notification.send-2]), consumer-notification-service-group-2-a958a106-45ac-4204-9132-e6f32f83a819=Assignment(partitions=[notification.send-1]), consumer-notification-service-group-1-b6e692f4-a5fa-4982-bfbd-1b5e1ffa5131=Assignment(partitions=[notification.send-0])}
2026-06-22T14:34:47.446+05:30  INFO 80684 --- [notification-service] [ntainer#0-2-C-1] o.a.k.c.c.internals.ConsumerCoordinator  : [Consumer clientId=consumer-notification-service-group-3, groupId=notification-service-group] Successfully synced group in generation Generation{generationId=9, memberId='consumer-notification-service-group-3-888b2e93-a9a7-4bdc-83fb-6a2bca2874fa', protocol='range'}
2026-06-22T14:34:47.446+05:30  INFO 80684 --- [notification-service] [ntainer#0-0-C-1] o.a.k.c.c.internals.ConsumerCoordinator  : [Consumer clientId=consumer-notification-service-group-1, groupId=notification-service-group] Successfully synced group in generation Generation{generationId=9, memberId='consumer-notification-service-group-1-b6e692f4-a5fa-4982-bfbd-1b5e1ffa5131', protocol='range'}
2026-06-22T14:34:47.446+05:30  INFO 80684 --- [notification-service] [ntainer#0-1-C-1] o.a.k.c.c.internals.ConsumerCoordinator  : [Consumer clientId=consumer-notification-service-group-2, groupId=notification-service-group] Successfully synced group in generation Generation{generationId=9, memberId='consumer-notification-service-group-2-a958a106-45ac-4204-9132-e6f32f83a819', protocol='range'}
2026-06-22T14:34:47.446+05:30  INFO 80684 --- [notification-service] [ntainer#0-2-C-1] o.a.k.c.c.internals.ConsumerCoordinator  : [Consumer clientId=consumer-notification-service-group-3, groupId=notification-service-group] Notifying assignor about the new Assignment(partitions=[notification.send-2])
2026-06-22T14:34:47.446+05:30  INFO 80684 --- [notification-service] [ntainer#0-0-C-1] o.a.k.c.c.internals.ConsumerCoordinator  : [Consumer clientId=consumer-notification-service-group-1, groupId=notification-service-group] Notifying assignor about the new Assignment(partitions=[notification.send-0])
2026-06-22T14:34:47.447+05:30  INFO 80684 --- [notification-service] [ntainer#0-1-C-1] o.a.k.c.c.internals.ConsumerCoordinator  : [Consumer clientId=consumer-notification-service-group-2, groupId=notification-service-group] Notifying assignor about the new Assignment(partitions=[notification.send-1])
2026-06-22T14:34:47.449+05:30  INFO 80684 --- [notification-service] [ntainer#0-0-C-1] k.c.c.i.ConsumerRebalanceListenerInvoker : [Consumer clientId=consumer-notification-service-group-1, groupId=notification-service-group] Adding newly assigned partitions: notification.send-0
2026-06-22T14:34:47.449+05:30  INFO 80684 --- [notification-service] [ntainer#0-2-C-1] k.c.c.i.ConsumerRebalanceListenerInvoker : [Consumer clientId=consumer-notification-service-group-3, groupId=notification-service-group] Adding newly assigned partitions: notification.send-2
2026-06-22T14:34:47.449+05:30  INFO 80684 --- [notification-service] [ntainer#0-1-C-1] k.c.c.i.ConsumerRebalanceListenerInvoker : [Consumer clientId=consumer-notification-service-group-2, groupId=notification-service-group] Adding newly assigned partitions: notification.send-1
2026-06-22T14:34:47.449+05:30  INFO 80684 --- [notification-service] [           main] c.t.n.NotificationServiceApplication     : Started NotificationServiceApplication in 16.814 seconds (process running for 18.339)
2026-06-22T14:34:47.458+05:30  INFO 80684 --- [notification-service] [ntainer#0-0-C-1] o.a.k.c.c.internals.ConsumerUtils        : Setting offset for partition notification.send-0 to the committed offset FetchPosition{offset=14, offsetEpoch=Optional.empty, currentLeader=LeaderAndEpoch{leader=Optional[localhost:9092 (id: 1 rack: null)], epoch=0}}
2026-06-22T14:34:47.458+05:30  INFO 80684 --- [notification-service] [ntainer#0-1-C-1] o.a.k.c.c.internals.ConsumerUtils        : Setting offset for partition notification.send-1 to the committed offset FetchPosition{offset=9, offsetEpoch=Optional.empty, currentLeader=LeaderAndEpoch{leader=Optional[localhost:9092 (id: 1 rack: null)], epoch=0}}
2026-06-22T14:34:47.458+05:30  INFO 80684 --- [notification-service] [ntainer#0-2-C-1] o.a.k.c.c.internals.ConsumerUtils        : Setting offset for partition notification.send-2 to the committed offset FetchPosition{offset=22, offsetEpoch=Optional.empty, currentLeader=LeaderAndEpoch{leader=Optional[localhost:9092 (id: 1 rack: null)], epoch=0}}
2026-06-22T14:34:47.460+05:30  INFO 80684 --- [notification-service] [ntainer#0-2-C-1] o.s.k.l.KafkaMessageListenerContainer    : notification-service-group: partitions assigned: [notification.send-2]
2026-06-22T14:34:47.460+05:30  INFO 80684 --- [notification-service] [ntainer#0-1-C-1] o.s.k.l.KafkaMessageListenerContainer    : notification-service-group: partitions assigned: [notification.send-1]
2026-06-22T14:34:47.460+05:30  INFO 80684 --- [notification-service] [ntainer#0-0-C-1] o.s.k.l.KafkaMessageListenerContainer    : notification-service-group: partitions assigned: [notification.send-0]
2026-06-22T14:43:47.585+05:30  INFO 80684 --- [notification-service] [ntainer#0-2-C-1] org.apache.kafka.clients.NetworkClient   : [Consumer clientId=consumer-notification-service-group-3, groupId=notification-service-group] Node -1 disconnected.
2026-06-22T14:43:47.584+05:30  INFO 80684 --- [notification-service] [ntainer#0-0-C-1] org.apache.kafka.clients.NetworkClient   : [Consumer clientId=consumer-notification-service-group-1, groupId=notification-service-group] Node -1 disconnected.
2026-06-22T14:43:47.585+05:30  INFO 80684 --- [notification-service] [ntainer#0-1-C-1] org.apache.kafka.clients.NetworkClient   : [Consumer clientId=consumer-notification-service-group-2, groupId=notification-service-group] Node -1 disconnected.
2026-06-22T14:53:47.599+05:30  INFO 80684 --- [notification-service] [ntainer#0-1-C-1] org.apache.kafka.clients.NetworkClient   : [Consumer clientId=consumer-notification-service-group-2, groupId=notification-service-group] Node -1 disconnected.
2026-06-22T14:53:47.600+05:30  INFO 80684 --- [notification-service] [ntainer#0-2-C-1] org.apache.kafka.clients.NetworkClient   : [Consumer clientId=consumer-notification-service-group-3, groupId=notification-service-group] Node -1 disconnected.
2026-06-22T14:53:47.600+05:30  INFO 80684 --- [notification-service] [ntainer#0-0-C-1] org.apache.kafka.clients.NetworkClient   : [Consumer clientId=consumer-notification-service-group-1, groupId=notification-service-group] Node -1 disconnected.
2026-06-22T14:59:08.731+05:30  INFO 80684 --- [notification-service] [ntainer#0-1-C-1] c.t.n.c.NotificationKafkaConsumer        : [NOTIFICATION-CONSUMER] ▶ Message received | topic=notification.send | partition=1 | offset=9
2026-06-22T14:59:08.757+05:30  INFO 80684 --- [notification-service] [ntainer#0-1-C-1] c.t.n.c.NotificationKafkaConsumer        : [NOTIFICATION-CONSUMER] ▶ Payload deserialized | type=CANDIDATE_UPDATED | userId=4 | channels=[IN_APP, EMAIL] | emailPresent=true
2026-06-22T14:59:08.757+05:30  INFO 80684 --- [notification-service] [ntainer#0-1-C-1] c.t.kafka.consumer.BaseKafkaConsumer     : [KAFKA-CONSUMER] Received event | type=NOTIFICATION_SEND | eventId=d035ef59-7efc-4aeb-8820-eeadc148ae34 | source=candidate-service | correlationId=59d0c9a6-cc75-4a4e-81cb-2707c5ade9fa
2026-06-22T14:59:08.757+05:30  INFO 80684 --- [notification-service] [ntainer#0-1-C-1] c.t.n.s.NotificationOrchestrationService : [NOTIFICATION] ▶ Processing | userId=4 | type=CANDIDATE_UPDATED | channels=[IN_APP, EMAIL] | ref=CANDIDATE:4 | emailPresent=true
2026-06-22T14:59:08.758+05:30  INFO 80684 --- [notification-service] [ntainer#0-1-C-1] c.t.n.s.NotificationOrchestrationService : [NOTIFICATION] ▶ Attempting channel='IN_APP' | userId=4 | type=CANDIDATE_UPDATED
2026-06-22T14:59:08.758+05:30  INFO 80684 --- [notification-service] [ntainer#0-1-C-1] c.t.n.channel.InAppNotificationChannel   : [IN-APP] Persisting notification | userId=4 | type=CANDIDATE_UPDATED | ref=CANDIDATE:4
2026-06-22T14:59:08.841+05:30  INFO 80684 --- [notification-service] [ntainer#0-1-C-1] c.t.n.channel.InAppNotificationChannel   : [IN-APP] Notification persisted | id=46 | userId=4 | type=CANDIDATE_UPDATED
2026-06-22T14:59:08.841+05:30  INFO 80684 --- [notification-service] [ntainer#0-1-C-1] c.t.n.s.NotificationOrchestrationService : [NOTIFICATION] ✓ Channel='IN_APP' delivered | userId=4 | type=CANDIDATE_UPDATED
2026-06-22T14:59:08.841+05:30  INFO 80684 --- [notification-service] [ntainer#0-1-C-1] c.t.n.s.NotificationOrchestrationService : [NOTIFICATION] ▶ Attempting channel='EMAIL' | userId=4 | type=CANDIDATE_UPDATED
2026-06-22T14:59:08.841+05:30  INFO 80684 --- [notification-service] [ntainer#0-1-C-1] c.t.n.channel.EmailNotificationChannel   : [EMAIL] ▶ Starting email delivery | userId=4 | type=CANDIDATE_UPDATED | templateId=candidate-updated | toPresent=true
2026-06-22T14:59:08.918+05:30 ERROR 80684 --- [notification-service] [ntainer#0-1-C-1] org.thymeleaf.TemplateEngine             : [THYMELEAF][org.springframework.kafka.KafkaListenerEndpointContainer#0-1-C-1] Exception processing template "email/candidate-updated": Error resolving template [email/candidate-updated], template might not exist or might not be accessible by any of the configured Template Resolvers

org.thymeleaf.exceptions.TemplateInputException: Error resolving template [email/candidate-updated], template might not exist or might not be accessible by any of the configured Template Resolvers
	at org.thymeleaf.engine.TemplateManager.resolveTemplate(TemplateManager.java:869) ~[thymeleaf-3.1.2.RELEASE.jar!/:3.1.2.RELEASE]
	at org.thymeleaf.engine.TemplateManager.parseAndProcess(TemplateManager.java:607) ~[thymeleaf-3.1.2.RELEASE.jar!/:3.1.2.RELEASE]
	at org.thymeleaf.TemplateEngine.process(TemplateEngine.java:1103) ~[thymeleaf-3.1.2.RELEASE.jar!/:3.1.2.RELEASE]
	at org.thymeleaf.TemplateEngine.process(TemplateEngine.java:1064) ~[thymeleaf-3.1.2.RELEASE.jar!/:3.1.2.RELEASE]
	at org.thymeleaf.TemplateEngine.process(TemplateEngine.java:1053) ~[thymeleaf-3.1.2.RELEASE.jar!/:3.1.2.RELEASE]
	at com.talentgrid.notification.channel.EmailNotificationChannel.resolveContent(EmailNotificationChannel.java:136) ~[!/:1.0.0-SNAPSHOT]
	at com.talentgrid.notification.channel.EmailNotificationChannel.deliver(EmailNotificationChannel.java:75) ~[!/:1.0.0-SNAPSHOT]
	at com.talentgrid.notification.service.NotificationOrchestrationService.process(NotificationOrchestrationService.java:78) ~[!/:1.0.0-SNAPSHOT]
	at com.talentgrid.notification.consumer.NotificationKafkaConsumer.handleEvent(NotificationKafkaConsumer.java:83) ~[!/:1.0.0-SNAPSHOT]
	at com.talentgrid.kafka.consumer.BaseKafkaConsumer.process(BaseKafkaConsumer.java:13) ~[talentgrid-kafka-1.0.0-SNAPSHOT.jar!/:1.0.0-SNAPSHOT]
	at com.talentgrid.notification.consumer.NotificationKafkaConsumer.onMessage(NotificationKafkaConsumer.java:71) ~[!/:1.0.0-SNAPSHOT]
	at java.base/jdk.internal.reflect.NativeMethodAccessorImpl.invoke0(Native Method) ~[na:na]
	at java.base/jdk.internal.reflect.NativeMethodAccessorImpl.invoke(NativeMethodAccessorImpl.java:77) ~[na:na]
	at java.base/jdk.internal.reflect.DelegatingMethodAccessorImpl.invoke(DelegatingMethodAccessorImpl.java:43) ~[na:na]
	at java.base/java.lang.reflect.Method.invoke(Method.java:569) ~[na:na]
	at org.springframework.messaging.handler.invocation.InvocableHandlerMethod.doInvoke(InvocableHandlerMethod.java:169) ~[spring-messaging-6.2.0.jar!/:6.2.0]
	at org.springframework.kafka.listener.adapter.KotlinAwareInvocableHandlerMethod.doInvoke(KotlinAwareInvocableHandlerMethod.java:45) ~[spring-kafka-3.3.0.jar!/:3.3.0]
	at org.springframework.messaging.handler.invocation.InvocableHandlerMethod.invoke(InvocableHandlerMethod.java:119) ~[spring-messaging-6.2.0.jar!/:6.2.0]
	at org.springframework.kafka.listener.adapter.HandlerAdapter.invoke(HandlerAdapter.java:71) ~[spring-kafka-3.3.0.jar!/:3.3.0]
	at org.springframework.kafka.listener.adapter.MessagingMessageListenerAdapter.invokeHandler(MessagingMessageListenerAdapter.java:474) ~[spring-kafka-3.3.0.jar!/:3.3.0]
	at org.springframework.kafka.listener.adapter.MessagingMessageListenerAdapter.invoke(MessagingMessageListenerAdapter.java:421) ~[spring-kafka-3.3.0.jar!/:3.3.0]
	at org.springframework.kafka.listener.adapter.RecordMessagingMessageListenerAdapter.onMessage(RecordMessagingMessageListenerAdapter.java:85) ~[spring-kafka-3.3.0.jar!/:3.3.0]
	at org.springframework.kafka.listener.adapter.RecordMessagingMessageListenerAdapter.onMessage(RecordMessagingMessageListenerAdapter.java:50) ~[spring-kafka-3.3.0.jar!/:3.3.0]
	at org.springframework.kafka.listener.KafkaMessageListenerContainer$ListenerConsumer.doInvokeOnMessage(KafkaMessageListenerContainer.java:2875) ~[spring-kafka-3.3.0.jar!/:3.3.0]
	at org.springframework.kafka.listener.KafkaMessageListenerContainer$ListenerConsumer.invokeOnMessage(KafkaMessageListenerContainer.java:2853) ~[spring-kafka-3.3.0.jar!/:3.3.0]
	at org.springframework.kafka.listener.KafkaMessageListenerContainer$ListenerConsumer.doInvokeRecordListener(KafkaMessageListenerContainer.java:2766) ~[spring-kafka-3.3.0.jar!/:3.3.0]
	at org.springframework.kafka.listener.KafkaMessageListenerContainer$ListenerConsumer.doInvokeWithRecords(KafkaMessageListenerContainer.java:2604) ~[spring-kafka-3.3.0.jar!/:3.3.0]
	at org.springframework.kafka.listener.KafkaMessageListenerContainer$ListenerConsumer.invokeRecordListener(KafkaMessageListenerContainer.java:2493) ~[spring-kafka-3.3.0.jar!/:3.3.0]
	at org.springframework.kafka.listener.KafkaMessageListenerContainer$ListenerConsumer.invokeListener(KafkaMessageListenerContainer.java:2144) ~[spring-kafka-3.3.0.jar!/:3.3.0]
	at org.springframework.kafka.listener.KafkaMessageListenerContainer$ListenerConsumer.invokeIfHaveRecords(KafkaMessageListenerContainer.java:1520) ~[spring-kafka-3.3.0.jar!/:3.3.0]
	at org.springframework.kafka.listener.KafkaMessageListenerContainer$ListenerConsumer.pollAndInvoke(KafkaMessageListenerContainer.java:1458) ~[spring-kafka-3.3.0.jar!/:3.3.0]
	at org.springframework.kafka.listener.KafkaMessageListenerContainer$ListenerConsumer.run(KafkaMessageListenerContainer.java:1327) ~[spring-kafka-3.3.0.jar!/:3.3.0]
	at java.base/java.util.concurrent.CompletableFuture$AsyncRun.run(CompletableFuture.java:1804) ~[na:na]
	at java.base/java.lang.Thread.run(Thread.java:840) ~[na:na]

2026-06-22T14:59:08.921+05:30  WARN 80684 --- [notification-service] [ntainer#0-1-C-1] c.t.n.channel.EmailNotificationChannel   : [EMAIL] Template 'candidate-updated' failed to render — falling back to plain HTML. Check that templates/email/candidate-updated.html exists in notification-service resources. Error: Error resolving template [email/candidate-updated], template might not exist or might not be accessible by any of the configured Template Resolvers
2026-06-22T14:59:08.955+05:30  INFO 80684 --- [notification-service] [ntainer#0-1-C-1] c.t.n.channel.EmailNotificationChannel   : [EMAIL] ▶ Invoking SMTP send | host=smtp.gmail.com | port=587 | userId=4
2026-06-22T14:59:09.019+05:30 ERROR 80684 --- [notification-service] [ntainer#0-1-C-1] c.t.n.channel.EmailNotificationChannel   : [EMAIL] ✗ SMTP authentication failed — check spring.mail.password in application.properties. Gmail requires an App Password (not your account password). Generate one at: https://myaccount.google.com/apppasswords | error=Authentication failed
2026-06-22T14:59:09.019+05:30 ERROR 80684 --- [notification-service] [ntainer#0-1-C-1] c.t.n.s.NotificationOrchestrationService : [NOTIFICATION] ✗ Channel='EMAIL' delivery failed | userId=4 | type=CANDIDATE_UPDATED | error=Authentication failed

org.springframework.mail.MailAuthenticationException: Authentication failed
	at org.springframework.mail.javamail.JavaMailSenderImpl.doSend(JavaMailSenderImpl.java:402) ~[spring-context-support-6.2.0.jar!/:6.2.0]
	at org.springframework.mail.javamail.JavaMailSenderImpl.send(JavaMailSenderImpl.java:350) ~[spring-context-support-6.2.0.jar!/:6.2.0]
	at org.springframework.mail.javamail.JavaMailSender.send(JavaMailSender.java:101) ~[spring-context-support-6.2.0.jar!/:6.2.0]
	at com.talentgrid.notification.channel.EmailNotificationChannel.deliver(EmailNotificationChannel.java:94) ~[!/:1.0.0-SNAPSHOT]
	at com.talentgrid.notification.service.NotificationOrchestrationService.process(NotificationOrchestrationService.java:78) ~[!/:1.0.0-SNAPSHOT]
	at com.talentgrid.notification.consumer.NotificationKafkaConsumer.handleEvent(NotificationKafkaConsumer.java:83) ~[!/:1.0.0-SNAPSHOT]
	at com.talentgrid.kafka.consumer.BaseKafkaConsumer.process(BaseKafkaConsumer.java:13) ~[talentgrid-kafka-1.0.0-SNAPSHOT.jar!/:1.0.0-SNAPSHOT]
	at com.talentgrid.notification.consumer.NotificationKafkaConsumer.onMessage(NotificationKafkaConsumer.java:71) ~[!/:1.0.0-SNAPSHOT]
	at java.base/jdk.internal.reflect.NativeMethodAccessorImpl.invoke0(Native Method) ~[na:na]
	at java.base/jdk.internal.reflect.NativeMethodAccessorImpl.invoke(NativeMethodAccessorImpl.java:77) ~[na:na]
	at java.base/jdk.internal.reflect.DelegatingMethodAccessorImpl.invoke(DelegatingMethodAccessorImpl.java:43) ~[na:na]
	at java.base/java.lang.reflect.Method.invoke(Method.java:569) ~[na:na]
	at org.springframework.messaging.handler.invocation.InvocableHandlerMethod.doInvoke(InvocableHandlerMethod.java:169) ~[spring-messaging-6.2.0.jar!/:6.2.0]
	at org.springframework.kafka.listener.adapter.KotlinAwareInvocableHandlerMethod.doInvoke(KotlinAwareInvocableHandlerMethod.java:45) ~[spring-kafka-3.3.0.jar!/:3.3.0]
	at org.springframework.messaging.handler.invocation.InvocableHandlerMethod.invoke(InvocableHandlerMethod.java:119) ~[spring-messaging-6.2.0.jar!/:6.2.0]
	at org.springframework.kafka.listener.adapter.HandlerAdapter.invoke(HandlerAdapter.java:71) ~[spring-kafka-3.3.0.jar!/:3.3.0]
	at org.springframework.kafka.listener.adapter.MessagingMessageListenerAdapter.invokeHandler(MessagingMessageListenerAdapter.java:474) ~[spring-kafka-3.3.0.jar!/:3.3.0]
	at org.springframework.kafka.listener.adapter.MessagingMessageListenerAdapter.invoke(MessagingMessageListenerAdapter.java:421) ~[spring-kafka-3.3.0.jar!/:3.3.0]
	at org.springframework.kafka.listener.adapter.RecordMessagingMessageListenerAdapter.onMessage(RecordMessagingMessageListenerAdapter.java:85) ~[spring-kafka-3.3.0.jar!/:3.3.0]
	at org.springframework.kafka.listener.adapter.RecordMessagingMessageListenerAdapter.onMessage(RecordMessagingMessageListenerAdapter.java:50) ~[spring-kafka-3.3.0.jar!/:3.3.0]
	at org.springframework.kafka.listener.KafkaMessageListenerContainer$ListenerConsumer.doInvokeOnMessage(KafkaMessageListenerContainer.java:2875) ~[spring-kafka-3.3.0.jar!/:3.3.0]
	at org.springframework.kafka.listener.KafkaMessageListenerContainer$ListenerConsumer.invokeOnMessage(KafkaMessageListenerContainer.java:2853) ~[spring-kafka-3.3.0.jar!/:3.3.0]
	at org.springframework.kafka.listener.KafkaMessageListenerContainer$ListenerConsumer.doInvokeRecordListener(KafkaMessageListenerContainer.java:2766) ~[spring-kafka-3.3.0.jar!/:3.3.0]
	at org.springframework.kafka.listener.KafkaMessageListenerContainer$ListenerConsumer.doInvokeWithRecords(KafkaMessageListenerContainer.java:2604) ~[spring-kafka-3.3.0.jar!/:3.3.0]
	at org.springframework.kafka.listener.KafkaMessageListenerContainer$ListenerConsumer.invokeRecordListener(KafkaMessageListenerContainer.java:2493) ~[spring-kafka-3.3.0.jar!/:3.3.0]
	at org.springframework.kafka.listener.KafkaMessageListenerContainer$ListenerConsumer.invokeListener(KafkaMessageListenerContainer.java:2144) ~[spring-kafka-3.3.0.jar!/:3.3.0]
	at org.springframework.kafka.listener.KafkaMessageListenerContainer$ListenerConsumer.invokeIfHaveRecords(KafkaMessageListenerContainer.java:1520) ~[spring-kafka-3.3.0.jar!/:3.3.0]
	at org.springframework.kafka.listener.KafkaMessageListenerContainer$ListenerConsumer.pollAndInvoke(KafkaMessageListenerContainer.java:1458) ~[spring-kafka-3.3.0.jar!/:3.3.0]
	at org.springframework.kafka.listener.KafkaMessageListenerContainer$ListenerConsumer.run(KafkaMessageListenerContainer.java:1327) ~[spring-kafka-3.3.0.jar!/:3.3.0]
	at java.base/java.util.concurrent.CompletableFuture$AsyncRun.run(CompletableFuture.java:1804) ~[na:na]
	at java.base/java.lang.Thread.run(Thread.java:840) ~[na:na]
Caused by: jakarta.mail.AuthenticationFailedException: failed to connect, no password specified?
	at jakarta.mail.Service.connect(Service.java:379) ~[jakarta.mail-2.0.3.jar!/:na]
	at org.springframework.mail.javamail.JavaMailSenderImpl.connectTransport(JavaMailSenderImpl.java:480) ~[spring-context-support-6.2.0.jar!/:6.2.0]
	at org.springframework.mail.javamail.JavaMailSenderImpl.doSend(JavaMailSenderImpl.java:399) ~[spring-context-support-6.2.0.jar!/:6.2.0]
	... 30 common frames omitted

2026-06-22T14:59:09.020+05:30  WARN 80684 --- [notification-service] [ntainer#0-1-C-1] c.t.n.s.NotificationOrchestrationService : [NOTIFICATION] ⚠ Delivery complete with failures | userId=4 | type=CANDIDATE_UPDATED | success=1 | failure=1
2026-06-22T14:59:10.154+05:30  INFO 80684 --- [notification-service] [ntainer#0-1-C-1] c.t.n.c.NotificationKafkaConsumer        : [NOTIFICATION-CONSUMER] ▶ Message received | topic=notification.send | partition=1 | offset=10
2026-06-22T14:59:10.155+05:30  INFO 80684 --- [notification-service] [ntainer#0-1-C-1] c.t.n.c.NotificationKafkaConsumer        : [NOTIFICATION-CONSUMER] ▶ Payload deserialized | type=APPLICATION_APPLIED | userId=4 | channels=[IN_APP] | emailPresent=false
2026-06-22T14:59:10.155+05:30  INFO 80684 --- [notification-service] [ntainer#0-1-C-1] c.t.kafka.consumer.BaseKafkaConsumer     : [KAFKA-CONSUMER] Received event | type=NOTIFICATION_SEND | eventId=3a287c8b-4d17-4564-b71a-f9859981f81e | source=application-service | correlationId=03aaf122-d952-443c-af09-248e4668c07f
2026-06-22T14:59:10.156+05:30  INFO 80684 --- [notification-service] [ntainer#0-1-C-1] c.t.n.s.NotificationOrchestrationService : [NOTIFICATION] ▶ Processing | userId=4 | type=APPLICATION_APPLIED | channels=[IN_APP] | ref=APPLICATION:202 | emailPresent=false
2026-06-22T14:59:10.156+05:30  INFO 80684 --- [notification-service] [ntainer#0-1-C-1] c.t.n.s.NotificationOrchestrationService : [NOTIFICATION] ▶ Attempting channel='IN_APP' | userId=4 | type=APPLICATION_APPLIED
2026-06-22T14:59:10.156+05:30  INFO 80684 --- [notification-service] [ntainer#0-1-C-1] c.t.n.channel.InAppNotificationChannel   : [IN-APP] Persisting notification | userId=4 | type=APPLICATION_APPLIED | ref=APPLICATION:202
2026-06-22T14:59:10.159+05:30  INFO 80684 --- [notification-service] [ntainer#0-1-C-1] c.t.n.channel.InAppNotificationChannel   : [IN-APP] Notification persisted | id=47 | userId=4 | type=APPLICATION_APPLIED
2026-06-22T14:59:10.159+05:30  INFO 80684 --- [notification-service] [ntainer#0-1-C-1] c.t.n.s.NotificationOrchestrationService : [NOTIFICATION] ✓ Channel='IN_APP' delivered | userId=4 | type=APPLICATION_APPLIED
2026-06-22T14:59:10.159+05:30  INFO 80684 --- [notification-service] [ntainer#0-1-C-1] c.t.n.s.NotificationOrchestrationService : [NOTIFICATION] ✓ All channels delivered | userId=4 | type=APPLICATION_APPLIED | success=1
2026-06-22T14:59:55.043+05:30  INFO 80684 --- [notification-service] [ntainer#0-1-C-1] c.t.n.c.NotificationKafkaConsumer        : [NOTIFICATION-CONSUMER] ▶ Message received | topic=notification.send | partition=1 | offset=11
2026-06-22T14:59:55.049+05:30  INFO 80684 --- [notification-service] [ntainer#0-1-C-1] c.t.n.c.NotificationKafkaConsumer        : [NOTIFICATION-CONSUMER] ▶ Payload deserialized | type=CANDIDATE_UPDATED | userId=4 | channels=[IN_APP, EMAIL] | emailPresent=true
2026-06-22T14:59:55.049+05:30  INFO 80684 --- [notification-service] [ntainer#0-1-C-1] c.t.kafka.consumer.BaseKafkaConsumer     : [KAFKA-CONSUMER] Received event | type=NOTIFICATION_SEND | eventId=c052d8fb-9fea-4088-acb4-fb8d8ccb915a | source=candidate-service | correlationId=8bfee3ae-c8ef-4d7e-8b47-c196da0e30ba
2026-06-22T14:59:55.050+05:30  INFO 80684 --- [notification-service] [ntainer#0-1-C-1] c.t.n.s.NotificationOrchestrationService : [NOTIFICATION] ▶ Processing | userId=4 | type=CANDIDATE_UPDATED | channels=[IN_APP, EMAIL] | ref=CANDIDATE:4 | emailPresent=true
2026-06-22T14:59:55.050+05:30  INFO 80684 --- [notification-service] [ntainer#0-1-C-1] c.t.n.s.NotificationOrchestrationService : [NOTIFICATION] ▶ Attempting channel='IN_APP' | userId=4 | type=CANDIDATE_UPDATED
2026-06-22T14:59:55.050+05:30  INFO 80684 --- [notification-service] [ntainer#0-1-C-1] c.t.n.channel.InAppNotificationChannel   : [IN-APP] Persisting notification | userId=4 | type=CANDIDATE_UPDATED | ref=CANDIDATE:4
2026-06-22T14:59:55.065+05:30  INFO 80684 --- [notification-service] [ntainer#0-1-C-1] c.t.n.channel.InAppNotificationChannel   : [IN-APP] Notification persisted | id=48 | userId=4 | type=CANDIDATE_UPDATED
2026-06-22T14:59:55.065+05:30  INFO 80684 --- [notification-service] [ntainer#0-1-C-1] c.t.n.s.NotificationOrchestrationService : [NOTIFICATION] ✓ Channel='IN_APP' delivered | userId=4 | type=CANDIDATE_UPDATED
2026-06-22T14:59:55.066+05:30  INFO 80684 --- [notification-service] [ntainer#0-1-C-1] c.t.n.s.NotificationOrchestrationService : [NOTIFICATION] ▶ Attempting channel='EMAIL' | userId=4 | type=CANDIDATE_UPDATED
2026-06-22T14:59:55.066+05:30  INFO 80684 --- [notification-service] [ntainer#0-1-C-1] c.t.n.channel.EmailNotificationChannel   : [EMAIL] ▶ Starting email delivery | userId=4 | type=CANDIDATE_UPDATED | templateId=candidate-updated | toPresent=true
2026-06-22T14:59:55.067+05:30 ERROR 80684 --- [notification-service] [ntainer#0-1-C-1] org.thymeleaf.TemplateEngine             : [THYMELEAF][org.springframework.kafka.KafkaListenerEndpointContainer#0-1-C-1] Exception processing template "email/candidate-updated": Error resolving template [email/candidate-updated], template might not exist or might not be accessible by any of the configured Template Resolvers

org.thymeleaf.exceptions.TemplateInputException: Error resolving template [email/candidate-updated], template might not exist or might not be accessible by any of the configured Template Resolvers
	at org.thymeleaf.engine.TemplateManager.resolveTemplate(TemplateManager.java:869) ~[thymeleaf-3.1.2.RELEASE.jar!/:3.1.2.RELEASE]
	at org.thymeleaf.engine.TemplateManager.parseAndProcess(TemplateManager.java:607) ~[thymeleaf-3.1.2.RELEASE.jar!/:3.1.2.RELEASE]
	at org.thymeleaf.TemplateEngine.process(TemplateEngine.java:1103) ~[thymeleaf-3.1.2.RELEASE.jar!/:3.1.2.RELEASE]
	at org.thymeleaf.TemplateEngine.process(TemplateEngine.java:1064) ~[thymeleaf-3.1.2.RELEASE.jar!/:3.1.2.RELEASE]
	at org.thymeleaf.TemplateEngine.process(TemplateEngine.java:1053) ~[thymeleaf-3.1.2.RELEASE.jar!/:3.1.2.RELEASE]
	at com.talentgrid.notification.channel.EmailNotificationChannel.resolveContent(EmailNotificationChannel.java:136) ~[!/:1.0.0-SNAPSHOT]
	at com.talentgrid.notification.channel.EmailNotificationChannel.deliver(EmailNotificationChannel.java:75) ~[!/:1.0.0-SNAPSHOT]
	at com.talentgrid.notification.service.NotificationOrchestrationService.process(NotificationOrchestrationService.java:78) ~[!/:1.0.0-SNAPSHOT]
	at com.talentgrid.notification.consumer.NotificationKafkaConsumer.handleEvent(NotificationKafkaConsumer.java:83) ~[!/:1.0.0-SNAPSHOT]
	at com.talentgrid.kafka.consumer.BaseKafkaConsumer.process(BaseKafkaConsumer.java:13) ~[talentgrid-kafka-1.0.0-SNAPSHOT.jar!/:1.0.0-SNAPSHOT]
	at com.talentgrid.notification.consumer.NotificationKafkaConsumer.onMessage(NotificationKafkaConsumer.java:71) ~[!/:1.0.0-SNAPSHOT]
	at java.base/jdk.internal.reflect.NativeMethodAccessorImpl.invoke0(Native Method) ~[na:na]
	at java.base/jdk.internal.reflect.NativeMethodAccessorImpl.invoke(NativeMethodAccessorImpl.java:77) ~[na:na]
	at java.base/jdk.internal.reflect.DelegatingMethodAccessorImpl.invoke(DelegatingMethodAccessorImpl.java:43) ~[na:na]
	at java.base/java.lang.reflect.Method.invoke(Method.java:569) ~[na:na]
	at org.springframework.messaging.handler.invocation.InvocableHandlerMethod.doInvoke(InvocableHandlerMethod.java:169) ~[spring-messaging-6.2.0.jar!/:6.2.0]
	at org.springframework.kafka.listener.adapter.KotlinAwareInvocableHandlerMethod.doInvoke(KotlinAwareInvocableHandlerMethod.java:45) ~[spring-kafka-3.3.0.jar!/:3.3.0]
	at org.springframework.messaging.handler.invocation.InvocableHandlerMethod.invoke(InvocableHandlerMethod.java:119) ~[spring-messaging-6.2.0.jar!/:6.2.0]
	at org.springframework.kafka.listener.adapter.HandlerAdapter.invoke(HandlerAdapter.java:71) ~[spring-kafka-3.3.0.jar!/:3.3.0]
	at org.springframework.kafka.listener.adapter.MessagingMessageListenerAdapter.invokeHandler(MessagingMessageListenerAdapter.java:474) ~[spring-kafka-3.3.0.jar!/:3.3.0]
	at org.springframework.kafka.listener.adapter.MessagingMessageListenerAdapter.invoke(MessagingMessageListenerAdapter.java:421) ~[spring-kafka-3.3.0.jar!/:3.3.0]
	at org.springframework.kafka.listener.adapter.RecordMessagingMessageListenerAdapter.onMessage(RecordMessagingMessageListenerAdapter.java:85) ~[spring-kafka-3.3.0.jar!/:3.3.0]
	at org.springframework.kafka.listener.adapter.RecordMessagingMessageListenerAdapter.onMessage(RecordMessagingMessageListenerAdapter.java:50) ~[spring-kafka-3.3.0.jar!/:3.3.0]
	at org.springframework.kafka.listener.KafkaMessageListenerContainer$ListenerConsumer.doInvokeOnMessage(KafkaMessageListenerContainer.java:2875) ~[spring-kafka-3.3.0.jar!/:3.3.0]
	at org.springframework.kafka.listener.KafkaMessageListenerContainer$ListenerConsumer.invokeOnMessage(KafkaMessageListenerContainer.java:2853) ~[spring-kafka-3.3.0.jar!/:3.3.0]
	at org.springframework.kafka.listener.KafkaMessageListenerContainer$ListenerConsumer.doInvokeRecordListener(KafkaMessageListenerContainer.java:2766) ~[spring-kafka-3.3.0.jar!/:3.3.0]
	at org.springframework.kafka.listener.KafkaMessageListenerContainer$ListenerConsumer.doInvokeWithRecords(KafkaMessageListenerContainer.java:2604) ~[spring-kafka-3.3.0.jar!/:3.3.0]
	at org.springframework.kafka.listener.KafkaMessageListenerContainer$ListenerConsumer.invokeRecordListener(KafkaMessageListenerContainer.java:2493) ~[spring-kafka-3.3.0.jar!/:3.3.0]
	at org.springframework.kafka.listener.KafkaMessageListenerContainer$ListenerConsumer.invokeListener(KafkaMessageListenerContainer.java:2144) ~[spring-kafka-3.3.0.jar!/:3.3.0]
	at org.springframework.kafka.listener.KafkaMessageListenerContainer$ListenerConsumer.invokeIfHaveRecords(KafkaMessageListenerContainer.java:1520) ~[spring-kafka-3.3.0.jar!/:3.3.0]
	at org.springframework.kafka.listener.KafkaMessageListenerContainer$ListenerConsumer.pollAndInvoke(KafkaMessageListenerContainer.java:1458) ~[spring-kafka-3.3.0.jar!/:3.3.0]
	at org.springframework.kafka.listener.KafkaMessageListenerContainer$ListenerConsumer.run(KafkaMessageListenerContainer.java:1327) ~[spring-kafka-3.3.0.jar!/:3.3.0]
	at java.base/java.util.concurrent.CompletableFuture$AsyncRun.run(CompletableFuture.java:1804) ~[na:na]
	at java.base/java.lang.Thread.run(Thread.java:840) ~[na:na]

2026-06-22T14:59:55.069+05:30  WARN 80684 --- [notification-service] [ntainer#0-1-C-1] c.t.n.channel.EmailNotificationChannel   : [EMAIL] Template 'candidate-updated' failed to render — falling back to plain HTML. Check that templates/email/candidate-updated.html exists in notification-service resources. Error: Error resolving template [email/candidate-updated], template might not exist or might not be accessible by any of the configured Template Resolvers
2026-06-22T14:59:55.071+05:30  INFO 80684 --- [notification-service] [ntainer#0-1-C-1] c.t.n.channel.EmailNotificationChannel   : [EMAIL] ▶ Invoking SMTP send | host=smtp.gmail.com | port=587 | userId=4
2026-06-22T14:59:55.074+05:30 ERROR 80684 --- [notification-service] [ntainer#0-1-C-1] c.t.n.channel.EmailNotificationChannel   : [EMAIL] ✗ SMTP authentication failed — check spring.mail.password in application.properties. Gmail requires an App Password (not your account password). Generate one at: https://myaccount.google.com/apppasswords | error=Authentication failed
2026-06-22T14:59:55.074+05:30 ERROR 80684 --- [notification-service] [ntainer#0-1-C-1] c.t.n.s.NotificationOrchestrationService : [NOTIFICATION] ✗ Channel='EMAIL' delivery failed | userId=4 | type=CANDIDATE_UPDATED | error=Authentication failed

org.springframework.mail.MailAuthenticationException: Authentication failed
	at org.springframework.mail.javamail.JavaMailSenderImpl.doSend(JavaMailSenderImpl.java:402) ~[spring-context-support-6.2.0.jar!/:6.2.0]
	at org.springframework.mail.javamail.JavaMailSenderImpl.send(JavaMailSenderImpl.java:350) ~[spring-context-support-6.2.0.jar!/:6.2.0]
	at org.springframework.mail.javamail.JavaMailSender.send(JavaMailSender.java:101) ~[spring-context-support-6.2.0.jar!/:6.2.0]
	at com.talentgrid.notification.channel.EmailNotificationChannel.deliver(EmailNotificationChannel.java:94) ~[!/:1.0.0-SNAPSHOT]
	at com.talentgrid.notification.service.NotificationOrchestrationService.process(NotificationOrchestrationService.java:78) ~[!/:1.0.0-SNAPSHOT]
	at com.talentgrid.notification.consumer.NotificationKafkaConsumer.handleEvent(NotificationKafkaConsumer.java:83) ~[!/:1.0.0-SNAPSHOT]
	at com.talentgrid.kafka.consumer.BaseKafkaConsumer.process(BaseKafkaConsumer.java:13) ~[talentgrid-kafka-1.0.0-SNAPSHOT.jar!/:1.0.0-SNAPSHOT]
	at com.talentgrid.notification.consumer.NotificationKafkaConsumer.onMessage(NotificationKafkaConsumer.java:71) ~[!/:1.0.0-SNAPSHOT]
	at java.base/jdk.internal.reflect.NativeMethodAccessorImpl.invoke0(Native Method) ~[na:na]
	at java.base/jdk.internal.reflect.NativeMethodAccessorImpl.invoke(NativeMethodAccessorImpl.java:77) ~[na:na]
	at java.base/jdk.internal.reflect.DelegatingMethodAccessorImpl.invoke(DelegatingMethodAccessorImpl.java:43) ~[na:na]
	at java.base/java.lang.reflect.Method.invoke(Method.java:569) ~[na:na]
	at org.springframework.messaging.handler.invocation.InvocableHandlerMethod.doInvoke(InvocableHandlerMethod.java:169) ~[spring-messaging-6.2.0.jar!/:6.2.0]
	at org.springframework.kafka.listener.adapter.KotlinAwareInvocableHandlerMethod.doInvoke(KotlinAwareInvocableHandlerMethod.java:45) ~[spring-kafka-3.3.0.jar!/:3.3.0]
	at org.springframework.messaging.handler.invocation.InvocableHandlerMethod.invoke(InvocableHandlerMethod.java:119) ~[spring-messaging-6.2.0.jar!/:6.2.0]
	at org.springframework.kafka.listener.adapter.HandlerAdapter.invoke(HandlerAdapter.java:71) ~[spring-kafka-3.3.0.jar!/:3.3.0]
	at org.springframework.kafka.listener.adapter.MessagingMessageListenerAdapter.invokeHandler(MessagingMessageListenerAdapter.java:474) ~[spring-kafka-3.3.0.jar!/:3.3.0]
	at org.springframework.kafka.listener.adapter.MessagingMessageListenerAdapter.invoke(MessagingMessageListenerAdapter.java:421) ~[spring-kafka-3.3.0.jar!/:3.3.0]
	at org.springframework.kafka.listener.adapter.RecordMessagingMessageListenerAdapter.onMessage(RecordMessagingMessageListenerAdapter.java:85) ~[spring-kafka-3.3.0.jar!/:3.3.0]
	at org.springframework.kafka.listener.adapter.RecordMessagingMessageListenerAdapter.onMessage(RecordMessagingMessageListenerAdapter.java:50) ~[spring-kafka-3.3.0.jar!/:3.3.0]
	at org.springframework.kafka.listener.KafkaMessageListenerContainer$ListenerConsumer.doInvokeOnMessage(KafkaMessageListenerContainer.java:2875) ~[spring-kafka-3.3.0.jar!/:3.3.0]
	at org.springframework.kafka.listener.KafkaMessageListenerContainer$ListenerConsumer.invokeOnMessage(KafkaMessageListenerContainer.java:2853) ~[spring-kafka-3.3.0.jar!/:3.3.0]
	at org.springframework.kafka.listener.KafkaMessageListenerContainer$ListenerConsumer.doInvokeRecordListener(KafkaMessageListenerContainer.java:2766) ~[spring-kafka-3.3.0.jar!/:3.3.0]
	at org.springframework.kafka.listener.KafkaMessageListenerContainer$ListenerConsumer.doInvokeWithRecords(KafkaMessageListenerContainer.java:2604) ~[spring-kafka-3.3.0.jar!/:3.3.0]
	at org.springframework.kafka.listener.KafkaMessageListenerContainer$ListenerConsumer.invokeRecordListener(KafkaMessageListenerContainer.java:2493) ~[spring-kafka-3.3.0.jar!/:3.3.0]
	at org.springframework.kafka.listener.KafkaMessageListenerContainer$ListenerConsumer.invokeListener(KafkaMessageListenerContainer.java:2144) ~[spring-kafka-3.3.0.jar!/:3.3.0]
	at org.springframework.kafka.listener.KafkaMessageListenerContainer$ListenerConsumer.invokeIfHaveRecords(KafkaMessageListenerContainer.java:1520) ~[spring-kafka-3.3.0.jar!/:3.3.0]
	at org.springframework.kafka.listener.KafkaMessageListenerContainer$ListenerConsumer.pollAndInvoke(KafkaMessageListenerContainer.java:1458) ~[spring-kafka-3.3.0.jar!/:3.3.0]
	at org.springframework.kafka.listener.KafkaMessageListenerContainer$ListenerConsumer.run(KafkaMessageListenerContainer.java:1327) ~[spring-kafka-3.3.0.jar!/:3.3.0]
	at java.base/java.util.concurrent.CompletableFuture$AsyncRun.run(CompletableFuture.java:1804) ~[na:na]
	at java.base/java.lang.Thread.run(Thread.java:840) ~[na:na]
Caused by: jakarta.mail.AuthenticationFailedException: failed to connect, no password specified?
	at jakarta.mail.Service.connect(Service.java:379) ~[jakarta.mail-2.0.3.jar!/:na]
	at org.springframework.mail.javamail.JavaMailSenderImpl.connectTransport(JavaMailSenderImpl.java:480) ~[spring-context-support-6.2.0.jar!/:6.2.0]
	at org.springframework.mail.javamail.JavaMailSenderImpl.doSend(JavaMailSenderImpl.java:399) ~[spring-context-support-6.2.0.jar!/:6.2.0]
	... 30 common frames omitted

2026-06-22T14:59:55.075+05:30  WARN 80684 --- [notification-service] [ntainer#0-1-C-1] c.t.n.s.NotificationOrchestrationService : [NOTIFICATION] ⚠ Delivery complete with failures | userId=4 | type=CANDIDATE_UPDATED | success=1 | failure=1
2026-06-22T15:04:35.173+05:30  INFO 80684 --- [notification-service] [ntainer#0-1-C-1] c.t.n.c.NotificationKafkaConsumer        : [NOTIFICATION-CONSUMER] ▶ Message received | topic=notification.send | partition=1 | offset=12
2026-06-22T15:04:35.176+05:30  INFO 80684 --- [notification-service] [ntainer#0-1-C-1] c.t.n.c.NotificationKafkaConsumer        : [NOTIFICATION-CONSUMER] ▶ Payload deserialized | type=APPLICATION_TECHNICAL | userId=4 | channels=[IN_APP] | emailPresent=false
2026-06-22T15:04:35.176+05:30  INFO 80684 --- [notification-service] [ntainer#0-1-C-1] c.t.kafka.consumer.BaseKafkaConsumer     : [KAFKA-CONSUMER] Received event | type=NOTIFICATION_SEND | eventId=7df8d6db-9b1f-4739-9318-8f0a722d32b7 | source=application-service | correlationId=2574d93c-e349-47d4-b0f1-38ec0fef59e7
2026-06-22T15:04:35.176+05:30  INFO 80684 --- [notification-service] [ntainer#0-1-C-1] c.t.n.s.NotificationOrchestrationService : [NOTIFICATION] ▶ Processing | userId=4 | type=APPLICATION_TECHNICAL | channels=[IN_APP] | ref=APPLICATION:202 | emailPresent=false
2026-06-22T15:04:35.176+05:30  INFO 80684 --- [notification-service] [ntainer#0-1-C-1] c.t.n.s.NotificationOrchestrationService : [NOTIFICATION] ▶ Attempting channel='IN_APP' | userId=4 | type=APPLICATION_TECHNICAL
2026-06-22T15:04:35.176+05:30  INFO 80684 --- [notification-service] [ntainer#0-1-C-1] c.t.n.channel.InAppNotificationChannel   : [IN-APP] Persisting notification | userId=4 | type=APPLICATION_TECHNICAL | ref=APPLICATION:202
2026-06-22T15:04:35.192+05:30  INFO 80684 --- [notification-service] [ntainer#0-1-C-1] c.t.n.channel.InAppNotificationChannel   : [IN-APP] Notification persisted | id=49 | userId=4 | type=APPLICATION_TECHNICAL
2026-06-22T15:04:35.192+05:30  INFO 80684 --- [notification-service] [ntainer#0-1-C-1] c.t.n.s.NotificationOrchestrationService : [NOTIFICATION] ✓ Channel='IN_APP' delivered | userId=4 | type=APPLICATION_TECHNICAL
2026-06-22T15:04:35.192+05:30  INFO 80684 --- [notification-service] [ntainer#0-1-C-1] c.t.n.s.NotificationOrchestrationService : [NOTIFICATION] ✓ All channels delivered | userId=4 | type=APPLICATION_TECHNICAL | success=1
2026-06-22T15:07:15.812+05:30  INFO 80684 --- [notification-service] [ntainer#0-1-C-1] c.t.n.c.NotificationKafkaConsumer        : [NOTIFICATION-CONSUMER] ▶ Message received | topic=notification.send | partition=1 | offset=13
2026-06-22T15:07:15.814+05:30  INFO 80684 --- [notification-service] [ntainer#0-1-C-1] c.t.n.c.NotificationKafkaConsumer        : [NOTIFICATION-CONSUMER] ▶ Payload deserialized | type=APPLICATION_INTERVIEW | userId=4 | channels=[IN_APP] | emailPresent=false
2026-06-22T15:07:15.814+05:30  INFO 80684 --- [notification-service] [ntainer#0-1-C-1] c.t.kafka.consumer.BaseKafkaConsumer     : [KAFKA-CONSUMER] Received event | type=NOTIFICATION_SEND | eventId=197ec35d-d9c9-4e6e-9730-814d2c056510 | source=application-service | correlationId=eead0efc-9dc1-4e45-ac20-cf7c6f4bc442
2026-06-22T15:07:15.814+05:30  INFO 80684 --- [notification-service] [ntainer#0-1-C-1] c.t.n.s.NotificationOrchestrationService : [NOTIFICATION] ▶ Processing | userId=4 | type=APPLICATION_INTERVIEW | channels=[IN_APP] | ref=APPLICATION:202 | emailPresent=false
2026-06-22T15:07:15.814+05:30  INFO 80684 --- [notification-service] [ntainer#0-1-C-1] c.t.n.s.NotificationOrchestrationService : [NOTIFICATION] ▶ Attempting channel='IN_APP' | userId=4 | type=APPLICATION_INTERVIEW
2026-06-22T15:07:15.814+05:30  INFO 80684 --- [notification-service] [ntainer#0-1-C-1] c.t.n.channel.InAppNotificationChannel   : [IN-APP] Persisting notification | userId=4 | type=APPLICATION_INTERVIEW | ref=APPLICATION:202
2026-06-22T15:07:15.831+05:30  INFO 80684 --- [notification-service] [ntainer#0-1-C-1] c.t.n.channel.InAppNotificationChannel   : [IN-APP] Notification persisted | id=50 | userId=4 | type=APPLICATION_INTERVIEW
2026-06-22T15:07:15.831+05:30  INFO 80684 --- [notification-service] [ntainer#0-1-C-1] c.t.n.s.NotificationOrchestrationService : [NOTIFICATION] ✓ Channel='IN_APP' delivered | userId=4 | type=APPLICATION_INTERVIEW
2026-06-22T15:07:15.831+05:30  INFO 80684 --- [notification-service] [ntainer#0-1-C-1] c.t.n.s.NotificationOrchestrationService : [NOTIFICATION] ✓ All channels delivered | userId=4 | type=APPLICATION_INTERVIEW | success=1
2026-06-22T15:07:16.662+05:30  INFO 80684 --- [notification-service] [ntainer#0-1-C-1] c.t.n.c.NotificationKafkaConsumer        : [NOTIFICATION-CONSUMER] ▶ Message received | topic=notification.send | partition=1 | offset=14
2026-06-22T15:07:16.662+05:30  INFO 80684 --- [notification-service] [ntainer#0-1-C-1] c.t.n.c.NotificationKafkaConsumer        : [NOTIFICATION-CONSUMER] ▶ Payload deserialized | type=INTERVIEW_INVITATION | userId=4 | channels=[IN_APP, EMAIL] | emailPresent=true
2026-06-22T15:07:16.663+05:30  INFO 80684 --- [notification-service] [ntainer#0-1-C-1] c.t.kafka.consumer.BaseKafkaConsumer     : [KAFKA-CONSUMER] Received event | type=NOTIFICATION_SEND | eventId=f401a6aa-fd98-4a85-ae00-05581dd5188e | source=interview-service | correlationId=df649742-33b8-4993-9a19-a000531cf946
2026-06-22T15:07:16.663+05:30  INFO 80684 --- [notification-service] [ntainer#0-1-C-1] c.t.n.s.NotificationOrchestrationService : [NOTIFICATION] ▶ Processing | userId=4 | type=INTERVIEW_INVITATION | channels=[IN_APP, EMAIL] | ref=INTERVIEW:152 | emailPresent=true
2026-06-22T15:07:16.663+05:30  INFO 80684 --- [notification-service] [ntainer#0-1-C-1] c.t.n.s.NotificationOrchestrationService : [NOTIFICATION] ▶ Attempting channel='IN_APP' | userId=4 | type=INTERVIEW_INVITATION
2026-06-22T15:07:16.663+05:30  INFO 80684 --- [notification-service] [ntainer#0-1-C-1] c.t.n.channel.InAppNotificationChannel   : [IN-APP] Persisting notification | userId=4 | type=INTERVIEW_INVITATION | ref=INTERVIEW:152
2026-06-22T15:07:16.670+05:30  INFO 80684 --- [notification-service] [ntainer#0-1-C-1] c.t.n.channel.InAppNotificationChannel   : [IN-APP] Notification persisted | id=51 | userId=4 | type=INTERVIEW_INVITATION
2026-06-22T15:07:16.670+05:30  INFO 80684 --- [notification-service] [ntainer#0-1-C-1] c.t.n.s.NotificationOrchestrationService : [NOTIFICATION] ✓ Channel='IN_APP' delivered | userId=4 | type=INTERVIEW_INVITATION
2026-06-22T15:07:16.672+05:30  INFO 80684 --- [notification-service] [ntainer#0-1-C-1] c.t.n.s.NotificationOrchestrationService : [NOTIFICATION] ▶ Attempting channel='EMAIL' | userId=4 | type=INTERVIEW_INVITATION
2026-06-22T15:07:16.673+05:30  INFO 80684 --- [notification-service] [ntainer#0-1-C-1] c.t.n.channel.EmailNotificationChannel   : [EMAIL] ▶ Starting email delivery | userId=4 | type=INTERVIEW_INVITATION | templateId=interview-invitation | toPresent=true
2026-06-22T15:07:16.911+05:30  INFO 80684 --- [notification-service] [ntainer#0-2-C-1] c.t.n.c.NotificationKafkaConsumer        : [NOTIFICATION-CONSUMER] ▶ Message received | topic=notification.send | partition=2 | offset=22
2026-06-22T15:07:16.912+05:30  INFO 80684 --- [notification-service] [ntainer#0-2-C-1] c.t.n.c.NotificationKafkaConsumer        : [NOTIFICATION-CONSUMER] ▶ Payload deserialized | type=INTERVIEW_SCHEDULED | userId=202 | channels=[IN_APP, EMAIL] | emailPresent=false
2026-06-22T15:07:16.913+05:30  INFO 80684 --- [notification-service] [ntainer#0-2-C-1] c.t.kafka.consumer.BaseKafkaConsumer     : [KAFKA-CONSUMER] Received event | type=NOTIFICATION_SEND | eventId=89c8a106-3869-4976-8cad-cfb2abd5e3e9 | source=interview-service | correlationId=cae859e6-ac5e-4c75-a13f-356381096d0f
2026-06-22T15:07:16.913+05:30  INFO 80684 --- [notification-service] [ntainer#0-2-C-1] c.t.n.s.NotificationOrchestrationService : [NOTIFICATION] ▶ Processing | userId=202 | type=INTERVIEW_SCHEDULED | channels=[IN_APP, EMAIL] | ref=INTERVIEW:152 | emailPresent=false
2026-06-22T15:07:16.913+05:30  INFO 80684 --- [notification-service] [ntainer#0-2-C-1] c.t.n.s.NotificationOrchestrationService : [NOTIFICATION] ▶ Attempting channel='IN_APP' | userId=202 | type=INTERVIEW_SCHEDULED
2026-06-22T15:07:16.914+05:30  INFO 80684 --- [notification-service] [ntainer#0-2-C-1] c.t.n.channel.InAppNotificationChannel   : [IN-APP] Persisting notification | userId=202 | type=INTERVIEW_SCHEDULED | ref=INTERVIEW:152
2026-06-22T15:07:16.919+05:30  INFO 80684 --- [notification-service] [ntainer#0-2-C-1] c.t.n.channel.InAppNotificationChannel   : [IN-APP] Notification persisted | id=52 | userId=202 | type=INTERVIEW_SCHEDULED
2026-06-22T15:07:16.920+05:30  INFO 80684 --- [notification-service] [ntainer#0-2-C-1] c.t.n.s.NotificationOrchestrationService : [NOTIFICATION] ✓ Channel='IN_APP' delivered | userId=202 | type=INTERVIEW_SCHEDULED
2026-06-22T15:07:16.920+05:30  INFO 80684 --- [notification-service] [ntainer#0-2-C-1] c.t.n.s.NotificationOrchestrationService : [NOTIFICATION] ▶ Attempting channel='EMAIL' | userId=202 | type=INTERVIEW_SCHEDULED
2026-06-22T15:07:16.920+05:30  WARN 80684 --- [notification-service] [ntainer#0-2-C-1] c.t.n.channel.EmailNotificationChannel   : [EMAIL] ⚠ recipientEmail is null or blank — skipping email delivery. Check that DemandPayload.recipientEmail is set in the request body and mapped in DemandController. | userId=202 | type=INTERVIEW_SCHEDULED
2026-06-22T15:07:16.920+05:30  INFO 80684 --- [notification-service] [ntainer#0-2-C-1] c.t.n.s.NotificationOrchestrationService : [NOTIFICATION] ✓ Channel='EMAIL' delivered | userId=202 | type=INTERVIEW_SCHEDULED
2026-06-22T15:07:16.920+05:30  INFO 80684 --- [notification-service] [ntainer#0-2-C-1] c.t.n.s.NotificationOrchestrationService : [NOTIFICATION] ✓ All channels delivered | userId=202 | type=INTERVIEW_SCHEDULED | success=2
2026-06-22T15:07:17.018+05:30  INFO 80684 --- [notification-service] [ntainer#0-1-C-1] c.t.n.channel.EmailNotificationChannel   : [EMAIL] ▶ Invoking SMTP send | host=smtp.gmail.com | port=587 | userId=4
2026-06-22T15:07:17.070+05:30 ERROR 80684 --- [notification-service] [ntainer#0-1-C-1] c.t.n.channel.EmailNotificationChannel   : [EMAIL] ✗ SMTP authentication failed — check spring.mail.password in application.properties. Gmail requires an App Password (not your account password). Generate one at: https://myaccount.google.com/apppasswords | error=Authentication failed
2026-06-22T15:07:17.070+05:30 ERROR 80684 --- [notification-service] [ntainer#0-1-C-1] c.t.n.s.NotificationOrchestrationService : [NOTIFICATION] ✗ Channel='EMAIL' delivery failed | userId=4 | type=INTERVIEW_INVITATION | error=Authentication failed

org.springframework.mail.MailAuthenticationException: Authentication failed
	at org.springframework.mail.javamail.JavaMailSenderImpl.doSend(JavaMailSenderImpl.java:402) ~[spring-context-support-6.2.0.jar!/:6.2.0]
	at org.springframework.mail.javamail.JavaMailSenderImpl.send(JavaMailSenderImpl.java:350) ~[spring-context-support-6.2.0.jar!/:6.2.0]
	at org.springframework.mail.javamail.JavaMailSender.send(JavaMailSender.java:101) ~[spring-context-support-6.2.0.jar!/:6.2.0]
	at com.talentgrid.notification.channel.EmailNotificationChannel.deliver(EmailNotificationChannel.java:94) ~[!/:1.0.0-SNAPSHOT]
	at com.talentgrid.notification.service.NotificationOrchestrationService.process(NotificationOrchestrationService.java:78) ~[!/:1.0.0-SNAPSHOT]
	at com.talentgrid.notification.consumer.NotificationKafkaConsumer.handleEvent(NotificationKafkaConsumer.java:83) ~[!/:1.0.0-SNAPSHOT]
	at com.talentgrid.kafka.consumer.BaseKafkaConsumer.process(BaseKafkaConsumer.java:13) ~[talentgrid-kafka-1.0.0-SNAPSHOT.jar!/:1.0.0-SNAPSHOT]
	at com.talentgrid.notification.consumer.NotificationKafkaConsumer.onMessage(NotificationKafkaConsumer.java:71) ~[!/:1.0.0-SNAPSHOT]
	at java.base/jdk.internal.reflect.NativeMethodAccessorImpl.invoke0(Native Method) ~[na:na]
	at java.base/jdk.internal.reflect.NativeMethodAccessorImpl.invoke(NativeMethodAccessorImpl.java:77) ~[na:na]
	at java.base/jdk.internal.reflect.DelegatingMethodAccessorImpl.invoke(DelegatingMethodAccessorImpl.java:43) ~[na:na]
	at java.base/java.lang.reflect.Method.invoke(Method.java:569) ~[na:na]
	at org.springframework.messaging.handler.invocation.InvocableHandlerMethod.doInvoke(InvocableHandlerMethod.java:169) ~[spring-messaging-6.2.0.jar!/:6.2.0]
	at org.springframework.kafka.listener.adapter.KotlinAwareInvocableHandlerMethod.doInvoke(KotlinAwareInvocableHandlerMethod.java:45) ~[spring-kafka-3.3.0.jar!/:3.3.0]
	at org.springframework.messaging.handler.invocation.InvocableHandlerMethod.invoke(InvocableHandlerMethod.java:119) ~[spring-messaging-6.2.0.jar!/:6.2.0]
	at org.springframework.kafka.listener.adapter.HandlerAdapter.invoke(HandlerAdapter.java:71) ~[spring-kafka-3.3.0.jar!/:3.3.0]
	at org.springframework.kafka.listener.adapter.MessagingMessageListenerAdapter.invokeHandler(MessagingMessageListenerAdapter.java:474) ~[spring-kafka-3.3.0.jar!/:3.3.0]
	at org.springframework.kafka.listener.adapter.MessagingMessageListenerAdapter.invoke(MessagingMessageListenerAdapter.java:421) ~[spring-kafka-3.3.0.jar!/:3.3.0]
	at org.springframework.kafka.listener.adapter.RecordMessagingMessageListenerAdapter.onMessage(RecordMessagingMessageListenerAdapter.java:85) ~[spring-kafka-3.3.0.jar!/:3.3.0]
	at org.springframework.kafka.listener.adapter.RecordMessagingMessageListenerAdapter.onMessage(RecordMessagingMessageListenerAdapter.java:50) ~[spring-kafka-3.3.0.jar!/:3.3.0]
	at org.springframework.kafka.listener.KafkaMessageListenerContainer$ListenerConsumer.doInvokeOnMessage(KafkaMessageListenerContainer.java:2875) ~[spring-kafka-3.3.0.jar!/:3.3.0]
	at org.springframework.kafka.listener.KafkaMessageListenerContainer$ListenerConsumer.invokeOnMessage(KafkaMessageListenerContainer.java:2853) ~[spring-kafka-3.3.0.jar!/:3.3.0]
	at org.springframework.kafka.listener.KafkaMessageListenerContainer$ListenerConsumer.doInvokeRecordListener(KafkaMessageListenerContainer.java:2766) ~[spring-kafka-3.3.0.jar!/:3.3.0]
	at org.springframework.kafka.listener.KafkaMessageListenerContainer$ListenerConsumer.doInvokeWithRecords(KafkaMessageListenerContainer.java:2604) ~[spring-kafka-3.3.0.jar!/:3.3.0]
	at org.springframework.kafka.listener.KafkaMessageListenerContainer$ListenerConsumer.invokeRecordListener(KafkaMessageListenerContainer.java:2493) ~[spring-kafka-3.3.0.jar!/:3.3.0]
	at org.springframework.kafka.listener.KafkaMessageListenerContainer$ListenerConsumer.invokeListener(KafkaMessageListenerContainer.java:2144) ~[spring-kafka-3.3.0.jar!/:3.3.0]
	at org.springframework.kafka.listener.KafkaMessageListenerContainer$ListenerConsumer.invokeIfHaveRecords(KafkaMessageListenerContainer.java:1520) ~[spring-kafka-3.3.0.jar!/:3.3.0]
	at org.springframework.kafka.listener.KafkaMessageListenerContainer$ListenerConsumer.pollAndInvoke(KafkaMessageListenerContainer.java:1458) ~[spring-kafka-3.3.0.jar!/:3.3.0]
	at org.springframework.kafka.listener.KafkaMessageListenerContainer$ListenerConsumer.run(KafkaMessageListenerContainer.java:1327) ~[spring-kafka-3.3.0.jar!/:3.3.0]
	at java.base/java.util.concurrent.CompletableFuture$AsyncRun.run(CompletableFuture.java:1804) ~[na:na]
	at java.base/java.lang.Thread.run(Thread.java:840) ~[na:na]
Caused by: jakarta.mail.AuthenticationFailedException: failed to connect, no password specified?
	at jakarta.mail.Service.connect(Service.java:379) ~[jakarta.mail-2.0.3.jar!/:na]
	at org.springframework.mail.javamail.JavaMailSenderImpl.connectTransport(JavaMailSenderImpl.java:480) ~[spring-context-support-6.2.0.jar!/:6.2.0]
	at org.springframework.mail.javamail.JavaMailSenderImpl.doSend(JavaMailSenderImpl.java:399) ~[spring-context-support-6.2.0.jar!/:6.2.0]
	... 30 common frames omitted

2026-06-22T15:07:17.072+05:30  WARN 80684 --- [notification-service] [ntainer#0-1-C-1] c.t.n.s.NotificationOrchestrationService : [NOTIFICATION] ⚠ Delivery complete with failures | userId=4 | type=INTERVIEW_INVITATION | success=1 | failure=1
2026-06-22T15:08:59.292+05:30  INFO 80684 --- [notification-service] [ntainer#0-2-C-1] c.t.n.c.NotificationKafkaConsumer        : [NOTIFICATION-CONSUMER] ▶ Message received | topic=notification.send | partition=2 | offset=23
2026-06-22T15:08:59.301+05:30  INFO 80684 --- [notification-service] [ntainer#0-2-C-1] c.t.n.c.NotificationKafkaConsumer        : [NOTIFICATION-CONSUMER] ▶ Payload deserialized | type=INTERVIEW_UPDATED | userId=202 | channels=[IN_APP, EMAIL] | emailPresent=false
2026-06-22T15:08:59.301+05:30  INFO 80684 --- [notification-service] [ntainer#0-2-C-1] c.t.kafka.consumer.BaseKafkaConsumer     : [KAFKA-CONSUMER] Received event | type=NOTIFICATION_SEND | eventId=a3474019-fb8c-404a-8c7a-14e8a6d1c417 | source=interview-service | correlationId=bc2cd63d-05b0-435f-8114-e7b82ba36de8
2026-06-22T15:08:59.301+05:30  INFO 80684 --- [notification-service] [ntainer#0-2-C-1] c.t.n.s.NotificationOrchestrationService : [NOTIFICATION] ▶ Processing | userId=202 | type=INTERVIEW_UPDATED | channels=[IN_APP, EMAIL] | ref=INTERVIEW:152 | emailPresent=false
2026-06-22T15:08:59.301+05:30  INFO 80684 --- [notification-service] [ntainer#0-2-C-1] c.t.n.s.NotificationOrchestrationService : [NOTIFICATION] ▶ Attempting channel='IN_APP' | userId=202 | type=INTERVIEW_UPDATED
2026-06-22T15:08:59.301+05:30  INFO 80684 --- [notification-service] [ntainer#0-2-C-1] c.t.n.channel.InAppNotificationChannel   : [IN-APP] Persisting notification | userId=202 | type=INTERVIEW_UPDATED | ref=INTERVIEW:152
2026-06-22T15:08:59.315+05:30  INFO 80684 --- [notification-service] [ntainer#0-2-C-1] c.t.n.channel.InAppNotificationChannel   : [IN-APP] Notification persisted | id=53 | userId=202 | type=INTERVIEW_UPDATED
2026-06-22T15:08:59.315+05:30  INFO 80684 --- [notification-service] [ntainer#0-2-C-1] c.t.n.s.NotificationOrchestrationService : [NOTIFICATION] ✓ Channel='IN_APP' delivered | userId=202 | type=INTERVIEW_UPDATED
2026-06-22T15:08:59.315+05:30  INFO 80684 --- [notification-service] [ntainer#0-2-C-1] c.t.n.s.NotificationOrchestrationService : [NOTIFICATION] ▶ Attempting channel='EMAIL' | userId=202 | type=INTERVIEW_UPDATED
2026-06-22T15:08:59.315+05:30  WARN 80684 --- [notification-service] [ntainer#0-2-C-1] c.t.n.channel.EmailNotificationChannel   : [EMAIL] ⚠ recipientEmail is null or blank — skipping email delivery. Check that DemandPayload.recipientEmail is set in the request body and mapped in DemandController. | userId=202 | type=INTERVIEW_UPDATED
2026-06-22T15:08:59.315+05:30  INFO 80684 --- [notification-service] [ntainer#0-2-C-1] c.t.n.s.NotificationOrchestrationService : [NOTIFICATION] ✓ Channel='EMAIL' delivered | userId=202 | type=INTERVIEW_UPDATED
2026-06-22T15:08:59.316+05:30  INFO 80684 --- [notification-service] [ntainer#0-2-C-1] c.t.n.s.NotificationOrchestrationService : [NOTIFICATION] ✓ All channels delivered | userId=202 | type=INTERVIEW_UPDATED | success=2
2026-06-22T15:09:18.954+05:30  INFO 80684 --- [notification-service] [ntainer#0-2-C-1] c.t.n.c.NotificationKafkaConsumer        : [NOTIFICATION-CONSUMER] ▶ Message received | topic=notification.send | partition=2 | offset=24
2026-06-22T15:09:18.960+05:30  INFO 80684 --- [notification-service] [ntainer#0-2-C-1] c.t.n.c.NotificationKafkaConsumer        : [NOTIFICATION-CONSUMER] ▶ Payload deserialized | type=INTERVIEW_COMPLETED | userId=202 | channels=[IN_APP, EMAIL] | emailPresent=false
2026-06-22T15:09:18.960+05:30  INFO 80684 --- [notification-service] [ntainer#0-2-C-1] c.t.kafka.consumer.BaseKafkaConsumer     : [KAFKA-CONSUMER] Received event | type=NOTIFICATION_SEND | eventId=625b4835-f65c-40c1-bf66-294fd2896a91 | source=interview-service | correlationId=15d46e52-7546-496a-a416-66308a4e0b5a
2026-06-22T15:09:18.960+05:30  INFO 80684 --- [notification-service] [ntainer#0-2-C-1] c.t.n.s.NotificationOrchestrationService : [NOTIFICATION] ▶ Processing | userId=202 | type=INTERVIEW_COMPLETED | channels=[IN_APP, EMAIL] | ref=INTERVIEW:152 | emailPresent=false
2026-06-22T15:09:18.960+05:30  INFO 80684 --- [notification-service] [ntainer#0-2-C-1] c.t.n.s.NotificationOrchestrationService : [NOTIFICATION] ▶ Attempting channel='IN_APP' | userId=202 | type=INTERVIEW_COMPLETED
2026-06-22T15:09:18.960+05:30  INFO 80684 --- [notification-service] [ntainer#0-2-C-1] c.t.n.channel.InAppNotificationChannel   : [IN-APP] Persisting notification | userId=202 | type=INTERVIEW_COMPLETED | ref=INTERVIEW:152
2026-06-22T15:09:18.978+05:30  INFO 80684 --- [notification-service] [ntainer#0-2-C-1] c.t.n.channel.InAppNotificationChannel   : [IN-APP] Notification persisted | id=54 | userId=202 | type=INTERVIEW_COMPLETED
2026-06-22T15:09:18.978+05:30  INFO 80684 --- [notification-service] [ntainer#0-2-C-1] c.t.n.s.NotificationOrchestrationService : [NOTIFICATION] ✓ Channel='IN_APP' delivered | userId=202 | type=INTERVIEW_COMPLETED
2026-06-22T15:09:18.979+05:30  INFO 80684 --- [notification-service] [ntainer#0-2-C-1] c.t.n.s.NotificationOrchestrationService : [NOTIFICATION] ▶ Attempting channel='EMAIL' | userId=202 | type=INTERVIEW_COMPLETED
2026-06-22T15:09:18.979+05:30  WARN 80684 --- [notification-service] [ntainer#0-2-C-1] c.t.n.channel.EmailNotificationChannel   : [EMAIL] ⚠ recipientEmail is null or blank — skipping email delivery. Check that DemandPayload.recipientEmail is set in the request body and mapped in DemandController. | userId=202 | type=INTERVIEW_COMPLETED
2026-06-22T15:09:18.979+05:30  INFO 80684 --- [notification-service] [ntainer#0-2-C-1] c.t.n.s.NotificationOrchestrationService : [NOTIFICATION] ✓ Channel='EMAIL' delivered | userId=202 | type=INTERVIEW_COMPLETED
2026-06-22T15:09:18.979+05:30  INFO 80684 --- [notification-service] [ntainer#0-2-C-1] c.t.n.s.NotificationOrchestrationService : [NOTIFICATION] ✓ All channels delivered | userId=202 | type=INTERVIEW_COMPLETED | success=2
2026-06-22T15:09:38.686+05:30  INFO 80684 --- [notification-service] [ntainer#0-1-C-1] c.t.n.c.NotificationKafkaConsumer        : [NOTIFICATION-CONSUMER] ▶ Message received | topic=notification.send | partition=1 | offset=15
2026-06-22T15:09:38.689+05:30  INFO 80684 --- [notification-service] [ntainer#0-1-C-1] c.t.n.c.NotificationKafkaConsumer        : [NOTIFICATION-CONSUMER] ▶ Payload deserialized | type=APPLICATION_FINAL_ROUND | userId=4 | channels=[IN_APP] | emailPresent=false
2026-06-22T15:09:38.690+05:30  INFO 80684 --- [notification-service] [ntainer#0-1-C-1] c.t.kafka.consumer.BaseKafkaConsumer     : [KAFKA-CONSUMER] Received event | type=NOTIFICATION_SEND | eventId=4a921892-e40f-469c-aeaa-49dd0f434202 | source=application-service | correlationId=41ce815c-9a43-4760-b79f-3af4dee172ed
2026-06-22T15:09:38.691+05:30  INFO 80684 --- [notification-service] [ntainer#0-1-C-1] c.t.n.s.NotificationOrchestrationService : [NOTIFICATION] ▶ Processing | userId=4 | type=APPLICATION_FINAL_ROUND | channels=[IN_APP] | ref=APPLICATION:202 | emailPresent=false
2026-06-22T15:09:38.691+05:30  INFO 80684 --- [notification-service] [ntainer#0-1-C-1] c.t.n.s.NotificationOrchestrationService : [NOTIFICATION] ▶ Attempting channel='IN_APP' | userId=4 | type=APPLICATION_FINAL_ROUND
2026-06-22T15:09:38.691+05:30  INFO 80684 --- [notification-service] [ntainer#0-1-C-1] c.t.n.channel.InAppNotificationChannel   : [IN-APP] Persisting notification | userId=4 | type=APPLICATION_FINAL_ROUND | ref=APPLICATION:202
2026-06-22T15:09:38.703+05:30  INFO 80684 --- [notification-service] [ntainer#0-1-C-1] c.t.n.channel.InAppNotificationChannel   : [IN-APP] Notification persisted | id=55 | userId=4 | type=APPLICATION_FINAL_ROUND
2026-06-22T15:09:38.704+05:30  INFO 80684 --- [notification-service] [ntainer#0-1-C-1] c.t.n.s.NotificationOrchestrationService : [NOTIFICATION] ✓ Channel='IN_APP' delivered | userId=4 | type=APPLICATION_FINAL_ROUND
2026-06-22T15:09:38.704+05:30  INFO 80684 --- [notification-service] [ntainer#0-1-C-1] c.t.n.s.NotificationOrchestrationService : [NOTIFICATION] ✓ All channels delivered | userId=4 | type=APPLICATION_FINAL_ROUND | success=1
2026-06-22T15:11:20.571+05:30  INFO 80684 --- [notification-service] [ntainer#0-1-C-1] c.t.n.c.NotificationKafkaConsumer        : [NOTIFICATION-CONSUMER] ▶ Message received | topic=notification.send | partition=1 | offset=16
2026-06-22T15:11:20.575+05:30  INFO 80684 --- [notification-service] [ntainer#0-1-C-1] c.t.n.c.NotificationKafkaConsumer        : [NOTIFICATION-CONSUMER] ▶ Payload deserialized | type=APPLICATION_OFFERED | userId=4 | channels=[IN_APP] | emailPresent=false
2026-06-22T15:11:20.575+05:30  INFO 80684 --- [notification-service] [ntainer#0-1-C-1] c.t.kafka.consumer.BaseKafkaConsumer     : [KAFKA-CONSUMER] Received event | type=NOTIFICATION_SEND | eventId=de91a29f-fd50-4368-8724-be1235cc63c1 | source=application-service | correlationId=c5a8b6a4-b63b-47c5-9c11-6cf9aefc41e0
2026-06-22T15:11:20.575+05:30  INFO 80684 --- [notification-service] [ntainer#0-1-C-1] c.t.n.s.NotificationOrchestrationService : [NOTIFICATION] ▶ Processing | userId=4 | type=APPLICATION_OFFERED | channels=[IN_APP] | ref=APPLICATION:202 | emailPresent=false
2026-06-22T15:11:20.575+05:30  INFO 80684 --- [notification-service] [ntainer#0-1-C-1] c.t.n.s.NotificationOrchestrationService : [NOTIFICATION] ▶ Attempting channel='IN_APP' | userId=4 | type=APPLICATION_OFFERED
2026-06-22T15:11:20.575+05:30  INFO 80684 --- [notification-service] [ntainer#0-1-C-1] c.t.n.channel.InAppNotificationChannel   : [IN-APP] Persisting notification | userId=4 | type=APPLICATION_OFFERED | ref=APPLICATION:202
2026-06-22T15:11:20.584+05:30  INFO 80684 --- [notification-service] [ntainer#0-1-C-1] c.t.n.channel.InAppNotificationChannel   : [IN-APP] Notification persisted | id=56 | userId=4 | type=APPLICATION_OFFERED
2026-06-22T15:11:20.584+05:30  INFO 80684 --- [notification-service] [ntainer#0-1-C-1] c.t.n.s.NotificationOrchestrationService : [NOTIFICATION] ✓ Channel='IN_APP' delivered | userId=4 | type=APPLICATION_OFFERED
2026-06-22T15:11:20.584+05:30  INFO 80684 --- [notification-service] [ntainer#0-1-C-1] c.t.n.s.NotificationOrchestrationService : [NOTIFICATION] ✓ All channels delivered | userId=4 | type=APPLICATION_OFFERED | success=1
2026-06-22T15:11:20.640+05:30  INFO 80684 --- [notification-service] [ntainer#0-2-C-1] c.t.n.c.NotificationKafkaConsumer        : [NOTIFICATION-CONSUMER] ▶ Message received | topic=notification.send | partition=2 | offset=25
2026-06-22T15:11:20.640+05:30  INFO 80684 --- [notification-service] [ntainer#0-2-C-1] c.t.n.c.NotificationKafkaConsumer        : [NOTIFICATION-CONSUMER] ▶ Payload deserialized | type=OFFER_CREATED | userId=202 | channels=[IN_APP, EMAIL] | emailPresent=false
2026-06-22T15:11:20.640+05:30  INFO 80684 --- [notification-service] [ntainer#0-2-C-1] c.t.kafka.consumer.BaseKafkaConsumer     : [KAFKA-CONSUMER] Received event | type=NOTIFICATION_SEND | eventId=77b513c5-48aa-4895-a32e-82e13873dfc6 | source=offer-service | correlationId=2bbfef3c-3ff4-467d-a430-a88323200d5d
2026-06-22T15:11:20.640+05:30  INFO 80684 --- [notification-service] [ntainer#0-2-C-1] c.t.n.s.NotificationOrchestrationService : [NOTIFICATION] ▶ Processing | userId=202 | type=OFFER_CREATED | channels=[IN_APP, EMAIL] | ref=OFFER:102 | emailPresent=false
2026-06-22T15:11:20.640+05:30  INFO 80684 --- [notification-service] [ntainer#0-2-C-1] c.t.n.s.NotificationOrchestrationService : [NOTIFICATION] ▶ Attempting channel='IN_APP' | userId=202 | type=OFFER_CREATED
2026-06-22T15:11:20.640+05:30  INFO 80684 --- [notification-service] [ntainer#0-2-C-1] c.t.n.channel.InAppNotificationChannel   : [IN-APP] Persisting notification | userId=202 | type=OFFER_CREATED | ref=OFFER:102
2026-06-22T15:11:20.644+05:30  INFO 80684 --- [notification-service] [ntainer#0-2-C-1] c.t.n.channel.InAppNotificationChannel   : [IN-APP] Notification persisted | id=57 | userId=202 | type=OFFER_CREATED
2026-06-22T15:11:20.644+05:30  INFO 80684 --- [notification-service] [ntainer#0-2-C-1] c.t.n.s.NotificationOrchestrationService : [NOTIFICATION] ✓ Channel='IN_APP' delivered | userId=202 | type=OFFER_CREATED
2026-06-22T15:11:20.644+05:30  INFO 80684 --- [notification-service] [ntainer#0-2-C-1] c.t.n.s.NotificationOrchestrationService : [NOTIFICATION] ▶ Attempting channel='EMAIL' | userId=202 | type=OFFER_CREATED
2026-06-22T15:11:20.644+05:30  WARN 80684 --- [notification-service] [ntainer#0-2-C-1] c.t.n.channel.EmailNotificationChannel   : [EMAIL] ⚠ recipientEmail is null or blank — skipping email delivery. Check that DemandPayload.recipientEmail is set in the request body and mapped in DemandController. | userId=202 | type=OFFER_CREATED
2026-06-22T15:11:20.644+05:30  INFO 80684 --- [notification-service] [ntainer#0-2-C-1] c.t.n.s.NotificationOrchestrationService : [NOTIFICATION] ✓ Channel='EMAIL' delivered | userId=202 | type=OFFER_CREATED
2026-06-22T15:11:20.644+05:30  INFO 80684 --- [notification-service] [ntainer#0-2-C-1] c.t.n.s.NotificationOrchestrationService : [NOTIFICATION] ✓ All channels delivered | userId=202 | type=OFFER_CREATED | success=2
2026-06-22T15:12:48.744+05:30  INFO 80684 --- [notification-service] [ntainer#0-2-C-1] c.t.n.c.NotificationKafkaConsumer        : [NOTIFICATION-CONSUMER] ▶ Message received | topic=notification.send | partition=2 | offset=26
2026-06-22T15:12:48.747+05:30  INFO 80684 --- [notification-service] [ntainer#0-2-C-1] c.t.n.c.NotificationKafkaConsumer        : [NOTIFICATION-CONSUMER] ▶ Payload deserialized | type=OFFER_UPDATED | userId=202 | channels=[IN_APP, EMAIL] | emailPresent=false
2026-06-22T15:12:48.747+05:30  INFO 80684 --- [notification-service] [ntainer#0-2-C-1] c.t.kafka.consumer.BaseKafkaConsumer     : [KAFKA-CONSUMER] Received event | type=NOTIFICATION_SEND | eventId=06678c7a-2f9d-483e-b391-1703831f5381 | source=offer-service | correlationId=c8a79cc6-ff40-4447-9aae-a0f663588d06
2026-06-22T15:12:48.747+05:30  INFO 80684 --- [notification-service] [ntainer#0-2-C-1] c.t.n.s.NotificationOrchestrationService : [NOTIFICATION] ▶ Processing | userId=202 | type=OFFER_UPDATED | channels=[IN_APP, EMAIL] | ref=OFFER:102 | emailPresent=false
2026-06-22T15:12:48.748+05:30  INFO 80684 --- [notification-service] [ntainer#0-2-C-1] c.t.n.s.NotificationOrchestrationService : [NOTIFICATION] ▶ Attempting channel='IN_APP' | userId=202 | type=OFFER_UPDATED
2026-06-22T15:12:48.748+05:30  INFO 80684 --- [notification-service] [ntainer#0-2-C-1] c.t.n.channel.InAppNotificationChannel   : [IN-APP] Persisting notification | userId=202 | type=OFFER_UPDATED | ref=OFFER:102
2026-06-22T15:12:48.757+05:30  INFO 80684 --- [notification-service] [ntainer#0-2-C-1] c.t.n.channel.InAppNotificationChannel   : [IN-APP] Notification persisted | id=58 | userId=202 | type=OFFER_UPDATED
2026-06-22T15:12:48.757+05:30  INFO 80684 --- [notification-service] [ntainer#0-2-C-1] c.t.n.s.NotificationOrchestrationService : [NOTIFICATION] ✓ Channel='IN_APP' delivered | userId=202 | type=OFFER_UPDATED
2026-06-22T15:12:48.757+05:30  INFO 80684 --- [notification-service] [ntainer#0-2-C-1] c.t.n.s.NotificationOrchestrationService : [NOTIFICATION] ▶ Attempting channel='EMAIL' | userId=202 | type=OFFER_UPDATED
2026-06-22T15:12:48.757+05:30  WARN 80684 --- [notification-service] [ntainer#0-2-C-1] c.t.n.channel.EmailNotificationChannel   : [EMAIL] ⚠ recipientEmail is null or blank — skipping email delivery. Check that DemandPayload.recipientEmail is set in the request body and mapped in DemandController. | userId=202 | type=OFFER_UPDATED
2026-06-22T15:12:48.757+05:30  INFO 80684 --- [notification-service] [ntainer#0-2-C-1] c.t.n.s.NotificationOrchestrationService : [NOTIFICATION] ✓ Channel='EMAIL' delivered | userId=202 | type=OFFER_UPDATED
2026-06-22T15:12:48.757+05:30  INFO 80684 --- [notification-service] [ntainer#0-2-C-1] c.t.n.s.NotificationOrchestrationService : [NOTIFICATION] ✓ All channels delivered | userId=202 | type=OFFER_UPDATED | success=2
2026-06-22T15:12:58.645+05:30  INFO 80684 --- [notification-service] [ntainer#0-2-C-1] c.t.n.c.NotificationKafkaConsumer        : [NOTIFICATION-CONSUMER] ▶ Message received | topic=notification.send | partition=2 | offset=27
2026-06-22T15:12:58.646+05:30  INFO 80684 --- [notification-service] [ntainer#0-2-C-1] c.t.n.c.NotificationKafkaConsumer        : [NOTIFICATION-CONSUMER] ▶ Payload deserialized | type=OFFER_UPDATED | userId=202 | channels=[IN_APP, EMAIL] | emailPresent=false
2026-06-22T15:12:58.646+05:30  INFO 80684 --- [notification-service] [ntainer#0-2-C-1] c.t.kafka.consumer.BaseKafkaConsumer     : [KAFKA-CONSUMER] Received event | type=NOTIFICATION_SEND | eventId=0543e788-49b5-4a60-9735-ffae3eefe2e4 | source=offer-service | correlationId=3ea190ae-c862-4afd-b5b2-d58978997dcf
2026-06-22T15:12:58.646+05:30  INFO 80684 --- [notification-service] [ntainer#0-2-C-1] c.t.n.s.NotificationOrchestrationService : [NOTIFICATION] ▶ Processing | userId=202 | type=OFFER_UPDATED | channels=[IN_APP, EMAIL] | ref=OFFER:102 | emailPresent=false
2026-06-22T15:12:58.646+05:30  INFO 80684 --- [notification-service] [ntainer#0-2-C-1] c.t.n.s.NotificationOrchestrationService : [NOTIFICATION] ▶ Attempting channel='IN_APP' | userId=202 | type=OFFER_UPDATED
2026-06-22T15:12:58.646+05:30  INFO 80684 --- [notification-service] [ntainer#0-2-C-1] c.t.n.channel.InAppNotificationChannel   : [IN-APP] Persisting notification | userId=202 | type=OFFER_UPDATED | ref=OFFER:102
2026-06-22T15:12:58.652+05:30  INFO 80684 --- [notification-service] [ntainer#0-2-C-1] c.t.n.channel.InAppNotificationChannel   : [IN-APP] Notification persisted | id=59 | userId=202 | type=OFFER_UPDATED
2026-06-22T15:12:58.653+05:30  INFO 80684 --- [notification-service] [ntainer#0-2-C-1] c.t.n.s.NotificationOrchestrationService : [NOTIFICATION] ✓ Channel='IN_APP' delivered | userId=202 | type=OFFER_UPDATED
2026-06-22T15:12:58.653+05:30  INFO 80684 --- [notification-service] [ntainer#0-2-C-1] c.t.n.s.NotificationOrchestrationService : [NOTIFICATION] ▶ Attempting channel='EMAIL' | userId=202 | type=OFFER_UPDATED
2026-06-22T15:12:58.653+05:30  WARN 80684 --- [notification-service] [ntainer#0-2-C-1] c.t.n.channel.EmailNotificationChannel   : [EMAIL] ⚠ recipientEmail is null or blank — skipping email delivery. Check that DemandPayload.recipientEmail is set in the request body and mapped in DemandController. | userId=202 | type=OFFER_UPDATED
2026-06-22T15:12:58.653+05:30  INFO 80684 --- [notification-service] [ntainer#0-2-C-1] c.t.n.s.NotificationOrchestrationService : [NOTIFICATION] ✓ Channel='EMAIL' delivered | userId=202 | type=OFFER_UPDATED
2026-06-22T15:12:58.653+05:30  INFO 80684 --- [notification-service] [ntainer#0-2-C-1] c.t.n.s.NotificationOrchestrationService : [NOTIFICATION] ✓ All channels delivered | userId=202 | type=OFFER_UPDATED | success=2
2026-06-22T15:13:22.116+05:30  INFO 80684 --- [notification-service] [ntainer#0-2-C-1] c.t.n.c.NotificationKafkaConsumer        : [NOTIFICATION-CONSUMER] ▶ Message received | topic=notification.send | partition=2 | offset=28
2026-06-22T15:13:22.118+05:30  INFO 80684 --- [notification-service] [ntainer#0-2-C-1] c.t.n.c.NotificationKafkaConsumer        : [NOTIFICATION-CONSUMER] ▶ Payload deserialized | type=OFFER_SUBMITTED_FOR_APPROVAL | userId=202 | channels=[IN_APP, EMAIL] | emailPresent=true
2026-06-22T15:13:22.118+05:30  INFO 80684 --- [notification-service] [ntainer#0-2-C-1] c.t.kafka.consumer.BaseKafkaConsumer     : [KAFKA-CONSUMER] Received event | type=NOTIFICATION_SEND | eventId=fb9e6ead-115d-4eaa-bc30-dbcc9454b098 | source=offer-service | correlationId=e810b0b1-3eab-4b45-93ba-12455c0ab963
2026-06-22T15:13:22.118+05:30  INFO 80684 --- [notification-service] [ntainer#0-2-C-1] c.t.n.s.NotificationOrchestrationService : [NOTIFICATION] ▶ Processing | userId=202 | type=OFFER_SUBMITTED_FOR_APPROVAL | channels=[IN_APP, EMAIL] | ref=OFFER:102 | emailPresent=true
2026-06-22T15:13:22.118+05:30  INFO 80684 --- [notification-service] [ntainer#0-2-C-1] c.t.n.s.NotificationOrchestrationService : [NOTIFICATION] ▶ Attempting channel='IN_APP' | userId=202 | type=OFFER_SUBMITTED_FOR_APPROVAL
2026-06-22T15:13:22.118+05:30  INFO 80684 --- [notification-service] [ntainer#0-2-C-1] c.t.n.channel.InAppNotificationChannel   : [IN-APP] Persisting notification | userId=202 | type=OFFER_SUBMITTED_FOR_APPROVAL | ref=OFFER:102
2026-06-22T15:13:22.133+05:30  INFO 80684 --- [notification-service] [ntainer#0-2-C-1] c.t.n.channel.InAppNotificationChannel   : [IN-APP] Notification persisted | id=60 | userId=202 | type=OFFER_SUBMITTED_FOR_APPROVAL
2026-06-22T15:13:22.133+05:30  INFO 80684 --- [notification-service] [ntainer#0-2-C-1] c.t.n.s.NotificationOrchestrationService : [NOTIFICATION] ✓ Channel='IN_APP' delivered | userId=202 | type=OFFER_SUBMITTED_FOR_APPROVAL
2026-06-22T15:13:22.133+05:30  INFO 80684 --- [notification-service] [ntainer#0-2-C-1] c.t.n.s.NotificationOrchestrationService : [NOTIFICATION] ▶ Attempting channel='EMAIL' | userId=202 | type=OFFER_SUBMITTED_FOR_APPROVAL
2026-06-22T15:13:22.133+05:30  INFO 80684 --- [notification-service] [ntainer#0-2-C-1] c.t.n.channel.EmailNotificationChannel   : [EMAIL] ▶ Starting email delivery | userId=202 | type=OFFER_SUBMITTED_FOR_APPROVAL | templateId=offer-submitted-for-approval | toPresent=true
2026-06-22T15:13:22.134+05:30 ERROR 80684 --- [notification-service] [ntainer#0-2-C-1] org.thymeleaf.TemplateEngine             : [THYMELEAF][org.springframework.kafka.KafkaListenerEndpointContainer#0-2-C-1] Exception processing template "email/offer-submitted-for-approval": Error resolving template [email/offer-submitted-for-approval], template might not exist or might not be accessible by any of the configured Template Resolvers

org.thymeleaf.exceptions.TemplateInputException: Error resolving template [email/offer-submitted-for-approval], template might not exist or might not be accessible by any of the configured Template Resolvers
	at org.thymeleaf.engine.TemplateManager.resolveTemplate(TemplateManager.java:869) ~[thymeleaf-3.1.2.RELEASE.jar!/:3.1.2.RELEASE]
	at org.thymeleaf.engine.TemplateManager.parseAndProcess(TemplateManager.java:607) ~[thymeleaf-3.1.2.RELEASE.jar!/:3.1.2.RELEASE]
	at org.thymeleaf.TemplateEngine.process(TemplateEngine.java:1103) ~[thymeleaf-3.1.2.RELEASE.jar!/:3.1.2.RELEASE]
	at org.thymeleaf.TemplateEngine.process(TemplateEngine.java:1064) ~[thymeleaf-3.1.2.RELEASE.jar!/:3.1.2.RELEASE]
	at org.thymeleaf.TemplateEngine.process(TemplateEngine.java:1053) ~[thymeleaf-3.1.2.RELEASE.jar!/:3.1.2.RELEASE]
	at com.talentgrid.notification.channel.EmailNotificationChannel.resolveContent(EmailNotificationChannel.java:136) ~[!/:1.0.0-SNAPSHOT]
	at com.talentgrid.notification.channel.EmailNotificationChannel.deliver(EmailNotificationChannel.java:75) ~[!/:1.0.0-SNAPSHOT]
	at com.talentgrid.notification.service.NotificationOrchestrationService.process(NotificationOrchestrationService.java:78) ~[!/:1.0.0-SNAPSHOT]
	at com.talentgrid.notification.consumer.NotificationKafkaConsumer.handleEvent(NotificationKafkaConsumer.java:83) ~[!/:1.0.0-SNAPSHOT]
	at com.talentgrid.kafka.consumer.BaseKafkaConsumer.process(BaseKafkaConsumer.java:13) ~[talentgrid-kafka-1.0.0-SNAPSHOT.jar!/:1.0.0-SNAPSHOT]
	at com.talentgrid.notification.consumer.NotificationKafkaConsumer.onMessage(NotificationKafkaConsumer.java:71) ~[!/:1.0.0-SNAPSHOT]
	at java.base/jdk.internal.reflect.NativeMethodAccessorImpl.invoke0(Native Method) ~[na:na]
	at java.base/jdk.internal.reflect.NativeMethodAccessorImpl.invoke(NativeMethodAccessorImpl.java:77) ~[na:na]
	at java.base/jdk.internal.reflect.DelegatingMethodAccessorImpl.invoke(DelegatingMethodAccessorImpl.java:43) ~[na:na]
	at java.base/java.lang.reflect.Method.invoke(Method.java:569) ~[na:na]
	at org.springframework.messaging.handler.invocation.InvocableHandlerMethod.doInvoke(InvocableHandlerMethod.java:169) ~[spring-messaging-6.2.0.jar!/:6.2.0]
	at org.springframework.kafka.listener.adapter.KotlinAwareInvocableHandlerMethod.doInvoke(KotlinAwareInvocableHandlerMethod.java:45) ~[spring-kafka-3.3.0.jar!/:3.3.0]
	at org.springframework.messaging.handler.invocation.InvocableHandlerMethod.invoke(InvocableHandlerMethod.java:119) ~[spring-messaging-6.2.0.jar!/:6.2.0]
	at org.springframework.kafka.listener.adapter.HandlerAdapter.invoke(HandlerAdapter.java:71) ~[spring-kafka-3.3.0.jar!/:3.3.0]
	at org.springframework.kafka.listener.adapter.MessagingMessageListenerAdapter.invokeHandler(MessagingMessageListenerAdapter.java:474) ~[spring-kafka-3.3.0.jar!/:3.3.0]
	at org.springframework.kafka.listener.adapter.MessagingMessageListenerAdapter.invoke(MessagingMessageListenerAdapter.java:421) ~[spring-kafka-3.3.0.jar!/:3.3.0]
	at org.springframework.kafka.listener.adapter.RecordMessagingMessageListenerAdapter.onMessage(RecordMessagingMessageListenerAdapter.java:85) ~[spring-kafka-3.3.0.jar!/:3.3.0]
	at org.springframework.kafka.listener.adapter.RecordMessagingMessageListenerAdapter.onMessage(RecordMessagingMessageListenerAdapter.java:50) ~[spring-kafka-3.3.0.jar!/:3.3.0]
	at org.springframework.kafka.listener.KafkaMessageListenerContainer$ListenerConsumer.doInvokeOnMessage(KafkaMessageListenerContainer.java:2875) ~[spring-kafka-3.3.0.jar!/:3.3.0]
	at org.springframework.kafka.listener.KafkaMessageListenerContainer$ListenerConsumer.invokeOnMessage(KafkaMessageListenerContainer.java:2853) ~[spring-kafka-3.3.0.jar!/:3.3.0]
	at org.springframework.kafka.listener.KafkaMessageListenerContainer$ListenerConsumer.doInvokeRecordListener(KafkaMessageListenerContainer.java:2766) ~[spring-kafka-3.3.0.jar!/:3.3.0]
	at org.springframework.kafka.listener.KafkaMessageListenerContainer$ListenerConsumer.doInvokeWithRecords(KafkaMessageListenerContainer.java:2604) ~[spring-kafka-3.3.0.jar!/:3.3.0]
	at org.springframework.kafka.listener.KafkaMessageListenerContainer$ListenerConsumer.invokeRecordListener(KafkaMessageListenerContainer.java:2493) ~[spring-kafka-3.3.0.jar!/:3.3.0]
	at org.springframework.kafka.listener.KafkaMessageListenerContainer$ListenerConsumer.invokeListener(KafkaMessageListenerContainer.java:2144) ~[spring-kafka-3.3.0.jar!/:3.3.0]
	at org.springframework.kafka.listener.KafkaMessageListenerContainer$ListenerConsumer.invokeIfHaveRecords(KafkaMessageListenerContainer.java:1520) ~[spring-kafka-3.3.0.jar!/:3.3.0]
	at org.springframework.kafka.listener.KafkaMessageListenerContainer$ListenerConsumer.pollAndInvoke(KafkaMessageListenerContainer.java:1458) ~[spring-kafka-3.3.0.jar!/:3.3.0]
	at org.springframework.kafka.listener.KafkaMessageListenerContainer$ListenerConsumer.run(KafkaMessageListenerContainer.java:1327) ~[spring-kafka-3.3.0.jar!/:3.3.0]
	at java.base/java.util.concurrent.CompletableFuture$AsyncRun.run(CompletableFuture.java:1804) ~[na:na]
	at java.base/java.lang.Thread.run(Thread.java:840) ~[na:na]

2026-06-22T15:13:22.137+05:30  WARN 80684 --- [notification-service] [ntainer#0-2-C-1] c.t.n.channel.EmailNotificationChannel   : [EMAIL] Template 'offer-submitted-for-approval' failed to render — falling back to plain HTML. Check that templates/email/offer-submitted-for-approval.html exists in notification-service resources. Error: Error resolving template [email/offer-submitted-for-approval], template might not exist or might not be accessible by any of the configured Template Resolvers
2026-06-22T15:13:22.140+05:30  INFO 80684 --- [notification-service] [ntainer#0-2-C-1] c.t.n.channel.EmailNotificationChannel   : [EMAIL] ▶ Invoking SMTP send | host=smtp.gmail.com | port=587 | userId=202
2026-06-22T15:13:22.143+05:30 ERROR 80684 --- [notification-service] [ntainer#0-2-C-1] c.t.n.channel.EmailNotificationChannel   : [EMAIL] ✗ SMTP authentication failed — check spring.mail.password in application.properties. Gmail requires an App Password (not your account password). Generate one at: https://myaccount.google.com/apppasswords | error=Authentication failed
2026-06-22T15:13:22.143+05:30 ERROR 80684 --- [notification-service] [ntainer#0-2-C-1] c.t.n.s.NotificationOrchestrationService : [NOTIFICATION] ✗ Channel='EMAIL' delivery failed | userId=202 | type=OFFER_SUBMITTED_FOR_APPROVAL | error=Authentication failed

org.springframework.mail.MailAuthenticationException: Authentication failed
	at org.springframework.mail.javamail.JavaMailSenderImpl.doSend(JavaMailSenderImpl.java:402) ~[spring-context-support-6.2.0.jar!/:6.2.0]
	at org.springframework.mail.javamail.JavaMailSenderImpl.send(JavaMailSenderImpl.java:350) ~[spring-context-support-6.2.0.jar!/:6.2.0]
	at org.springframework.mail.javamail.JavaMailSender.send(JavaMailSender.java:101) ~[spring-context-support-6.2.0.jar!/:6.2.0]
	at com.talentgrid.notification.channel.EmailNotificationChannel.deliver(EmailNotificationChannel.java:94) ~[!/:1.0.0-SNAPSHOT]
	at com.talentgrid.notification.service.NotificationOrchestrationService.process(NotificationOrchestrationService.java:78) ~[!/:1.0.0-SNAPSHOT]
	at com.talentgrid.notification.consumer.NotificationKafkaConsumer.handleEvent(NotificationKafkaConsumer.java:83) ~[!/:1.0.0-SNAPSHOT]
	at com.talentgrid.kafka.consumer.BaseKafkaConsumer.process(BaseKafkaConsumer.java:13) ~[talentgrid-kafka-1.0.0-SNAPSHOT.jar!/:1.0.0-SNAPSHOT]
	at com.talentgrid.notification.consumer.NotificationKafkaConsumer.onMessage(NotificationKafkaConsumer.java:71) ~[!/:1.0.0-SNAPSHOT]
	at java.base/jdk.internal.reflect.NativeMethodAccessorImpl.invoke0(Native Method) ~[na:na]
	at java.base/jdk.internal.reflect.NativeMethodAccessorImpl.invoke(NativeMethodAccessorImpl.java:77) ~[na:na]
	at java.base/jdk.internal.reflect.DelegatingMethodAccessorImpl.invoke(DelegatingMethodAccessorImpl.java:43) ~[na:na]
	at java.base/java.lang.reflect.Method.invoke(Method.java:569) ~[na:na]
	at org.springframework.messaging.handler.invocation.InvocableHandlerMethod.doInvoke(InvocableHandlerMethod.java:169) ~[spring-messaging-6.2.0.jar!/:6.2.0]
	at org.springframework.kafka.listener.adapter.KotlinAwareInvocableHandlerMethod.doInvoke(KotlinAwareInvocableHandlerMethod.java:45) ~[spring-kafka-3.3.0.jar!/:3.3.0]
	at org.springframework.messaging.handler.invocation.InvocableHandlerMethod.invoke(InvocableHandlerMethod.java:119) ~[spring-messaging-6.2.0.jar!/:6.2.0]
	at org.springframework.kafka.listener.adapter.HandlerAdapter.invoke(HandlerAdapter.java:71) ~[spring-kafka-3.3.0.jar!/:3.3.0]
	at org.springframework.kafka.listener.adapter.MessagingMessageListenerAdapter.invokeHandler(MessagingMessageListenerAdapter.java:474) ~[spring-kafka-3.3.0.jar!/:3.3.0]
	at org.springframework.kafka.listener.adapter.MessagingMessageListenerAdapter.invoke(MessagingMessageListenerAdapter.java:421) ~[spring-kafka-3.3.0.jar!/:3.3.0]
	at org.springframework.kafka.listener.adapter.RecordMessagingMessageListenerAdapter.onMessage(RecordMessagingMessageListenerAdapter.java:85) ~[spring-kafka-3.3.0.jar!/:3.3.0]
	at org.springframework.kafka.listener.adapter.RecordMessagingMessageListenerAdapter.onMessage(RecordMessagingMessageListenerAdapter.java:50) ~[spring-kafka-3.3.0.jar!/:3.3.0]
	at org.springframework.kafka.listener.KafkaMessageListenerContainer$ListenerConsumer.doInvokeOnMessage(KafkaMessageListenerContainer.java:2875) ~[spring-kafka-3.3.0.jar!/:3.3.0]
	at org.springframework.kafka.listener.KafkaMessageListenerContainer$ListenerConsumer.invokeOnMessage(KafkaMessageListenerContainer.java:2853) ~[spring-kafka-3.3.0.jar!/:3.3.0]
	at org.springframework.kafka.listener.KafkaMessageListenerContainer$ListenerConsumer.doInvokeRecordListener(KafkaMessageListenerContainer.java:2766) ~[spring-kafka-3.3.0.jar!/:3.3.0]
	at org.springframework.kafka.listener.KafkaMessageListenerContainer$ListenerConsumer.doInvokeWithRecords(KafkaMessageListenerContainer.java:2604) ~[spring-kafka-3.3.0.jar!/:3.3.0]
	at org.springframework.kafka.listener.KafkaMessageListenerContainer$ListenerConsumer.invokeRecordListener(KafkaMessageListenerContainer.java:2493) ~[spring-kafka-3.3.0.jar!/:3.3.0]
	at org.springframework.kafka.listener.KafkaMessageListenerContainer$ListenerConsumer.invokeListener(KafkaMessageListenerContainer.java:2144) ~[spring-kafka-3.3.0.jar!/:3.3.0]
	at org.springframework.kafka.listener.KafkaMessageListenerContainer$ListenerConsumer.invokeIfHaveRecords(KafkaMessageListenerContainer.java:1520) ~[spring-kafka-3.3.0.jar!/:3.3.0]
	at org.springframework.kafka.listener.KafkaMessageListenerContainer$ListenerConsumer.pollAndInvoke(KafkaMessageListenerContainer.java:1458) ~[spring-kafka-3.3.0.jar!/:3.3.0]
	at org.springframework.kafka.listener.KafkaMessageListenerContainer$ListenerConsumer.run(KafkaMessageListenerContainer.java:1327) ~[spring-kafka-3.3.0.jar!/:3.3.0]
	at java.base/java.util.concurrent.CompletableFuture$AsyncRun.run(CompletableFuture.java:1804) ~[na:na]
	at java.base/java.lang.Thread.run(Thread.java:840) ~[na:na]
Caused by: jakarta.mail.AuthenticationFailedException: failed to connect, no password specified?
	at jakarta.mail.Service.connect(Service.java:379) ~[jakarta.mail-2.0.3.jar!/:na]
	at org.springframework.mail.javamail.JavaMailSenderImpl.connectTransport(JavaMailSenderImpl.java:480) ~[spring-context-support-6.2.0.jar!/:6.2.0]
	at org.springframework.mail.javamail.JavaMailSenderImpl.doSend(JavaMailSenderImpl.java:399) ~[spring-context-support-6.2.0.jar!/:6.2.0]
	... 30 common frames omitted

2026-06-22T15:13:22.143+05:30  WARN 80684 --- [notification-service] [ntainer#0-2-C-1] c.t.n.s.NotificationOrchestrationService : [NOTIFICATION] ⚠ Delivery complete with failures | userId=202 | type=OFFER_SUBMITTED_FOR_APPROVAL | success=1 | failure=1
2026-06-22T15:13:33.215+05:30  INFO 80684 --- [notification-service] [ntainer#0-2-C-1] c.t.n.c.NotificationKafkaConsumer        : [NOTIFICATION-CONSUMER] ▶ Message received | topic=notification.send | partition=2 | offset=29
2026-06-22T15:13:33.225+05:30  INFO 80684 --- [notification-service] [ntainer#0-2-C-1] c.t.n.c.NotificationKafkaConsumer        : [NOTIFICATION-CONSUMER] ▶ Payload deserialized | type=OFFER_PENDING_NEXT_APPROVAL | userId=202 | channels=[IN_APP, EMAIL] | emailPresent=true
2026-06-22T15:13:33.226+05:30  INFO 80684 --- [notification-service] [ntainer#0-2-C-1] c.t.kafka.consumer.BaseKafkaConsumer     : [KAFKA-CONSUMER] Received event | type=NOTIFICATION_SEND | eventId=c7c0cca4-bd08-424a-a400-0fa71c32350d | source=offer-service | correlationId=d62964ef-d834-4610-800c-1c5c12e2f636
2026-06-22T15:13:33.226+05:30  INFO 80684 --- [notification-service] [ntainer#0-2-C-1] c.t.n.s.NotificationOrchestrationService : [NOTIFICATION] ▶ Processing | userId=202 | type=OFFER_PENDING_NEXT_APPROVAL | channels=[IN_APP, EMAIL] | ref=OFFER:102 | emailPresent=true
2026-06-22T15:13:33.226+05:30  INFO 80684 --- [notification-service] [ntainer#0-2-C-1] c.t.n.s.NotificationOrchestrationService : [NOTIFICATION] ▶ Attempting channel='IN_APP' | userId=202 | type=OFFER_PENDING_NEXT_APPROVAL
2026-06-22T15:13:33.226+05:30  INFO 80684 --- [notification-service] [ntainer#0-2-C-1] c.t.n.channel.InAppNotificationChannel   : [IN-APP] Persisting notification | userId=202 | type=OFFER_PENDING_NEXT_APPROVAL | ref=OFFER:102
2026-06-22T15:13:33.251+05:30  INFO 80684 --- [notification-service] [ntainer#0-2-C-1] c.t.n.channel.InAppNotificationChannel   : [IN-APP] Notification persisted | id=61 | userId=202 | type=OFFER_PENDING_NEXT_APPROVAL
2026-06-22T15:13:33.251+05:30  INFO 80684 --- [notification-service] [ntainer#0-2-C-1] c.t.n.s.NotificationOrchestrationService : [NOTIFICATION] ✓ Channel='IN_APP' delivered | userId=202 | type=OFFER_PENDING_NEXT_APPROVAL
2026-06-22T15:13:33.251+05:30  INFO 80684 --- [notification-service] [ntainer#0-2-C-1] c.t.n.s.NotificationOrchestrationService : [NOTIFICATION] ▶ Attempting channel='EMAIL' | userId=202 | type=OFFER_PENDING_NEXT_APPROVAL
2026-06-22T15:13:33.251+05:30  INFO 80684 --- [notification-service] [ntainer#0-2-C-1] c.t.n.channel.EmailNotificationChannel   : [EMAIL] ▶ Starting email delivery | userId=202 | type=OFFER_PENDING_NEXT_APPROVAL | templateId=offer-pending-next-approval | toPresent=true
2026-06-22T15:13:33.252+05:30 ERROR 80684 --- [notification-service] [ntainer#0-2-C-1] org.thymeleaf.TemplateEngine             : [THYMELEAF][org.springframework.kafka.KafkaListenerEndpointContainer#0-2-C-1] Exception processing template "email/offer-pending-next-approval": Error resolving template [email/offer-pending-next-approval], template might not exist or might not be accessible by any of the configured Template Resolvers

org.thymeleaf.exceptions.TemplateInputException: Error resolving template [email/offer-pending-next-approval], template might not exist or might not be accessible by any of the configured Template Resolvers
	at org.thymeleaf.engine.TemplateManager.resolveTemplate(TemplateManager.java:869) ~[thymeleaf-3.1.2.RELEASE.jar!/:3.1.2.RELEASE]
	at org.thymeleaf.engine.TemplateManager.parseAndProcess(TemplateManager.java:607) ~[thymeleaf-3.1.2.RELEASE.jar!/:3.1.2.RELEASE]
	at org.thymeleaf.TemplateEngine.process(TemplateEngine.java:1103) ~[thymeleaf-3.1.2.RELEASE.jar!/:3.1.2.RELEASE]
	at org.thymeleaf.TemplateEngine.process(TemplateEngine.java:1064) ~[thymeleaf-3.1.2.RELEASE.jar!/:3.1.2.RELEASE]
	at org.thymeleaf.TemplateEngine.process(TemplateEngine.java:1053) ~[thymeleaf-3.1.2.RELEASE.jar!/:3.1.2.RELEASE]
	at com.talentgrid.notification.channel.EmailNotificationChannel.resolveContent(EmailNotificationChannel.java:136) ~[!/:1.0.0-SNAPSHOT]
	at com.talentgrid.notification.channel.EmailNotificationChannel.deliver(EmailNotificationChannel.java:75) ~[!/:1.0.0-SNAPSHOT]
	at com.talentgrid.notification.service.NotificationOrchestrationService.process(NotificationOrchestrationService.java:78) ~[!/:1.0.0-SNAPSHOT]
	at com.talentgrid.notification.consumer.NotificationKafkaConsumer.handleEvent(NotificationKafkaConsumer.java:83) ~[!/:1.0.0-SNAPSHOT]
	at com.talentgrid.kafka.consumer.BaseKafkaConsumer.process(BaseKafkaConsumer.java:13) ~[talentgrid-kafka-1.0.0-SNAPSHOT.jar!/:1.0.0-SNAPSHOT]
	at com.talentgrid.notification.consumer.NotificationKafkaConsumer.onMessage(NotificationKafkaConsumer.java:71) ~[!/:1.0.0-SNAPSHOT]
	at java.base/jdk.internal.reflect.NativeMethodAccessorImpl.invoke0(Native Method) ~[na:na]
	at java.base/jdk.internal.reflect.NativeMethodAccessorImpl.invoke(NativeMethodAccessorImpl.java:77) ~[na:na]
	at java.base/jdk.internal.reflect.DelegatingMethodAccessorImpl.invoke(DelegatingMethodAccessorImpl.java:43) ~[na:na]
	at java.base/java.lang.reflect.Method.invoke(Method.java:569) ~[na:na]
	at org.springframework.messaging.handler.invocation.InvocableHandlerMethod.doInvoke(InvocableHandlerMethod.java:169) ~[spring-messaging-6.2.0.jar!/:6.2.0]
	at org.springframework.kafka.listener.adapter.KotlinAwareInvocableHandlerMethod.doInvoke(KotlinAwareInvocableHandlerMethod.java:45) ~[spring-kafka-3.3.0.jar!/:3.3.0]
	at org.springframework.messaging.handler.invocation.InvocableHandlerMethod.invoke(InvocableHandlerMethod.java:119) ~[spring-messaging-6.2.0.jar!/:6.2.0]
	at org.springframework.kafka.listener.adapter.HandlerAdapter.invoke(HandlerAdapter.java:71) ~[spring-kafka-3.3.0.jar!/:3.3.0]
	at org.springframework.kafka.listener.adapter.MessagingMessageListenerAdapter.invokeHandler(MessagingMessageListenerAdapter.java:474) ~[spring-kafka-3.3.0.jar!/:3.3.0]
	at org.springframework.kafka.listener.adapter.MessagingMessageListenerAdapter.invoke(MessagingMessageListenerAdapter.java:421) ~[spring-kafka-3.3.0.jar!/:3.3.0]
	at org.springframework.kafka.listener.adapter.RecordMessagingMessageListenerAdapter.onMessage(RecordMessagingMessageListenerAdapter.java:85) ~[spring-kafka-3.3.0.jar!/:3.3.0]
	at org.springframework.kafka.listener.adapter.RecordMessagingMessageListenerAdapter.onMessage(RecordMessagingMessageListenerAdapter.java:50) ~[spring-kafka-3.3.0.jar!/:3.3.0]
	at org.springframework.kafka.listener.KafkaMessageListenerContainer$ListenerConsumer.doInvokeOnMessage(KafkaMessageListenerContainer.java:2875) ~[spring-kafka-3.3.0.jar!/:3.3.0]
	at org.springframework.kafka.listener.KafkaMessageListenerContainer$ListenerConsumer.invokeOnMessage(KafkaMessageListenerContainer.java:2853) ~[spring-kafka-3.3.0.jar!/:3.3.0]
	at org.springframework.kafka.listener.KafkaMessageListenerContainer$ListenerConsumer.doInvokeRecordListener(KafkaMessageListenerContainer.java:2766) ~[spring-kafka-3.3.0.jar!/:3.3.0]
	at org.springframework.kafka.listener.KafkaMessageListenerContainer$ListenerConsumer.doInvokeWithRecords(KafkaMessageListenerContainer.java:2604) ~[spring-kafka-3.3.0.jar!/:3.3.0]
	at org.springframework.kafka.listener.KafkaMessageListenerContainer$ListenerConsumer.invokeRecordListener(KafkaMessageListenerContainer.java:2493) ~[spring-kafka-3.3.0.jar!/:3.3.0]
	at org.springframework.kafka.listener.KafkaMessageListenerContainer$ListenerConsumer.invokeListener(KafkaMessageListenerContainer.java:2144) ~[spring-kafka-3.3.0.jar!/:3.3.0]
	at org.springframework.kafka.listener.KafkaMessageListenerContainer$ListenerConsumer.invokeIfHaveRecords(KafkaMessageListenerContainer.java:1520) ~[spring-kafka-3.3.0.jar!/:3.3.0]
	at org.springframework.kafka.listener.KafkaMessageListenerContainer$ListenerConsumer.pollAndInvoke(KafkaMessageListenerContainer.java:1458) ~[spring-kafka-3.3.0.jar!/:3.3.0]
	at org.springframework.kafka.listener.KafkaMessageListenerContainer$ListenerConsumer.run(KafkaMessageListenerContainer.java:1327) ~[spring-kafka-3.3.0.jar!/:3.3.0]
	at java.base/java.util.concurrent.CompletableFuture$AsyncRun.run(CompletableFuture.java:1804) ~[na:na]
	at java.base/java.lang.Thread.run(Thread.java:840) ~[na:na]

2026-06-22T15:13:33.253+05:30  WARN 80684 --- [notification-service] [ntainer#0-2-C-1] c.t.n.channel.EmailNotificationChannel   : [EMAIL] Template 'offer-pending-next-approval' failed to render — falling back to plain HTML. Check that templates/email/offer-pending-next-approval.html exists in notification-service resources. Error: Error resolving template [email/offer-pending-next-approval], template might not exist or might not be accessible by any of the configured Template Resolvers
2026-06-22T15:13:33.258+05:30  INFO 80684 --- [notification-service] [ntainer#0-2-C-1] c.t.n.channel.EmailNotificationChannel   : [EMAIL] ▶ Invoking SMTP send | host=smtp.gmail.com | port=587 | userId=202
2026-06-22T15:13:33.259+05:30 ERROR 80684 --- [notification-service] [ntainer#0-2-C-1] c.t.n.channel.EmailNotificationChannel   : [EMAIL] ✗ SMTP authentication failed — check spring.mail.password in application.properties. Gmail requires an App Password (not your account password). Generate one at: https://myaccount.google.com/apppasswords | error=Authentication failed
2026-06-22T15:13:33.259+05:30 ERROR 80684 --- [notification-service] [ntainer#0-2-C-1] c.t.n.s.NotificationOrchestrationService : [NOTIFICATION] ✗ Channel='EMAIL' delivery failed | userId=202 | type=OFFER_PENDING_NEXT_APPROVAL | error=Authentication failed

org.springframework.mail.MailAuthenticationException: Authentication failed
	at org.springframework.mail.javamail.JavaMailSenderImpl.doSend(JavaMailSenderImpl.java:402) ~[spring-context-support-6.2.0.jar!/:6.2.0]
	at org.springframework.mail.javamail.JavaMailSenderImpl.send(JavaMailSenderImpl.java:350) ~[spring-context-support-6.2.0.jar!/:6.2.0]
	at org.springframework.mail.javamail.JavaMailSender.send(JavaMailSender.java:101) ~[spring-context-support-6.2.0.jar!/:6.2.0]
	at com.talentgrid.notification.channel.EmailNotificationChannel.deliver(EmailNotificationChannel.java:94) ~[!/:1.0.0-SNAPSHOT]
	at com.talentgrid.notification.service.NotificationOrchestrationService.process(NotificationOrchestrationService.java:78) ~[!/:1.0.0-SNAPSHOT]
	at com.talentgrid.notification.consumer.NotificationKafkaConsumer.handleEvent(NotificationKafkaConsumer.java:83) ~[!/:1.0.0-SNAPSHOT]
	at com.talentgrid.kafka.consumer.BaseKafkaConsumer.process(BaseKafkaConsumer.java:13) ~[talentgrid-kafka-1.0.0-SNAPSHOT.jar!/:1.0.0-SNAPSHOT]
	at com.talentgrid.notification.consumer.NotificationKafkaConsumer.onMessage(NotificationKafkaConsumer.java:71) ~[!/:1.0.0-SNAPSHOT]
	at java.base/jdk.internal.reflect.NativeMethodAccessorImpl.invoke0(Native Method) ~[na:na]
	at java.base/jdk.internal.reflect.NativeMethodAccessorImpl.invoke(NativeMethodAccessorImpl.java:77) ~[na:na]
	at java.base/jdk.internal.reflect.DelegatingMethodAccessorImpl.invoke(DelegatingMethodAccessorImpl.java:43) ~[na:na]
	at java.base/java.lang.reflect.Method.invoke(Method.java:569) ~[na:na]
	at org.springframework.messaging.handler.invocation.InvocableHandlerMethod.doInvoke(InvocableHandlerMethod.java:169) ~[spring-messaging-6.2.0.jar!/:6.2.0]
	at org.springframework.kafka.listener.adapter.KotlinAwareInvocableHandlerMethod.doInvoke(KotlinAwareInvocableHandlerMethod.java:45) ~[spring-kafka-3.3.0.jar!/:3.3.0]
	at org.springframework.messaging.handler.invocation.InvocableHandlerMethod.invoke(InvocableHandlerMethod.java:119) ~[spring-messaging-6.2.0.jar!/:6.2.0]
	at org.springframework.kafka.listener.adapter.HandlerAdapter.invoke(HandlerAdapter.java:71) ~[spring-kafka-3.3.0.jar!/:3.3.0]
	at org.springframework.kafka.listener.adapter.MessagingMessageListenerAdapter.invokeHandler(MessagingMessageListenerAdapter.java:474) ~[spring-kafka-3.3.0.jar!/:3.3.0]
	at org.springframework.kafka.listener.adapter.MessagingMessageListenerAdapter.invoke(MessagingMessageListenerAdapter.java:421) ~[spring-kafka-3.3.0.jar!/:3.3.0]
	at org.springframework.kafka.listener.adapter.RecordMessagingMessageListenerAdapter.onMessage(RecordMessagingMessageListenerAdapter.java:85) ~[spring-kafka-3.3.0.jar!/:3.3.0]
	at org.springframework.kafka.listener.adapter.RecordMessagingMessageListenerAdapter.onMessage(RecordMessagingMessageListenerAdapter.java:50) ~[spring-kafka-3.3.0.jar!/:3.3.0]
	at org.springframework.kafka.listener.KafkaMessageListenerContainer$ListenerConsumer.doInvokeOnMessage(KafkaMessageListenerContainer.java:2875) ~[spring-kafka-3.3.0.jar!/:3.3.0]
	at org.springframework.kafka.listener.KafkaMessageListenerContainer$ListenerConsumer.invokeOnMessage(KafkaMessageListenerContainer.java:2853) ~[spring-kafka-3.3.0.jar!/:3.3.0]
	at org.springframework.kafka.listener.KafkaMessageListenerContainer$ListenerConsumer.doInvokeRecordListener(KafkaMessageListenerContainer.java:2766) ~[spring-kafka-3.3.0.jar!/:3.3.0]
	at org.springframework.kafka.listener.KafkaMessageListenerContainer$ListenerConsumer.doInvokeWithRecords(KafkaMessageListenerContainer.java:2604) ~[spring-kafka-3.3.0.jar!/:3.3.0]
	at org.springframework.kafka.listener.KafkaMessageListenerContainer$ListenerConsumer.invokeRecordListener(KafkaMessageListenerContainer.java:2493) ~[spring-kafka-3.3.0.jar!/:3.3.0]
	at org.springframework.kafka.listener.KafkaMessageListenerContainer$ListenerConsumer.invokeListener(KafkaMessageListenerContainer.java:2144) ~[spring-kafka-3.3.0.jar!/:3.3.0]
	at org.springframework.kafka.listener.KafkaMessageListenerContainer$ListenerConsumer.invokeIfHaveRecords(KafkaMessageListenerContainer.java:1520) ~[spring-kafka-3.3.0.jar!/:3.3.0]
	at org.springframework.kafka.listener.KafkaMessageListenerContainer$ListenerConsumer.pollAndInvoke(KafkaMessageListenerContainer.java:1458) ~[spring-kafka-3.3.0.jar!/:3.3.0]
	at org.springframework.kafka.listener.KafkaMessageListenerContainer$ListenerConsumer.run(KafkaMessageListenerContainer.java:1327) ~[spring-kafka-3.3.0.jar!/:3.3.0]
	at java.base/java.util.concurrent.CompletableFuture$AsyncRun.run(CompletableFuture.java:1804) ~[na:na]
	at java.base/java.lang.Thread.run(Thread.java:840) ~[na:na]
Caused by: jakarta.mail.AuthenticationFailedException: failed to connect, no password specified?
	at jakarta.mail.Service.connect(Service.java:379) ~[jakarta.mail-2.0.3.jar!/:na]
	at org.springframework.mail.javamail.JavaMailSenderImpl.connectTransport(JavaMailSenderImpl.java:480) ~[spring-context-support-6.2.0.jar!/:6.2.0]
	at org.springframework.mail.javamail.JavaMailSenderImpl.doSend(JavaMailSenderImpl.java:399) ~[spring-context-support-6.2.0.jar!/:6.2.0]
	... 30 common frames omitted

2026-06-22T15:13:33.259+05:30  WARN 80684 --- [notification-service] [ntainer#0-2-C-1] c.t.n.s.NotificationOrchestrationService : [NOTIFICATION] ⚠ Delivery complete with failures | userId=202 | type=OFFER_PENDING_NEXT_APPROVAL | success=1 | failure=1
2026-06-22T15:14:02.924+05:30  INFO 80684 --- [notification-service] [ntainer#0-2-C-1] c.t.n.c.NotificationKafkaConsumer        : [NOTIFICATION-CONSUMER] ▶ Message received | topic=notification.send | partition=2 | offset=30
2026-06-22T15:14:02.930+05:30  INFO 80684 --- [notification-service] [ntainer#0-2-C-1] c.t.n.c.NotificationKafkaConsumer        : [NOTIFICATION-CONSUMER] ▶ Payload deserialized | type=OFFER_APPROVED | userId=202 | channels=[IN_APP, EMAIL] | emailPresent=false
2026-06-22T15:14:02.930+05:30  INFO 80684 --- [notification-service] [ntainer#0-2-C-1] c.t.kafka.consumer.BaseKafkaConsumer     : [KAFKA-CONSUMER] Received event | type=NOTIFICATION_SEND | eventId=7dc2650f-61d8-4212-976f-8f7b61d1fdda | source=offer-service | correlationId=afdc8b87-9e41-4b5c-94ce-ad7f3ea74613
2026-06-22T15:14:02.930+05:30  INFO 80684 --- [notification-service] [ntainer#0-2-C-1] c.t.n.s.NotificationOrchestrationService : [NOTIFICATION] ▶ Processing | userId=202 | type=OFFER_APPROVED | channels=[IN_APP, EMAIL] | ref=OFFER:102 | emailPresent=false
2026-06-22T15:14:02.930+05:30  INFO 80684 --- [notification-service] [ntainer#0-2-C-1] c.t.n.s.NotificationOrchestrationService : [NOTIFICATION] ▶ Attempting channel='IN_APP' | userId=202 | type=OFFER_APPROVED
2026-06-22T15:14:02.930+05:30  INFO 80684 --- [notification-service] [ntainer#0-2-C-1] c.t.n.channel.InAppNotificationChannel   : [IN-APP] Persisting notification | userId=202 | type=OFFER_APPROVED | ref=OFFER:102
2026-06-22T15:14:02.955+05:30  INFO 80684 --- [notification-service] [ntainer#0-2-C-1] c.t.n.channel.InAppNotificationChannel   : [IN-APP] Notification persisted | id=62 | userId=202 | type=OFFER_APPROVED
2026-06-22T15:14:02.955+05:30  INFO 80684 --- [notification-service] [ntainer#0-2-C-1] c.t.n.s.NotificationOrchestrationService : [NOTIFICATION] ✓ Channel='IN_APP' delivered | userId=202 | type=OFFER_APPROVED
2026-06-22T15:14:02.956+05:30  INFO 80684 --- [notification-service] [ntainer#0-2-C-1] c.t.n.s.NotificationOrchestrationService : [NOTIFICATION] ▶ Attempting channel='EMAIL' | userId=202 | type=OFFER_APPROVED
2026-06-22T15:14:02.956+05:30  WARN 80684 --- [notification-service] [ntainer#0-2-C-1] c.t.n.channel.EmailNotificationChannel   : [EMAIL] ⚠ recipientEmail is null or blank — skipping email delivery. Check that DemandPayload.recipientEmail is set in the request body and mapped in DemandController. | userId=202 | type=OFFER_APPROVED
2026-06-22T15:14:02.956+05:30  INFO 80684 --- [notification-service] [ntainer#0-2-C-1] c.t.n.s.NotificationOrchestrationService : [NOTIFICATION] ✓ Channel='EMAIL' delivered | userId=202 | type=OFFER_APPROVED
2026-06-22T15:14:02.956+05:30  INFO 80684 --- [notification-service] [ntainer#0-2-C-1] c.t.n.s.NotificationOrchestrationService : [NOTIFICATION] ✓ All channels delivered | userId=202 | type=OFFER_APPROVED | success=2
2026-06-22T15:15:06.912+05:30  INFO 80684 --- [notification-service] [ntainer#0-2-C-1] c.t.n.c.NotificationKafkaConsumer        : [NOTIFICATION-CONSUMER] ▶ Message received | topic=notification.send | partition=2 | offset=31
2026-06-22T15:15:06.917+05:30  INFO 80684 --- [notification-service] [ntainer#0-2-C-1] c.t.n.c.NotificationKafkaConsumer        : [NOTIFICATION-CONSUMER] ▶ Payload deserialized | type=OFFER_SENT | userId=202 | channels=[IN_APP, EMAIL] | emailPresent=false
2026-06-22T15:15:06.917+05:30  INFO 80684 --- [notification-service] [ntainer#0-2-C-1] c.t.kafka.consumer.BaseKafkaConsumer     : [KAFKA-CONSUMER] Received event | type=NOTIFICATION_SEND | eventId=f3f89804-68cb-4774-ae8a-00c04cde7858 | source=offer-service | correlationId=786ec6af-9834-4108-8016-af6bcaf7a59b
2026-06-22T15:15:06.917+05:30  INFO 80684 --- [notification-service] [ntainer#0-2-C-1] c.t.n.s.NotificationOrchestrationService : [NOTIFICATION] ▶ Processing | userId=202 | type=OFFER_SENT | channels=[IN_APP, EMAIL] | ref=OFFER:102 | emailPresent=false
2026-06-22T15:15:06.918+05:30  INFO 80684 --- [notification-service] [ntainer#0-2-C-1] c.t.n.s.NotificationOrchestrationService : [NOTIFICATION] ▶ Attempting channel='IN_APP' | userId=202 | type=OFFER_SENT
2026-06-22T15:15:06.918+05:30  INFO 80684 --- [notification-service] [ntainer#0-2-C-1] c.t.n.channel.InAppNotificationChannel   : [IN-APP] Persisting notification | userId=202 | type=OFFER_SENT | ref=OFFER:102
2026-06-22T15:15:06.937+05:30  INFO 80684 --- [notification-service] [ntainer#0-2-C-1] c.t.n.channel.InAppNotificationChannel   : [IN-APP] Notification persisted | id=63 | userId=202 | type=OFFER_SENT
2026-06-22T15:15:06.937+05:30  INFO 80684 --- [notification-service] [ntainer#0-2-C-1] c.t.n.s.NotificationOrchestrationService : [NOTIFICATION] ✓ Channel='IN_APP' delivered | userId=202 | type=OFFER_SENT
2026-06-22T15:15:06.937+05:30  INFO 80684 --- [notification-service] [ntainer#0-2-C-1] c.t.n.s.NotificationOrchestrationService : [NOTIFICATION] ▶ Attempting channel='EMAIL' | userId=202 | type=OFFER_SENT
2026-06-22T15:15:06.937+05:30  WARN 80684 --- [notification-service] [ntainer#0-2-C-1] c.t.n.channel.EmailNotificationChannel   : [EMAIL] ⚠ recipientEmail is null or blank — skipping email delivery. Check that DemandPayload.recipientEmail is set in the request body and mapped in DemandController. | userId=202 | type=OFFER_SENT
2026-06-22T15:15:06.937+05:30  INFO 80684 --- [notification-service] [ntainer#0-2-C-1] c.t.n.s.NotificationOrchestrationService : [NOTIFICATION] ✓ Channel='EMAIL' delivered | userId=202 | type=OFFER_SENT
2026-06-22T15:15:06.937+05:30  INFO 80684 --- [notification-service] [ntainer#0-2-C-1] c.t.n.s.NotificationOrchestrationService : [NOTIFICATION] ✓ All channels delivered | userId=202 | type=OFFER_SENT | success=2
2026-06-22T15:16:37.302+05:30  INFO 80684 --- [notification-service] [ntainer#0-2-C-1] c.t.n.c.NotificationKafkaConsumer        : [NOTIFICATION-CONSUMER] ▶ Message received | topic=notification.send | partition=2 | offset=32
2026-06-22T15:16:37.302+05:30  INFO 80684 --- [notification-service] [ntainer#0-1-C-1] c.t.n.c.NotificationKafkaConsumer        : [NOTIFICATION-CONSUMER] ▶ Message received | topic=notification.send | partition=1 | offset=17
2026-06-22T15:16:37.305+05:30  INFO 80684 --- [notification-service] [ntainer#0-1-C-1] c.t.n.c.NotificationKafkaConsumer        : [NOTIFICATION-CONSUMER] ▶ Payload deserialized | type=APPLICATION_HIRED | userId=4 | channels=[IN_APP] | emailPresent=false
2026-06-22T15:16:37.305+05:30  INFO 80684 --- [notification-service] [ntainer#0-2-C-1] c.t.n.c.NotificationKafkaConsumer        : [NOTIFICATION-CONSUMER] ▶ Payload deserialized | type=OFFER_SIGNED | userId=202 | channels=[IN_APP, EMAIL] | emailPresent=false
2026-06-22T15:16:37.305+05:30  INFO 80684 --- [notification-service] [ntainer#0-1-C-1] c.t.kafka.consumer.BaseKafkaConsumer     : [KAFKA-CONSUMER] Received event | type=NOTIFICATION_SEND | eventId=1b429634-7647-4d11-87a5-e677ef06a885 | source=application-service | correlationId=26351215-66ae-4107-9cbc-cb5f895121b6
2026-06-22T15:16:37.305+05:30  INFO 80684 --- [notification-service] [ntainer#0-2-C-1] c.t.kafka.consumer.BaseKafkaConsumer     : [KAFKA-CONSUMER] Received event | type=NOTIFICATION_SEND | eventId=1fa05c5e-6b69-4b19-86ea-0d1e309a6daa | source=offer-service | correlationId=b0191226-674a-49a1-a914-5c6e85397a77
2026-06-22T15:16:37.305+05:30  INFO 80684 --- [notification-service] [ntainer#0-2-C-1] c.t.n.s.NotificationOrchestrationService : [NOTIFICATION] ▶ Processing | userId=202 | type=OFFER_SIGNED | channels=[IN_APP, EMAIL] | ref=OFFER:102 | emailPresent=false
2026-06-22T15:16:37.305+05:30  INFO 80684 --- [notification-service] [ntainer#0-1-C-1] c.t.n.s.NotificationOrchestrationService : [NOTIFICATION] ▶ Processing | userId=4 | type=APPLICATION_HIRED | channels=[IN_APP] | ref=APPLICATION:202 | emailPresent=false
2026-06-22T15:16:37.305+05:30  INFO 80684 --- [notification-service] [ntainer#0-2-C-1] c.t.n.s.NotificationOrchestrationService : [NOTIFICATION] ▶ Attempting channel='IN_APP' | userId=202 | type=OFFER_SIGNED
2026-06-22T15:16:37.305+05:30  INFO 80684 --- [notification-service] [ntainer#0-1-C-1] c.t.n.s.NotificationOrchestrationService : [NOTIFICATION] ▶ Attempting channel='IN_APP' | userId=4 | type=APPLICATION_HIRED
2026-06-22T15:16:37.305+05:30  INFO 80684 --- [notification-service] [ntainer#0-1-C-1] c.t.n.channel.InAppNotificationChannel   : [IN-APP] Persisting notification | userId=4 | type=APPLICATION_HIRED | ref=APPLICATION:202
2026-06-22T15:16:37.305+05:30  INFO 80684 --- [notification-service] [ntainer#0-2-C-1] c.t.n.channel.InAppNotificationChannel   : [IN-APP] Persisting notification | userId=202 | type=OFFER_SIGNED | ref=OFFER:102
2026-06-22T15:16:37.317+05:30  INFO 80684 --- [notification-service] [ntainer#0-1-C-1] c.t.n.channel.InAppNotificationChannel   : [IN-APP] Notification persisted | id=64 | userId=4 | type=APPLICATION_HIRED
2026-06-22T15:16:37.317+05:30  INFO 80684 --- [notification-service] [ntainer#0-2-C-1] c.t.n.channel.InAppNotificationChannel   : [IN-APP] Notification persisted | id=65 | userId=202 | type=OFFER_SIGNED
2026-06-22T15:16:37.317+05:30  INFO 80684 --- [notification-service] [ntainer#0-1-C-1] c.t.n.s.NotificationOrchestrationService : [NOTIFICATION] ✓ Channel='IN_APP' delivered | userId=4 | type=APPLICATION_HIRED
2026-06-22T15:16:37.317+05:30  INFO 80684 --- [notification-service] [ntainer#0-2-C-1] c.t.n.s.NotificationOrchestrationService : [NOTIFICATION] ✓ Channel='IN_APP' delivered | userId=202 | type=OFFER_SIGNED
2026-06-22T15:16:37.317+05:30  INFO 80684 --- [notification-service] [ntainer#0-1-C-1] c.t.n.s.NotificationOrchestrationService : [NOTIFICATION] ✓ All channels delivered | userId=4 | type=APPLICATION_HIRED | success=1
2026-06-22T15:16:37.317+05:30  INFO 80684 --- [notification-service] [ntainer#0-2-C-1] c.t.n.s.NotificationOrchestrationService : [NOTIFICATION] ▶ Attempting channel='EMAIL' | userId=202 | type=OFFER_SIGNED
2026-06-22T15:16:37.317+05:30  WARN 80684 --- [notification-service] [ntainer#0-2-C-1] c.t.n.channel.EmailNotificationChannel   : [EMAIL] ⚠ recipientEmail is null or blank — skipping email delivery. Check that DemandPayload.recipientEmail is set in the request body and mapped in DemandController. | userId=202 | type=OFFER_SIGNED
2026-06-22T15:16:37.317+05:30  INFO 80684 --- [notification-service] [ntainer#0-2-C-1] c.t.n.s.NotificationOrchestrationService : [NOTIFICATION] ✓ Channel='EMAIL' delivered | userId=202 | type=OFFER_SIGNED
2026-06-22T15:16:37.317+05:30  INFO 80684 --- [notification-service] [ntainer#0-2-C-1] c.t.n.s.NotificationOrchestrationService : [NOTIFICATION] ✓ All channels delivered | userId=202 | type=OFFER_SIGNED | success=2
2026-06-22T15:55:36.945+05:30  INFO 80684 --- [notification-service] [ntainer#0-1-C-1] org.apache.kafka.clients.NetworkClient   : [Consumer clientId=consumer-notification-service-group-2, groupId=notification-service-group] Disconnecting from node 1 due to request timeout.
2026-06-22T15:55:36.945+05:30  INFO 80684 --- [notification-service] [ntainer#0-2-C-1] org.apache.kafka.clients.NetworkClient   : [Consumer clientId=consumer-notification-service-group-3, groupId=notification-service-group] Disconnecting from node 1 due to request timeout.
2026-06-22T15:55:37.049+05:30  INFO 80684 --- [notification-service] [ntainer#0-1-C-1] org.apache.kafka.clients.NetworkClient   : [Consumer clientId=consumer-notification-service-group-2, groupId=notification-service-group] Cancelled in-flight FETCH request with correlation id 10810 due to node 1 being disconnected (elapsed time since creation: 195105ms, elapsed time since send: 195105ms, throttle time: 0ms, request timeout: 30000ms)
2026-06-22T15:55:36.946+05:30  INFO 80684 --- [notification-service] [ntainer#0-0-C-1] org.apache.kafka.clients.NetworkClient   : [Consumer clientId=consumer-notification-service-group-1, groupId=notification-service-group] Disconnecting from node 1 due to request timeout.
2026-06-22T15:55:37.050+05:30  INFO 80684 --- [notification-service] [ntainer#0-0-C-1] org.apache.kafka.clients.NetworkClient   : [Consumer clientId=consumer-notification-service-group-1, groupId=notification-service-group] Cancelled in-flight FETCH request with correlation id 10795 due to node 1 being disconnected (elapsed time since creation: 195107ms, elapsed time since send: 195107ms, throttle time: 0ms, request timeout: 30000ms)
2026-06-22T15:55:37.050+05:30  INFO 80684 --- [notification-service] [ntainer#0-2-C-1] org.apache.kafka.clients.NetworkClient   : [Consumer clientId=consumer-notification-service-group-3, groupId=notification-service-group] Cancelled in-flight FETCH request with correlation id 10811 due to node 1 being disconnected (elapsed time since creation: 195107ms, elapsed time since send: 195107ms, throttle time: 0ms, request timeout: 30000ms)
2026-06-22T15:55:37.121+05:30  INFO 80684 --- [notification-service] [n-service-group] o.a.k.c.c.internals.ConsumerCoordinator  : [Consumer clientId=consumer-notification-service-group-3, groupId=notification-service-group] Group coordinator localhost:9092 (id: 2147483646 rack: null) is unavailable or invalid due to cause: session timed out without receiving a heartbeat response. isDisconnected: false. Rediscovery will be attempted.
2026-06-22T15:55:37.123+05:30  INFO 80684 --- [notification-service] [n-service-group] o.a.k.c.c.internals.ConsumerCoordinator  : [Consumer clientId=consumer-notification-service-group-3, groupId=notification-service-group] Requesting disconnect from last known coordinator localhost:9092 (id: 2147483646 rack: null)
2026-06-22T15:55:37.121+05:30  INFO 80684 --- [notification-service] [n-service-group] o.a.k.c.c.internals.ConsumerCoordinator  : [Consumer clientId=consumer-notification-service-group-2, groupId=notification-service-group] Group coordinator localhost:9092 (id: 2147483646 rack: null) is unavailable or invalid due to cause: session timed out without receiving a heartbeat response. isDisconnected: false. Rediscovery will be attempted.
2026-06-22T15:55:37.127+05:30  INFO 80684 --- [notification-service] [n-service-group] o.a.k.c.c.internals.ConsumerCoordinator  : [Consumer clientId=consumer-notification-service-group-2, groupId=notification-service-group] Requesting disconnect from last known coordinator localhost:9092 (id: 2147483646 rack: null)
2026-06-22T15:55:37.128+05:30  INFO 80684 --- [notification-service] [n-service-group] org.apache.kafka.clients.NetworkClient   : [Consumer clientId=consumer-notification-service-group-2, groupId=notification-service-group] Client requested disconnect from node 2147483646
2026-06-22T15:55:37.123+05:30  INFO 80684 --- [notification-service] [n-service-group] o.a.k.c.c.internals.ConsumerCoordinator  : [Consumer clientId=consumer-notification-service-group-1, groupId=notification-service-group] Group coordinator localhost:9092 (id: 2147483646 rack: null) is unavailable or invalid due to cause: session timed out without receiving a heartbeat response. isDisconnected: false. Rediscovery will be attempted.
2026-06-22T15:55:37.128+05:30  INFO 80684 --- [notification-service] [n-service-group] o.a.k.c.c.internals.ConsumerCoordinator  : [Consumer clientId=consumer-notification-service-group-1, groupId=notification-service-group] Requesting disconnect from last known coordinator localhost:9092 (id: 2147483646 rack: null)
2026-06-22T15:55:37.128+05:30  INFO 80684 --- [notification-service] [n-service-group] org.apache.kafka.clients.NetworkClient   : [Consumer clientId=consumer-notification-service-group-1, groupId=notification-service-group] Client requested disconnect from node 2147483646
2026-06-22T15:55:37.127+05:30  INFO 80684 --- [notification-service] [n-service-group] org.apache.kafka.clients.NetworkClient   : [Consumer clientId=consumer-notification-service-group-3, groupId=notification-service-group] Client requested disconnect from node 2147483646
2026-06-22T15:55:37.126+05:30  INFO 80684 --- [notification-service] [ntainer#0-2-C-1] o.a.kafka.clients.FetchSessionHandler    : [Consumer clientId=consumer-notification-service-group-3, groupId=notification-service-group] Error sending fetch request (sessionId=922112803, epoch=9209) to node 1:

org.apache.kafka.common.errors.DisconnectException: null

2026-06-22T15:55:37.126+05:30  INFO 80684 --- [notification-service] [ntainer#0-0-C-1] o.a.kafka.clients.FetchSessionHandler    : [Consumer clientId=consumer-notification-service-group-1, groupId=notification-service-group] Error sending fetch request (sessionId=297822074, epoch=9204) to node 1:

org.apache.kafka.common.errors.DisconnectException: null

2026-06-22T15:55:37.126+05:30  INFO 80684 --- [notification-service] [ntainer#0-1-C-1] o.a.kafka.clients.FetchSessionHandler    : [Consumer clientId=consumer-notification-service-group-2, groupId=notification-service-group] Error sending fetch request (sessionId=1573651457, epoch=9210) to node 1:

org.apache.kafka.common.errors.DisconnectException: null

2026-06-22T15:55:37.202+05:30  INFO 80684 --- [notification-service] [ntainer#0-2-C-1] o.a.k.c.c.internals.ConsumerCoordinator  : [Consumer clientId=consumer-notification-service-group-3, groupId=notification-service-group] Discovered group coordinator localhost:9092 (id: 2147483646 rack: null)
2026-06-22T15:55:37.203+05:30  INFO 80684 --- [notification-service] [ntainer#0-0-C-1] o.a.k.c.c.internals.ConsumerCoordinator  : [Consumer clientId=consumer-notification-service-group-1, groupId=notification-service-group] Discovered group coordinator localhost:9092 (id: 2147483646 rack: null)
2026-06-22T15:55:37.207+05:30  INFO 80684 --- [notification-service] [ntainer#0-1-C-1] o.a.k.c.c.internals.ConsumerCoordinator  : [Consumer clientId=consumer-notification-service-group-2, groupId=notification-service-group] Discovered group coordinator localhost:9092 (id: 2147483646 rack: null)
2026-06-22T15:55:37.209+05:30  INFO 80684 --- [notification-service] [ntainer#0-1-C-1] o.a.k.c.c.internals.ConsumerCoordinator  : [Consumer clientId=consumer-notification-service-group-2, groupId=notification-service-group] Discovered group coordinator localhost:9092 (id: 2147483646 rack: null)
2026-06-22T15:55:58.275+05:30  WARN 80684 --- [notification-service] [l-1 housekeeper] com.zaxxer.hikari.pool.HikariPool        : HikariPool-1 - Thread starvation or clock leap detected (housekeeper delta=3m48s77ms).
2026-06-22T16:00:32.404+05:30  INFO 80684 --- [notification-service] [n-service-group] o.a.k.c.c.internals.ConsumerCoordinator  : [Consumer clientId=consumer-notification-service-group-2, groupId=notification-service-group] Group coordinator localhost:9092 (id: 2147483646 rack: null) is unavailable or invalid due to cause: session timed out without receiving a heartbeat response. isDisconnected: false. Rediscovery will be attempted.
2026-06-22T16:00:32.405+05:30  INFO 80684 --- [notification-service] [n-service-group] o.a.k.c.c.internals.ConsumerCoordinator  : [Consumer clientId=consumer-notification-service-group-2, groupId=notification-service-group] Requesting disconnect from last known coordinator localhost:9092 (id: 2147483646 rack: null)
2026-06-22T16:00:32.404+05:30  INFO 80684 --- [notification-service] [n-service-group] o.a.k.c.c.internals.ConsumerCoordinator  : [Consumer clientId=consumer-notification-service-group-3, groupId=notification-service-group] Group coordinator localhost:9092 (id: 2147483646 rack: null) is unavailable or invalid due to cause: session timed out without receiving a heartbeat response. isDisconnected: false. Rediscovery will be attempted.
2026-06-22T16:00:32.405+05:30  INFO 80684 --- [notification-service] [n-service-group] org.apache.kafka.clients.NetworkClient   : [Consumer clientId=consumer-notification-service-group-2, groupId=notification-service-group] Client requested disconnect from node 2147483646
2026-06-22T16:00:32.405+05:30  INFO 80684 --- [notification-service] [n-service-group] o.a.k.c.c.internals.ConsumerCoordinator  : [Consumer clientId=consumer-notification-service-group-3, groupId=notification-service-group] Requesting disconnect from last known coordinator localhost:9092 (id: 2147483646 rack: null)
2026-06-22T16:00:32.405+05:30  INFO 80684 --- [notification-service] [n-service-group] org.apache.kafka.clients.NetworkClient   : [Consumer clientId=consumer-notification-service-group-3, groupId=notification-service-group] Client requested disconnect from node 2147483646
2026-06-22T16:00:32.405+05:30  INFO 80684 --- [notification-service] [n-service-group] o.a.k.c.c.internals.ConsumerCoordinator  : [Consumer clientId=consumer-notification-service-group-1, groupId=notification-service-group] Group coordinator localhost:9092 (id: 2147483646 rack: null) is unavailable or invalid due to cause: session timed out without receiving a heartbeat response. isDisconnected: false. Rediscovery will be attempted.
2026-06-22T16:00:32.405+05:30  INFO 80684 --- [notification-service] [n-service-group] o.a.k.c.c.internals.ConsumerCoordinator  : [Consumer clientId=consumer-notification-service-group-1, groupId=notification-service-group] Requesting disconnect from last known coordinator localhost:9092 (id: 2147483646 rack: null)
2026-06-22T16:00:32.405+05:30  INFO 80684 --- [notification-service] [n-service-group] org.apache.kafka.clients.NetworkClient   : [Consumer clientId=consumer-notification-service-group-1, groupId=notification-service-group] Client requested disconnect from node 2147483646
2026-06-22T16:00:32.416+05:30  INFO 80684 --- [notification-service] [ntainer#0-0-C-1] o.a.k.c.c.internals.ConsumerCoordinator  : [Consumer clientId=consumer-notification-service-group-1, groupId=notification-service-group] Discovered group coordinator localhost:9092 (id: 2147483646 rack: null)
2026-06-22T16:00:32.416+05:30  INFO 80684 --- [notification-service] [ntainer#0-2-C-1] o.a.k.c.c.internals.ConsumerCoordinator  : [Consumer clientId=consumer-notification-service-group-3, groupId=notification-service-group] Discovered group coordinator localhost:9092 (id: 2147483646 rack: null)
2026-06-22T16:00:32.416+05:30  INFO 80684 --- [notification-service] [ntainer#0-1-C-1] o.a.k.c.c.internals.ConsumerCoordinator  : [Consumer clientId=consumer-notification-service-group-2, groupId=notification-service-group] Discovered group coordinator localhost:9092 (id: 2147483646 rack: null)
2026-06-22T16:00:32.418+05:30  INFO 80684 --- [notification-service] [ntainer#0-0-C-1] o.a.k.c.c.internals.ConsumerCoordinator  : [Consumer clientId=consumer-notification-service-group-1, groupId=notification-service-group] Group coordinator localhost:9092 (id: 2147483646 rack: null) is unavailable or invalid due to cause: coordinator unavailable. isDisconnected: false. Rediscovery will be attempted.
2026-06-22T16:00:32.418+05:30  INFO 80684 --- [notification-service] [ntainer#0-1-C-1] o.a.k.c.c.internals.ConsumerCoordinator  : [Consumer clientId=consumer-notification-service-group-2, groupId=notification-service-group] Group coordinator localhost:9092 (id: 2147483646 rack: null) is unavailable or invalid due to cause: coordinator unavailable. isDisconnected: false. Rediscovery will be attempted.
2026-06-22T16:00:32.418+05:30  INFO 80684 --- [notification-service] [ntainer#0-0-C-1] o.a.k.c.c.internals.ConsumerCoordinator  : [Consumer clientId=consumer-notification-service-group-1, groupId=notification-service-group] Requesting disconnect from last known coordinator localhost:9092 (id: 2147483646 rack: null)
2026-06-22T16:00:32.418+05:30  INFO 80684 --- [notification-service] [ntainer#0-2-C-1] o.a.k.c.c.internals.ConsumerCoordinator  : [Consumer clientId=consumer-notification-service-group-3, groupId=notification-service-group] Group coordinator localhost:9092 (id: 2147483646 rack: null) is unavailable or invalid due to cause: coordinator unavailable. isDisconnected: false. Rediscovery will be attempted.
2026-06-22T16:00:32.418+05:30  INFO 80684 --- [notification-service] [ntainer#0-1-C-1] o.a.k.c.c.internals.ConsumerCoordinator  : [Consumer clientId=consumer-notification-service-group-2, groupId=notification-service-group] Requesting disconnect from last known coordinator localhost:9092 (id: 2147483646 rack: null)
2026-06-22T16:00:32.418+05:30  INFO 80684 --- [notification-service] [ntainer#0-2-C-1] o.a.k.c.c.internals.ConsumerCoordinator  : [Consumer clientId=consumer-notification-service-group-3, groupId=notification-service-group] Requesting disconnect from last known coordinator localhost:9092 (id: 2147483646 rack: null)
2026-06-22T16:00:32.612+05:30  INFO 80684 --- [notification-service] [ntainer#0-2-C-1] o.a.k.c.c.internals.ConsumerCoordinator  : [Consumer clientId=consumer-notification-service-group-3, groupId=notification-service-group] Discovered group coordinator localhost:9092 (id: 2147483646 rack: null)
2026-06-22T16:00:32.675+05:30  INFO 80684 --- [notification-service] [ntainer#0-1-C-1] o.a.k.c.c.internals.ConsumerCoordinator  : [Consumer clientId=consumer-notification-service-group-2, groupId=notification-service-group] Discovered group coordinator localhost:9092 (id: 2147483646 rack: null)
2026-06-22T16:00:32.675+05:30  INFO 80684 --- [notification-service] [ntainer#0-0-C-1] o.a.k.c.c.internals.ConsumerCoordinator  : [Consumer clientId=consumer-notification-service-group-1, groupId=notification-service-group] Discovered group coordinator localhost:9092 (id: 2147483646 rack: null)
2026-06-22T16:01:01.034+05:30  WARN 80684 --- [notification-service] [l-1 housekeeper] com.zaxxer.hikari.pool.HikariPool        : HikariPool-1 - Thread starvation or clock leap detected (housekeeper delta=5m2s760ms).
2026-06-22T17:04:12.239+05:30  INFO 80684 --- [notification-service] [ntainer#0-2-C-1] org.apache.kafka.clients.NetworkClient   : [Consumer clientId=consumer-notification-service-group-3, groupId=notification-service-group] Disconnecting from node 1 due to request timeout.
2026-06-22T17:04:12.239+05:30  INFO 80684 --- [notification-service] [ntainer#0-1-C-1] org.apache.kafka.clients.NetworkClient   : [Consumer clientId=consumer-notification-service-group-2, groupId=notification-service-group] Disconnecting from node 1 due to request timeout.
2026-06-22T17:04:12.239+05:30  INFO 80684 --- [notification-service] [ntainer#0-0-C-1] org.apache.kafka.clients.NetworkClient   : [Consumer clientId=consumer-notification-service-group-1, groupId=notification-service-group] Disconnecting from node 1 due to request timeout.
2026-06-22T17:04:12.333+05:30  INFO 80684 --- [notification-service] [ntainer#0-2-C-1] org.apache.kafka.clients.NetworkClient   : [Consumer clientId=consumer-notification-service-group-3, groupId=notification-service-group] Cancelled in-flight FETCH request with correlation id 17614 due to node 1 being disconnected (elapsed time since creation: 906241ms, elapsed time since send: 906241ms, throttle time: 0ms, request timeout: 30000ms)
2026-06-22T17:04:12.351+05:30  INFO 80684 --- [notification-service] [ntainer#0-0-C-1] org.apache.kafka.clients.NetworkClient   : [Consumer clientId=consumer-notification-service-group-1, groupId=notification-service-group] Cancelled in-flight FETCH request with correlation id 17601 due to node 1 being disconnected (elapsed time since creation: 906286ms, elapsed time since send: 906286ms, throttle time: 0ms, request timeout: 30000ms)
2026-06-22T17:04:12.374+05:30  INFO 80684 --- [notification-service] [ntainer#0-1-C-1] org.apache.kafka.clients.NetworkClient   : [Consumer clientId=consumer-notification-service-group-2, groupId=notification-service-group] Cancelled in-flight FETCH request with correlation id 17615 due to node 1 being disconnected (elapsed time since creation: 906486ms, elapsed time since send: 906486ms, throttle time: 0ms, request timeout: 30000ms)
2026-06-22T17:04:12.378+05:30  INFO 80684 --- [notification-service] [n-service-group] o.a.k.c.c.internals.ConsumerCoordinator  : [Consumer clientId=consumer-notification-service-group-3, groupId=notification-service-group] Group coordinator localhost:9092 (id: 2147483646 rack: null) is unavailable or invalid due to cause: session timed out without receiving a heartbeat response. isDisconnected: false. Rediscovery will be attempted.
2026-06-22T17:04:12.378+05:30  INFO 80684 --- [notification-service] [n-service-group] o.a.k.c.c.internals.ConsumerCoordinator  : [Consumer clientId=consumer-notification-service-group-3, groupId=notification-service-group] Requesting disconnect from last known coordinator localhost:9092 (id: 2147483646 rack: null)
2026-06-22T17:04:12.379+05:30  INFO 80684 --- [notification-service] [n-service-group] o.a.k.c.c.internals.ConsumerCoordinator  : [Consumer clientId=consumer-notification-service-group-1, groupId=notification-service-group] Group coordinator localhost:9092 (id: 2147483646 rack: null) is unavailable or invalid due to cause: session timed out without receiving a heartbeat response. isDisconnected: false. Rediscovery will be attempted.
2026-06-22T17:04:12.379+05:30  INFO 80684 --- [notification-service] [n-service-group] o.a.k.c.c.internals.ConsumerCoordinator  : [Consumer clientId=consumer-notification-service-group-1, groupId=notification-service-group] Requesting disconnect from last known coordinator localhost:9092 (id: 2147483646 rack: null)
2026-06-22T17:04:12.379+05:30  INFO 80684 --- [notification-service] [n-service-group] org.apache.kafka.clients.NetworkClient   : [Consumer clientId=consumer-notification-service-group-1, groupId=notification-service-group] Client requested disconnect from node 2147483646
2026-06-22T17:04:12.379+05:30  INFO 80684 --- [notification-service] [n-service-group] o.a.k.c.c.internals.ConsumerCoordinator  : [Consumer clientId=consumer-notification-service-group-2, groupId=notification-service-group] Group coordinator localhost:9092 (id: 2147483646 rack: null) is unavailable or invalid due to cause: session timed out without receiving a heartbeat response. isDisconnected: false. Rediscovery will be attempted.
2026-06-22T17:04:12.379+05:30  INFO 80684 --- [notification-service] [n-service-group] o.a.k.c.c.internals.ConsumerCoordinator  : [Consumer clientId=consumer-notification-service-group-2, groupId=notification-service-group] Requesting disconnect from last known coordinator localhost:9092 (id: 2147483646 rack: null)
2026-06-22T17:04:12.379+05:30  INFO 80684 --- [notification-service] [n-service-group] org.apache.kafka.clients.NetworkClient   : [Consumer clientId=consumer-notification-service-group-2, groupId=notification-service-group] Client requested disconnect from node 2147483646
2026-06-22T17:04:12.381+05:30  INFO 80684 --- [notification-service] [n-service-group] org.apache.kafka.clients.NetworkClient   : [Consumer clientId=consumer-notification-service-group-3, groupId=notification-service-group] Client requested disconnect from node 2147483646
2026-06-22T17:04:12.376+05:30  INFO 80684 --- [notification-service] [ntainer#0-1-C-1] o.a.kafka.clients.FetchSessionHandler    : [Consumer clientId=consumer-notification-service-group-2, groupId=notification-service-group] Error sending fetch request (sessionId=793305223, epoch=5797) to node 1:

org.apache.kafka.common.errors.DisconnectException: null

2026-06-22T17:04:12.377+05:30  INFO 80684 --- [notification-service] [ntainer#0-0-C-1] o.a.kafka.clients.FetchSessionHandler    : [Consumer clientId=consumer-notification-service-group-1, groupId=notification-service-group] Error sending fetch request (sessionId=1904792323, epoch=5799) to node 1:

org.apache.kafka.common.errors.DisconnectException: null

2026-06-22T17:04:12.376+05:30  INFO 80684 --- [notification-service] [ntainer#0-2-C-1] o.a.kafka.clients.FetchSessionHandler    : [Consumer clientId=consumer-notification-service-group-3, groupId=notification-service-group] Error sending fetch request (sessionId=499016601, epoch=5796) to node 1:

org.apache.kafka.common.errors.DisconnectException: null

2026-06-22T17:04:12.465+05:30  INFO 80684 --- [notification-service] [ntainer#0-2-C-1] o.a.k.c.c.internals.ConsumerCoordinator  : [Consumer clientId=consumer-notification-service-group-3, groupId=notification-service-group] Discovered group coordinator localhost:9092 (id: 2147483646 rack: null)
2026-06-22T17:04:12.465+05:30  INFO 80684 --- [notification-service] [ntainer#0-1-C-1] o.a.k.c.c.internals.ConsumerCoordinator  : [Consumer clientId=consumer-notification-service-group-2, groupId=notification-service-group] Discovered group coordinator localhost:9092 (id: 2147483646 rack: null)
2026-06-22T17:04:12.465+05:30  INFO 80684 --- [notification-service] [ntainer#0-0-C-1] o.a.k.c.c.internals.ConsumerCoordinator  : [Consumer clientId=consumer-notification-service-group-1, groupId=notification-service-group] Discovered group coordinator localhost:9092 (id: 2147483646 rack: null)
2026-06-22T17:04:12.465+05:30  INFO 80684 --- [notification-service] [ntainer#0-0-C-1] o.a.k.c.c.internals.ConsumerCoordinator  : [Consumer clientId=consumer-notification-service-group-1, groupId=notification-service-group] Discovered group coordinator localhost:9092 (id: 2147483646 rack: null)
2026-06-22T17:06:48.626+05:30  INFO 80684 --- [notification-service] [ntainer#0-0-C-1] org.apache.kafka.clients.NetworkClient   : [Consumer clientId=consumer-notification-service-group-1, groupId=notification-service-group] Disconnecting from node 1 due to request timeout.
2026-06-22T17:06:48.627+05:30  INFO 80684 --- [notification-service] [ntainer#0-1-C-1] org.apache.kafka.clients.NetworkClient   : [Consumer clientId=consumer-notification-service-group-2, groupId=notification-service-group] Disconnecting from node 1 due to request timeout.
2026-06-22T17:06:48.627+05:30  INFO 80684 --- [notification-service] [ntainer#0-2-C-1] org.apache.kafka.clients.NetworkClient   : [Consumer clientId=consumer-notification-service-group-3, groupId=notification-service-group] Disconnecting from node 1 due to request timeout.
2026-06-22T17:06:49.363+05:30  INFO 80684 --- [notification-service] [ntainer#0-0-C-1] org.apache.kafka.clients.NetworkClient   : [Consumer clientId=consumer-notification-service-group-1, groupId=notification-service-group] Cancelled in-flight FETCH request with correlation id 17619 due to node 1 being disconnected (elapsed time since creation: 151363ms, elapsed time since send: 151363ms, throttle time: 0ms, request timeout: 30000ms)
2026-06-22T17:06:49.354+05:30  INFO 80684 --- [notification-service] [ntainer#0-2-C-1] org.apache.kafka.clients.NetworkClient   : [Consumer clientId=consumer-notification-service-group-3, groupId=notification-service-group] Cancelled in-flight FETCH request with correlation id 17631 due to node 1 being disconnected (elapsed time since creation: 151362ms, elapsed time since send: 151362ms, throttle time: 0ms, request timeout: 30000ms)
2026-06-22T17:06:49.366+05:30  INFO 80684 --- [notification-service] [ntainer#0-1-C-1] org.apache.kafka.clients.NetworkClient   : [Consumer clientId=consumer-notification-service-group-2, groupId=notification-service-group] Cancelled in-flight FETCH request with correlation id 17632 due to node 1 being disconnected (elapsed time since creation: 151362ms, elapsed time since send: 151362ms, throttle time: 0ms, request timeout: 30000ms)
2026-06-22T17:06:49.384+05:30  INFO 80684 --- [notification-service] [ntainer#0-2-C-1] o.a.kafka.clients.FetchSessionHandler    : [Consumer clientId=consumer-notification-service-group-3, groupId=notification-service-group] Error sending fetch request (sessionId=1404138271, epoch=9) to node 1:

org.apache.kafka.common.errors.DisconnectException: null

2026-06-22T17:06:49.385+05:30  INFO 80684 --- [notification-service] [ntainer#0-1-C-1] o.a.kafka.clients.FetchSessionHandler    : [Consumer clientId=consumer-notification-service-group-2, groupId=notification-service-group] Error sending fetch request (sessionId=203805925, epoch=9) to node 1:

org.apache.kafka.common.errors.DisconnectException: null

2026-06-22T17:06:49.397+05:30  INFO 80684 --- [notification-service] [ntainer#0-0-C-1] o.a.kafka.clients.FetchSessionHandler    : [Consumer clientId=consumer-notification-service-group-1, groupId=notification-service-group] Error sending fetch request (sessionId=547916697, epoch=9) to node 1:

org.apache.kafka.common.errors.DisconnectException: null

2026-06-22T17:06:49.451+05:30  INFO 80684 --- [notification-service] [n-service-group] o.a.k.c.c.internals.ConsumerCoordinator  : [Consumer clientId=consumer-notification-service-group-3, groupId=notification-service-group] Group coordinator localhost:9092 (id: 2147483646 rack: null) is unavailable or invalid due to cause: session timed out without receiving a heartbeat response. isDisconnected: false. Rediscovery will be attempted.
2026-06-22T17:06:49.451+05:30  INFO 80684 --- [notification-service] [n-service-group] o.a.k.c.c.internals.ConsumerCoordinator  : [Consumer clientId=consumer-notification-service-group-3, groupId=notification-service-group] Requesting disconnect from last known coordinator localhost:9092 (id: 2147483646 rack: null)
2026-06-22T17:06:49.451+05:30  INFO 80684 --- [notification-service] [n-service-group] org.apache.kafka.clients.NetworkClient   : [Consumer clientId=consumer-notification-service-group-3, groupId=notification-service-group] Client requested disconnect from node 2147483646
2026-06-22T17:06:49.455+05:30  INFO 80684 --- [notification-service] [n-service-group] o.a.k.c.c.internals.ConsumerCoordinator  : [Consumer clientId=consumer-notification-service-group-2, groupId=notification-service-group] Group coordinator localhost:9092 (id: 2147483646 rack: null) is unavailable or invalid due to cause: session timed out without receiving a heartbeat response. isDisconnected: false. Rediscovery will be attempted.
2026-06-22T17:06:49.455+05:30  INFO 80684 --- [notification-service] [n-service-group] o.a.k.c.c.internals.ConsumerCoordinator  : [Consumer clientId=consumer-notification-service-group-2, groupId=notification-service-group] Requesting disconnect from last known coordinator localhost:9092 (id: 2147483646 rack: null)
2026-06-22T17:06:49.455+05:30  INFO 80684 --- [notification-service] [n-service-group] org.apache.kafka.clients.NetworkClient   : [Consumer clientId=consumer-notification-service-group-2, groupId=notification-service-group] Client requested disconnect from node 2147483646
2026-06-22T17:06:49.452+05:30  INFO 80684 --- [notification-service] [n-service-group] o.a.k.c.c.internals.ConsumerCoordinator  : [Consumer clientId=consumer-notification-service-group-1, groupId=notification-service-group] Group coordinator localhost:9092 (id: 2147483646 rack: null) is unavailable or invalid due to cause: session timed out without receiving a heartbeat response. isDisconnected: false. Rediscovery will be attempted.
2026-06-22T17:06:49.459+05:30  INFO 80684 --- [notification-service] [n-service-group] o.a.k.c.c.internals.ConsumerCoordinator  : [Consumer clientId=consumer-notification-service-group-1, groupId=notification-service-group] Requesting disconnect from last known coordinator localhost:9092 (id: 2147483646 rack: null)
2026-06-22T17:06:49.459+05:30  INFO 80684 --- [notification-service] [n-service-group] org.apache.kafka.clients.NetworkClient   : [Consumer clientId=consumer-notification-service-group-1, groupId=notification-service-group] Client requested disconnect from node 2147483646
2026-06-22T17:06:50.353+05:30  INFO 80684 --- [notification-service] [ntainer#0-0-C-1] o.a.k.c.c.internals.ConsumerCoordinator  : [Consumer clientId=consumer-notification-service-group-1, groupId=notification-service-group] Discovered group coordinator localhost:9092 (id: 2147483646 rack: null)
2026-06-22T17:06:50.362+05:30  INFO 80684 --- [notification-service] [ntainer#0-2-C-1] o.a.k.c.c.internals.ConsumerCoordinator  : [Consumer clientId=consumer-notification-service-group-3, groupId=notification-service-group] Discovered group coordinator localhost:9092 (id: 2147483646 rack: null)
2026-06-22T17:06:50.373+05:30  INFO 80684 --- [notification-service] [ntainer#0-1-C-1] o.a.k.c.c.internals.ConsumerCoordinator  : [Consumer clientId=consumer-notification-service-group-2, groupId=notification-service-group] Discovered group coordinator localhost:9092 (id: 2147483646 rack: null)
2026-06-22T17:07:06.678+05:30  WARN 80684 --- [notification-service] [l-1 housekeeper] com.zaxxer.hikari.pool.HikariPool        : HikariPool-1 - Thread starvation or clock leap detected (housekeeper delta=18m5s220ms).
2026-06-22T17:43:48.962+05:30  WARN 80684 --- [notification-service] [l-1 housekeeper] com.zaxxer.hikari.pool.HikariPool        : HikariPool-1 - Thread starvation or clock leap detected (housekeeper delta=1m11s954ms).
2026-06-22T18:29:43.122+05:30  INFO 80684 --- [notification-service] [n-service-group] o.a.k.c.c.internals.ConsumerCoordinator  : [Consumer clientId=consumer-notification-service-group-3, groupId=notification-service-group] Group coordinator localhost:9092 (id: 2147483646 rack: null) is unavailable or invalid due to cause: session timed out without receiving a heartbeat response. isDisconnected: false. Rediscovery will be attempted.
2026-06-22T18:29:43.123+05:30  INFO 80684 --- [notification-service] [n-service-group] o.a.k.c.c.internals.ConsumerCoordinator  : [Consumer clientId=consumer-notification-service-group-2, groupId=notification-service-group] Group coordinator localhost:9092 (id: 2147483646 rack: null) is unavailable or invalid due to cause: session timed out without receiving a heartbeat response. isDisconnected: false. Rediscovery will be attempted.
2026-06-22T18:29:43.155+05:30  INFO 80684 --- [notification-service] [n-service-group] o.a.k.c.c.internals.ConsumerCoordinator  : [Consumer clientId=consumer-notification-service-group-3, groupId=notification-service-group] Requesting disconnect from last known coordinator localhost:9092 (id: 2147483646 rack: null)
2026-06-22T18:29:43.155+05:30  INFO 80684 --- [notification-service] [n-service-group] o.a.k.c.c.internals.ConsumerCoordinator  : [Consumer clientId=consumer-notification-service-group-2, groupId=notification-service-group] Requesting disconnect from last known coordinator localhost:9092 (id: 2147483646 rack: null)
2026-06-22T18:29:43.156+05:30  INFO 80684 --- [notification-service] [n-service-group] org.apache.kafka.clients.NetworkClient   : [Consumer clientId=consumer-notification-service-group-3, groupId=notification-service-group] Client requested disconnect from node 2147483646
2026-06-22T18:29:43.156+05:30  INFO 80684 --- [notification-service] [n-service-group] org.apache.kafka.clients.NetworkClient   : [Consumer clientId=consumer-notification-service-group-2, groupId=notification-service-group] Client requested disconnect from node 2147483646
2026-06-22T18:29:43.248+05:30  INFO 80684 --- [notification-service] [ntainer#0-2-C-1] o.a.k.c.c.internals.ConsumerCoordinator  : [Consumer clientId=consumer-notification-service-group-3, groupId=notification-service-group] Discovered group coordinator localhost:9092 (id: 2147483646 rack: null)
2026-06-22T18:29:43.248+05:30  INFO 80684 --- [notification-service] [ntainer#0-1-C-1] o.a.k.c.c.internals.ConsumerCoordinator  : [Consumer clientId=consumer-notification-service-group-2, groupId=notification-service-group] Discovered group coordinator localhost:9092 (id: 2147483646 rack: null)
2026-06-22T18:29:43.250+05:30  INFO 80684 --- [notification-service] [ntainer#0-1-C-1] o.a.k.c.c.internals.ConsumerCoordinator  : [Consumer clientId=consumer-notification-service-group-2, groupId=notification-service-group] Group coordinator localhost:9092 (id: 2147483646 rack: null) is unavailable or invalid due to cause: coordinator unavailable. isDisconnected: false. Rediscovery will be attempted.
2026-06-22T18:29:43.250+05:30  INFO 80684 --- [notification-service] [ntainer#0-1-C-1] o.a.k.c.c.internals.ConsumerCoordinator  : [Consumer clientId=consumer-notification-service-group-2, groupId=notification-service-group] Requesting disconnect from last known coordinator localhost:9092 (id: 2147483646 rack: null)
2026-06-22T18:29:43.250+05:30  INFO 80684 --- [notification-service] [ntainer#0-2-C-1] o.a.k.c.c.internals.ConsumerCoordinator  : [Consumer clientId=consumer-notification-service-group-3, groupId=notification-service-group] Group coordinator localhost:9092 (id: 2147483646 rack: null) is unavailable or invalid due to cause: coordinator unavailable. isDisconnected: false. Rediscovery will be attempted.
2026-06-22T18:29:43.250+05:30  INFO 80684 --- [notification-service] [ntainer#0-2-C-1] o.a.k.c.c.internals.ConsumerCoordinator  : [Consumer clientId=consumer-notification-service-group-3, groupId=notification-service-group] Requesting disconnect from last known coordinator localhost:9092 (id: 2147483646 rack: null)
2026-06-22T18:29:43.267+05:30  INFO 80684 --- [notification-service] [n-service-group] o.a.k.c.c.internals.ConsumerCoordinator  : [Consumer clientId=consumer-notification-service-group-1, groupId=notification-service-group] Group coordinator localhost:9092 (id: 2147483646 rack: null) is unavailable or invalid due to cause: session timed out without receiving a heartbeat response. isDisconnected: false. Rediscovery will be attempted.
2026-06-22T18:29:43.268+05:30  INFO 80684 --- [notification-service] [n-service-group] o.a.k.c.c.internals.ConsumerCoordinator  : [Consumer clientId=consumer-notification-service-group-1, groupId=notification-service-group] Requesting disconnect from last known coordinator localhost:9092 (id: 2147483646 rack: null)
2026-06-22T18:29:43.268+05:30  INFO 80684 --- [notification-service] [n-service-group] org.apache.kafka.clients.NetworkClient   : [Consumer clientId=consumer-notification-service-group-1, groupId=notification-service-group] Client requested disconnect from node 2147483646
2026-06-22T18:29:43.269+05:30  INFO 80684 --- [notification-service] [ntainer#0-0-C-1] o.a.k.c.c.internals.ConsumerCoordinator  : [Consumer clientId=consumer-notification-service-group-1, groupId=notification-service-group] Discovered group coordinator localhost:9092 (id: 2147483646 rack: null)
2026-06-22T18:29:43.269+05:30  INFO 80684 --- [notification-service] [ntainer#0-0-C-1] o.a.k.c.c.internals.ConsumerCoordinator  : [Consumer clientId=consumer-notification-service-group-1, groupId=notification-service-group] Group coordinator localhost:9092 (id: 2147483646 rack: null) is unavailable or invalid due to cause: coordinator unavailable. isDisconnected: false. Rediscovery will be attempted.
2026-06-22T18:29:43.270+05:30  INFO 80684 --- [notification-service] [ntainer#0-0-C-1] o.a.k.c.c.internals.ConsumerCoordinator  : [Consumer clientId=consumer-notification-service-group-1, groupId=notification-service-group] Requesting disconnect from last known coordinator localhost:9092 (id: 2147483646 rack: null)
2026-06-22T18:29:43.339+05:30  INFO 80684 --- [notification-service] [ntainer#0-1-C-1] o.a.k.c.c.internals.ConsumerCoordinator  : [Consumer clientId=consumer-notification-service-group-2, groupId=notification-service-group] Discovered group coordinator localhost:9092 (id: 2147483646 rack: null)
2026-06-22T18:29:43.347+05:30  INFO 80684 --- [notification-service] [ntainer#0-2-C-1] o.a.k.c.c.internals.ConsumerCoordinator  : [Consumer clientId=consumer-notification-service-group-3, groupId=notification-service-group] Discovered group coordinator localhost:9092 (id: 2147483646 rack: null)
2026-06-22T18:29:43.388+05:30  INFO 80684 --- [notification-service] [ntainer#0-0-C-1] o.a.k.c.c.internals.ConsumerCoordinator  : [Consumer clientId=consumer-notification-service-group-1, groupId=notification-service-group] Discovered group coordinator localhost:9092 (id: 2147483646 rack: null)
2026-06-22T18:29:55.933+05:30  WARN 80684 --- [notification-service] [l-1 housekeeper] com.zaxxer.hikari.pool.HikariPool        : HikariPool-1 - Thread starvation or clock leap detected (housekeeper delta=3m6s603ms).
2026-06-22T18:46:54.942+05:30  INFO 80684 --- [notification-service] [ntainer#0-0-C-1] c.t.n.c.NotificationKafkaConsumer        : [NOTIFICATION-CONSUMER] ▶ Message received | topic=notification.send | partition=0 | offset=14
2026-06-22T18:46:54.954+05:30  INFO 80684 --- [notification-service] [ntainer#0-0-C-1] c.t.n.c.NotificationKafkaConsumer        : [NOTIFICATION-CONSUMER] ▶ Payload deserialized | type=CANDIDATE_CREATED | userId=5 | channels=[IN_APP, EMAIL] | emailPresent=true
2026-06-22T18:46:54.955+05:30  INFO 80684 --- [notification-service] [ntainer#0-0-C-1] c.t.kafka.consumer.BaseKafkaConsumer     : [KAFKA-CONSUMER] Received event | type=NOTIFICATION_SEND | eventId=023242b9-c430-4f2f-8bdd-ff93338e1016 | source=candidate-service | correlationId=5268577e-8f04-447e-9029-e5e66efae387
2026-06-22T18:46:54.955+05:30  INFO 80684 --- [notification-service] [ntainer#0-0-C-1] c.t.n.s.NotificationOrchestrationService : [NOTIFICATION] ▶ Processing | userId=5 | type=CANDIDATE_CREATED | channels=[IN_APP, EMAIL] | ref=CANDIDATE:5 | emailPresent=true
2026-06-22T18:46:54.955+05:30  INFO 80684 --- [notification-service] [ntainer#0-0-C-1] c.t.n.s.NotificationOrchestrationService : [NOTIFICATION] ▶ Attempting channel='IN_APP' | userId=5 | type=CANDIDATE_CREATED
2026-06-22T18:46:54.955+05:30  INFO 80684 --- [notification-service] [ntainer#0-0-C-1] c.t.n.channel.InAppNotificationChannel   : [IN-APP] Persisting notification | userId=5 | type=CANDIDATE_CREATED | ref=CANDIDATE:5
2026-06-22T18:46:55.066+05:30  INFO 80684 --- [notification-service] [ntainer#0-0-C-1] c.t.n.channel.InAppNotificationChannel   : [IN-APP] Notification persisted | id=66 | userId=5 | type=CANDIDATE_CREATED
2026-06-22T18:46:55.066+05:30  INFO 80684 --- [notification-service] [ntainer#0-0-C-1] c.t.n.s.NotificationOrchestrationService : [NOTIFICATION] ✓ Channel='IN_APP' delivered | userId=5 | type=CANDIDATE_CREATED
2026-06-22T18:46:55.066+05:30  INFO 80684 --- [notification-service] [ntainer#0-0-C-1] c.t.n.s.NotificationOrchestrationService : [NOTIFICATION] ▶ Attempting channel='EMAIL' | userId=5 | type=CANDIDATE_CREATED
2026-06-22T18:46:55.066+05:30  INFO 80684 --- [notification-service] [ntainer#0-0-C-1] c.t.n.channel.EmailNotificationChannel   : [EMAIL] ▶ Starting email delivery | userId=5 | type=CANDIDATE_CREATED | templateId=candidate-created | toPresent=true
2026-06-22T18:46:55.079+05:30 ERROR 80684 --- [notification-service] [ntainer#0-0-C-1] org.thymeleaf.TemplateEngine             : [THYMELEAF][org.springframework.kafka.KafkaListenerEndpointContainer#0-0-C-1] Exception processing template "email/candidate-created": Error resolving template [email/candidate-created], template might not exist or might not be accessible by any of the configured Template Resolvers

org.thymeleaf.exceptions.TemplateInputException: Error resolving template [email/candidate-created], template might not exist or might not be accessible by any of the configured Template Resolvers
	at org.thymeleaf.engine.TemplateManager.resolveTemplate(TemplateManager.java:869) ~[thymeleaf-3.1.2.RELEASE.jar!/:3.1.2.RELEASE]
	at org.thymeleaf.engine.TemplateManager.parseAndProcess(TemplateManager.java:607) ~[thymeleaf-3.1.2.RELEASE.jar!/:3.1.2.RELEASE]
	at org.thymeleaf.TemplateEngine.process(TemplateEngine.java:1103) ~[thymeleaf-3.1.2.RELEASE.jar!/:3.1.2.RELEASE]
	at org.thymeleaf.TemplateEngine.process(TemplateEngine.java:1064) ~[thymeleaf-3.1.2.RELEASE.jar!/:3.1.2.RELEASE]
	at org.thymeleaf.TemplateEngine.process(TemplateEngine.java:1053) ~[thymeleaf-3.1.2.RELEASE.jar!/:3.1.2.RELEASE]
	at com.talentgrid.notification.channel.EmailNotificationChannel.resolveContent(EmailNotificationChannel.java:136) ~[!/:1.0.0-SNAPSHOT]
	at com.talentgrid.notification.channel.EmailNotificationChannel.deliver(EmailNotificationChannel.java:75) ~[!/:1.0.0-SNAPSHOT]
	at com.talentgrid.notification.service.NotificationOrchestrationService.process(NotificationOrchestrationService.java:78) ~[!/:1.0.0-SNAPSHOT]
	at com.talentgrid.notification.consumer.NotificationKafkaConsumer.handleEvent(NotificationKafkaConsumer.java:83) ~[!/:1.0.0-SNAPSHOT]
	at com.talentgrid.kafka.consumer.BaseKafkaConsumer.process(BaseKafkaConsumer.java:13) ~[talentgrid-kafka-1.0.0-SNAPSHOT.jar!/:1.0.0-SNAPSHOT]
	at com.talentgrid.notification.consumer.NotificationKafkaConsumer.onMessage(NotificationKafkaConsumer.java:71) ~[!/:1.0.0-SNAPSHOT]
	at jdk.internal.reflect.GeneratedMethodAccessor33.invoke(Unknown Source) ~[na:na]
	at java.base/jdk.internal.reflect.DelegatingMethodAccessorImpl.invoke(DelegatingMethodAccessorImpl.java:43) ~[na:na]
	at java.base/java.lang.reflect.Method.invoke(Method.java:569) ~[na:na]
	at org.springframework.messaging.handler.invocation.InvocableHandlerMethod.doInvoke(InvocableHandlerMethod.java:169) ~[spring-messaging-6.2.0.jar!/:6.2.0]
	at org.springframework.kafka.listener.adapter.KotlinAwareInvocableHandlerMethod.doInvoke(KotlinAwareInvocableHandlerMethod.java:45) ~[spring-kafka-3.3.0.jar!/:3.3.0]
	at org.springframework.messaging.handler.invocation.InvocableHandlerMethod.invoke(InvocableHandlerMethod.java:119) ~[spring-messaging-6.2.0.jar!/:6.2.0]
	at org.springframework.kafka.listener.adapter.HandlerAdapter.invoke(HandlerAdapter.java:71) ~[spring-kafka-3.3.0.jar!/:3.3.0]
	at org.springframework.kafka.listener.adapter.MessagingMessageListenerAdapter.invokeHandler(MessagingMessageListenerAdapter.java:474) ~[spring-kafka-3.3.0.jar!/:3.3.0]
	at org.springframework.kafka.listener.adapter.MessagingMessageListenerAdapter.invoke(MessagingMessageListenerAdapter.java:421) ~[spring-kafka-3.3.0.jar!/:3.3.0]
	at org.springframework.kafka.listener.adapter.RecordMessagingMessageListenerAdapter.onMessage(RecordMessagingMessageListenerAdapter.java:85) ~[spring-kafka-3.3.0.jar!/:3.3.0]
	at org.springframework.kafka.listener.adapter.RecordMessagingMessageListenerAdapter.onMessage(RecordMessagingMessageListenerAdapter.java:50) ~[spring-kafka-3.3.0.jar!/:3.3.0]
	at org.springframework.kafka.listener.KafkaMessageListenerContainer$ListenerConsumer.doInvokeOnMessage(KafkaMessageListenerContainer.java:2875) ~[spring-kafka-3.3.0.jar!/:3.3.0]
	at org.springframework.kafka.listener.KafkaMessageListenerContainer$ListenerConsumer.invokeOnMessage(KafkaMessageListenerContainer.java:2853) ~[spring-kafka-3.3.0.jar!/:3.3.0]
	at org.springframework.kafka.listener.KafkaMessageListenerContainer$ListenerConsumer.doInvokeRecordListener(KafkaMessageListenerContainer.java:2766) ~[spring-kafka-3.3.0.jar!/:3.3.0]
	at org.springframework.kafka.listener.KafkaMessageListenerContainer$ListenerConsumer.doInvokeWithRecords(KafkaMessageListenerContainer.java:2604) ~[spring-kafka-3.3.0.jar!/:3.3.0]
	at org.springframework.kafka.listener.KafkaMessageListenerContainer$ListenerConsumer.invokeRecordListener(KafkaMessageListenerContainer.java:2493) ~[spring-kafka-3.3.0.jar!/:3.3.0]
	at org.springframework.kafka.listener.KafkaMessageListenerContainer$ListenerConsumer.invokeListener(KafkaMessageListenerContainer.java:2144) ~[spring-kafka-3.3.0.jar!/:3.3.0]
	at org.springframework.kafka.listener.KafkaMessageListenerContainer$ListenerConsumer.invokeIfHaveRecords(KafkaMessageListenerContainer.java:1520) ~[spring-kafka-3.3.0.jar!/:3.3.0]
	at org.springframework.kafka.listener.KafkaMessageListenerContainer$ListenerConsumer.pollAndInvoke(KafkaMessageListenerContainer.java:1458) ~[spring-kafka-3.3.0.jar!/:3.3.0]
	at org.springframework.kafka.listener.KafkaMessageListenerContainer$ListenerConsumer.run(KafkaMessageListenerContainer.java:1327) ~[spring-kafka-3.3.0.jar!/:3.3.0]
	at java.base/java.util.concurrent.CompletableFuture$AsyncRun.run(CompletableFuture.java:1804) ~[na:na]
	at java.base/java.lang.Thread.run(Thread.java:840) ~[na:na]

2026-06-22T18:46:55.092+05:30  WARN 80684 --- [notification-service] [ntainer#0-0-C-1] c.t.n.channel.EmailNotificationChannel   : [EMAIL] Template 'candidate-created' failed to render — falling back to plain HTML. Check that templates/email/candidate-created.html exists in notification-service resources. Error: Error resolving template [email/candidate-created], template might not exist or might not be accessible by any of the configured Template Resolvers
2026-06-22T18:46:55.106+05:30  INFO 80684 --- [notification-service] [ntainer#0-0-C-1] c.t.n.channel.EmailNotificationChannel   : [EMAIL] ▶ Invoking SMTP send | host=smtp.gmail.com | port=587 | userId=5
2026-06-22T18:46:55.165+05:30 ERROR 80684 --- [notification-service] [ntainer#0-0-C-1] c.t.n.channel.EmailNotificationChannel   : [EMAIL] ✗ SMTP authentication failed — check spring.mail.password in application.properties. Gmail requires an App Password (not your account password). Generate one at: https://myaccount.google.com/apppasswords | error=Authentication failed
2026-06-22T18:46:55.165+05:30 ERROR 80684 --- [notification-service] [ntainer#0-0-C-1] c.t.n.s.NotificationOrchestrationService : [NOTIFICATION] ✗ Channel='EMAIL' delivery failed | userId=5 | type=CANDIDATE_CREATED | error=Authentication failed

org.springframework.mail.MailAuthenticationException: Authentication failed
	at org.springframework.mail.javamail.JavaMailSenderImpl.doSend(JavaMailSenderImpl.java:402) ~[spring-context-support-6.2.0.jar!/:6.2.0]
	at org.springframework.mail.javamail.JavaMailSenderImpl.send(JavaMailSenderImpl.java:350) ~[spring-context-support-6.2.0.jar!/:6.2.0]
	at org.springframework.mail.javamail.JavaMailSender.send(JavaMailSender.java:101) ~[spring-context-support-6.2.0.jar!/:6.2.0]
	at com.talentgrid.notification.channel.EmailNotificationChannel.deliver(EmailNotificationChannel.java:94) ~[!/:1.0.0-SNAPSHOT]
	at com.talentgrid.notification.service.NotificationOrchestrationService.process(NotificationOrchestrationService.java:78) ~[!/:1.0.0-SNAPSHOT]
	at com.talentgrid.notification.consumer.NotificationKafkaConsumer.handleEvent(NotificationKafkaConsumer.java:83) ~[!/:1.0.0-SNAPSHOT]
	at com.talentgrid.kafka.consumer.BaseKafkaConsumer.process(BaseKafkaConsumer.java:13) ~[talentgrid-kafka-1.0.0-SNAPSHOT.jar!/:1.0.0-SNAPSHOT]
	at com.talentgrid.notification.consumer.NotificationKafkaConsumer.onMessage(NotificationKafkaConsumer.java:71) ~[!/:1.0.0-SNAPSHOT]
	at jdk.internal.reflect.GeneratedMethodAccessor33.invoke(Unknown Source) ~[na:na]
	at java.base/jdk.internal.reflect.DelegatingMethodAccessorImpl.invoke(DelegatingMethodAccessorImpl.java:43) ~[na:na]
	at java.base/java.lang.reflect.Method.invoke(Method.java:569) ~[na:na]
	at org.springframework.messaging.handler.invocation.InvocableHandlerMethod.doInvoke(InvocableHandlerMethod.java:169) ~[spring-messaging-6.2.0.jar!/:6.2.0]
	at org.springframework.kafka.listener.adapter.KotlinAwareInvocableHandlerMethod.doInvoke(KotlinAwareInvocableHandlerMethod.java:45) ~[spring-kafka-3.3.0.jar!/:3.3.0]
	at org.springframework.messaging.handler.invocation.InvocableHandlerMethod.invoke(InvocableHandlerMethod.java:119) ~[spring-messaging-6.2.0.jar!/:6.2.0]
	at org.springframework.kafka.listener.adapter.HandlerAdapter.invoke(HandlerAdapter.java:71) ~[spring-kafka-3.3.0.jar!/:3.3.0]
	at org.springframework.kafka.listener.adapter.MessagingMessageListenerAdapter.invokeHandler(MessagingMessageListenerAdapter.java:474) ~[spring-kafka-3.3.0.jar!/:3.3.0]
	at org.springframework.kafka.listener.adapter.MessagingMessageListenerAdapter.invoke(MessagingMessageListenerAdapter.java:421) ~[spring-kafka-3.3.0.jar!/:3.3.0]
	at org.springframework.kafka.listener.adapter.RecordMessagingMessageListenerAdapter.onMessage(RecordMessagingMessageListenerAdapter.java:85) ~[spring-kafka-3.3.0.jar!/:3.3.0]
	at org.springframework.kafka.listener.adapter.RecordMessagingMessageListenerAdapter.onMessage(RecordMessagingMessageListenerAdapter.java:50) ~[spring-kafka-3.3.0.jar!/:3.3.0]
	at org.springframework.kafka.listener.KafkaMessageListenerContainer$ListenerConsumer.doInvokeOnMessage(KafkaMessageListenerContainer.java:2875) ~[spring-kafka-3.3.0.jar!/:3.3.0]
	at org.springframework.kafka.listener.KafkaMessageListenerContainer$ListenerConsumer.invokeOnMessage(KafkaMessageListenerContainer.java:2853) ~[spring-kafka-3.3.0.jar!/:3.3.0]
	at org.springframework.kafka.listener.KafkaMessageListenerContainer$ListenerConsumer.doInvokeRecordListener(KafkaMessageListenerContainer.java:2766) ~[spring-kafka-3.3.0.jar!/:3.3.0]
	at org.springframework.kafka.listener.KafkaMessageListenerContainer$ListenerConsumer.doInvokeWithRecords(KafkaMessageListenerContainer.java:2604) ~[spring-kafka-3.3.0.jar!/:3.3.0]
	at org.springframework.kafka.listener.KafkaMessageListenerContainer$ListenerConsumer.invokeRecordListener(KafkaMessageListenerContainer.java:2493) ~[spring-kafka-3.3.0.jar!/:3.3.0]
	at org.springframework.kafka.listener.KafkaMessageListenerContainer$ListenerConsumer.invokeListener(KafkaMessageListenerContainer.java:2144) ~[spring-kafka-3.3.0.jar!/:3.3.0]
	at org.springframework.kafka.listener.KafkaMessageListenerContainer$ListenerConsumer.invokeIfHaveRecords(KafkaMessageListenerContainer.java:1520) ~[spring-kafka-3.3.0.jar!/:3.3.0]
	at org.springframework.kafka.listener.KafkaMessageListenerContainer$ListenerConsumer.pollAndInvoke(KafkaMessageListenerContainer.java:1458) ~[spring-kafka-3.3.0.jar!/:3.3.0]
	at org.springframework.kafka.listener.KafkaMessageListenerContainer$ListenerConsumer.run(KafkaMessageListenerContainer.java:1327) ~[spring-kafka-3.3.0.jar!/:3.3.0]
	at java.base/java.util.concurrent.CompletableFuture$AsyncRun.run(CompletableFuture.java:1804) ~[na:na]
	at java.base/java.lang.Thread.run(Thread.java:840) ~[na:na]
Caused by: jakarta.mail.AuthenticationFailedException: failed to connect, no password specified?
	at jakarta.mail.Service.connect(Service.java:379) ~[jakarta.mail-2.0.3.jar!/:na]
	at org.springframework.mail.javamail.JavaMailSenderImpl.connectTransport(JavaMailSenderImpl.java:480) ~[spring-context-support-6.2.0.jar!/:6.2.0]
	at org.springframework.mail.javamail.JavaMailSenderImpl.doSend(JavaMailSenderImpl.java:399) ~[spring-context-support-6.2.0.jar!/:6.2.0]
	... 29 common frames omitted

2026-06-22T18:46:55.170+05:30  WARN 80684 --- [notification-service] [ntainer#0-0-C-1] c.t.n.s.NotificationOrchestrationService : [NOTIFICATION] ⚠ Delivery complete with failures | userId=5 | type=CANDIDATE_CREATED | success=1 | failure=1
2026-06-22T18:46:55.913+05:30  INFO 80684 --- [notification-service] [ntainer#0-0-C-1] c.t.n.c.NotificationKafkaConsumer        : [NOTIFICATION-CONSUMER] ▶ Message received | topic=notification.send | partition=0 | offset=15
2026-06-22T18:46:55.914+05:30  INFO 80684 --- [notification-service] [ntainer#0-0-C-1] c.t.n.c.NotificationKafkaConsumer        : [NOTIFICATION-CONSUMER] ▶ Payload deserialized | type=APPLICATION_APPLIED | userId=5 | channels=[IN_APP] | emailPresent=false
2026-06-22T18:46:55.914+05:30  INFO 80684 --- [notification-service] [ntainer#0-0-C-1] c.t.kafka.consumer.BaseKafkaConsumer     : [KAFKA-CONSUMER] Received event | type=NOTIFICATION_SEND | eventId=a8dbc2f0-8c02-46e0-b5f8-54e93833a635 | source=application-service | correlationId=5d070dfa-6ce6-482f-9e78-111c31d6fe7c
2026-06-22T18:46:55.914+05:30  INFO 80684 --- [notification-service] [ntainer#0-0-C-1] c.t.n.s.NotificationOrchestrationService : [NOTIFICATION] ▶ Processing | userId=5 | type=APPLICATION_APPLIED | channels=[IN_APP] | ref=APPLICATION:252 | emailPresent=false
2026-06-22T18:46:55.914+05:30  INFO 80684 --- [notification-service] [ntainer#0-0-C-1] c.t.n.s.NotificationOrchestrationService : [NOTIFICATION] ▶ Attempting channel='IN_APP' | userId=5 | type=APPLICATION_APPLIED
2026-06-22T18:46:55.914+05:30  INFO 80684 --- [notification-service] [ntainer#0-0-C-1] c.t.n.channel.InAppNotificationChannel   : [IN-APP] Persisting notification | userId=5 | type=APPLICATION_APPLIED | ref=APPLICATION:252
2026-06-22T18:46:55.924+05:30  INFO 80684 --- [notification-service] [ntainer#0-0-C-1] c.t.n.channel.InAppNotificationChannel   : [IN-APP] Notification persisted | id=67 | userId=5 | type=APPLICATION_APPLIED
2026-06-22T18:46:55.924+05:30  INFO 80684 --- [notification-service] [ntainer#0-0-C-1] c.t.n.s.NotificationOrchestrationService : [NOTIFICATION] ✓ Channel='IN_APP' delivered | userId=5 | type=APPLICATION_APPLIED
2026-06-22T18:46:55.924+05:30  INFO 80684 --- [notification-service] [ntainer#0-0-C-1] c.t.n.s.NotificationOrchestrationService : [NOTIFICATION] ✓ All channels delivered | userId=5 | type=APPLICATION_APPLIED | success=1
2026-06-22T18:50:47.077+05:30  INFO 80684 --- [notification-service] [ntainer#0-1-C-1] c.t.n.c.NotificationKafkaConsumer        : [NOTIFICATION-CONSUMER] ▶ Message received | topic=notification.send | partition=1 | offset=18
2026-06-22T18:50:47.085+05:30  INFO 80684 --- [notification-service] [ntainer#0-1-C-1] c.t.n.c.NotificationKafkaConsumer        : [NOTIFICATION-CONSUMER] ▶ Payload deserialized | type=CANDIDATE_CREATED | userId=6 | channels=[IN_APP, EMAIL] | emailPresent=true
2026-06-22T18:50:47.085+05:30  INFO 80684 --- [notification-service] [ntainer#0-1-C-1] c.t.kafka.consumer.BaseKafkaConsumer     : [KAFKA-CONSUMER] Received event | type=NOTIFICATION_SEND | eventId=260d7b23-eff3-4a23-9516-adb2ff9e8833 | source=candidate-service | correlationId=05eb8091-74fe-41f0-9d0a-a8a680573e1e
2026-06-22T18:50:47.085+05:30  INFO 80684 --- [notification-service] [ntainer#0-1-C-1] c.t.n.s.NotificationOrchestrationService : [NOTIFICATION] ▶ Processing | userId=6 | type=CANDIDATE_CREATED | channels=[IN_APP, EMAIL] | ref=CANDIDATE:6 | emailPresent=true
2026-06-22T18:50:47.085+05:30  INFO 80684 --- [notification-service] [ntainer#0-1-C-1] c.t.n.s.NotificationOrchestrationService : [NOTIFICATION] ▶ Attempting channel='IN_APP' | userId=6 | type=CANDIDATE_CREATED
2026-06-22T18:50:47.085+05:30  INFO 80684 --- [notification-service] [ntainer#0-1-C-1] c.t.n.channel.InAppNotificationChannel   : [IN-APP] Persisting notification | userId=6 | type=CANDIDATE_CREATED | ref=CANDIDATE:6
2026-06-22T18:50:47.108+05:30  INFO 80684 --- [notification-service] [ntainer#0-1-C-1] c.t.n.channel.InAppNotificationChannel   : [IN-APP] Notification persisted | id=68 | userId=6 | type=CANDIDATE_CREATED
2026-06-22T18:50:47.108+05:30  INFO 80684 --- [notification-service] [ntainer#0-1-C-1] c.t.n.s.NotificationOrchestrationService : [NOTIFICATION] ✓ Channel='IN_APP' delivered | userId=6 | type=CANDIDATE_CREATED
2026-06-22T18:50:47.108+05:30  INFO 80684 --- [notification-service] [ntainer#0-1-C-1] c.t.n.s.NotificationOrchestrationService : [NOTIFICATION] ▶ Attempting channel='EMAIL' | userId=6 | type=CANDIDATE_CREATED
2026-06-22T18:50:47.108+05:30  INFO 80684 --- [notification-service] [ntainer#0-1-C-1] c.t.n.channel.EmailNotificationChannel   : [EMAIL] ▶ Starting email delivery | userId=6 | type=CANDIDATE_CREATED | templateId=candidate-created | toPresent=true
2026-06-22T18:50:47.110+05:30 ERROR 80684 --- [notification-service] [ntainer#0-1-C-1] org.thymeleaf.TemplateEngine             : [THYMELEAF][org.springframework.kafka.KafkaListenerEndpointContainer#0-1-C-1] Exception processing template "email/candidate-created": Error resolving template [email/candidate-created], template might not exist or might not be accessible by any of the configured Template Resolvers

org.thymeleaf.exceptions.TemplateInputException: Error resolving template [email/candidate-created], template might not exist or might not be accessible by any of the configured Template Resolvers
	at org.thymeleaf.engine.TemplateManager.resolveTemplate(TemplateManager.java:869) ~[thymeleaf-3.1.2.RELEASE.jar!/:3.1.2.RELEASE]
	at org.thymeleaf.engine.TemplateManager.parseAndProcess(TemplateManager.java:607) ~[thymeleaf-3.1.2.RELEASE.jar!/:3.1.2.RELEASE]
	at org.thymeleaf.TemplateEngine.process(TemplateEngine.java:1103) ~[thymeleaf-3.1.2.RELEASE.jar!/:3.1.2.RELEASE]
	at org.thymeleaf.TemplateEngine.process(TemplateEngine.java:1064) ~[thymeleaf-3.1.2.RELEASE.jar!/:3.1.2.RELEASE]
	at org.thymeleaf.TemplateEngine.process(TemplateEngine.java:1053) ~[thymeleaf-3.1.2.RELEASE.jar!/:3.1.2.RELEASE]
	at com.talentgrid.notification.channel.EmailNotificationChannel.resolveContent(EmailNotificationChannel.java:136) ~[!/:1.0.0-SNAPSHOT]
	at com.talentgrid.notification.channel.EmailNotificationChannel.deliver(EmailNotificationChannel.java:75) ~[!/:1.0.0-SNAPSHOT]
	at com.talentgrid.notification.service.NotificationOrchestrationService.process(NotificationOrchestrationService.java:78) ~[!/:1.0.0-SNAPSHOT]
	at com.talentgrid.notification.consumer.NotificationKafkaConsumer.handleEvent(NotificationKafkaConsumer.java:83) ~[!/:1.0.0-SNAPSHOT]
	at com.talentgrid.kafka.consumer.BaseKafkaConsumer.process(BaseKafkaConsumer.java:13) ~[talentgrid-kafka-1.0.0-SNAPSHOT.jar!/:1.0.0-SNAPSHOT]
	at com.talentgrid.notification.consumer.NotificationKafkaConsumer.onMessage(NotificationKafkaConsumer.java:71) ~[!/:1.0.0-SNAPSHOT]
	at jdk.internal.reflect.GeneratedMethodAccessor33.invoke(Unknown Source) ~[na:na]
	at java.base/jdk.internal.reflect.DelegatingMethodAccessorImpl.invoke(DelegatingMethodAccessorImpl.java:43) ~[na:na]
	at java.base/java.lang.reflect.Method.invoke(Method.java:569) ~[na:na]
	at org.springframework.messaging.handler.invocation.InvocableHandlerMethod.doInvoke(InvocableHandlerMethod.java:169) ~[spring-messaging-6.2.0.jar!/:6.2.0]
	at org.springframework.kafka.listener.adapter.KotlinAwareInvocableHandlerMethod.doInvoke(KotlinAwareInvocableHandlerMethod.java:45) ~[spring-kafka-3.3.0.jar!/:3.3.0]
	at org.springframework.messaging.handler.invocation.InvocableHandlerMethod.invoke(InvocableHandlerMethod.java:119) ~[spring-messaging-6.2.0.jar!/:6.2.0]
	at org.springframework.kafka.listener.adapter.HandlerAdapter.invoke(HandlerAdapter.java:71) ~[spring-kafka-3.3.0.jar!/:3.3.0]
	at org.springframework.kafka.listener.adapter.MessagingMessageListenerAdapter.invokeHandler(MessagingMessageListenerAdapter.java:474) ~[spring-kafka-3.3.0.jar!/:3.3.0]
	at org.springframework.kafka.listener.adapter.MessagingMessageListenerAdapter.invoke(MessagingMessageListenerAdapter.java:421) ~[spring-kafka-3.3.0.jar!/:3.3.0]
	at org.springframework.kafka.listener.adapter.RecordMessagingMessageListenerAdapter.onMessage(RecordMessagingMessageListenerAdapter.java:85) ~[spring-kafka-3.3.0.jar!/:3.3.0]
	at org.springframework.kafka.listener.adapter.RecordMessagingMessageListenerAdapter.onMessage(RecordMessagingMessageListenerAdapter.java:50) ~[spring-kafka-3.3.0.jar!/:3.3.0]
	at org.springframework.kafka.listener.KafkaMessageListenerContainer$ListenerConsumer.doInvokeOnMessage(KafkaMessageListenerContainer.java:2875) ~[spring-kafka-3.3.0.jar!/:3.3.0]
	at org.springframework.kafka.listener.KafkaMessageListenerContainer$ListenerConsumer.invokeOnMessage(KafkaMessageListenerContainer.java:2853) ~[spring-kafka-3.3.0.jar!/:3.3.0]
	at org.springframework.kafka.listener.KafkaMessageListenerContainer$ListenerConsumer.doInvokeRecordListener(KafkaMessageListenerContainer.java:2766) ~[spring-kafka-3.3.0.jar!/:3.3.0]
	at org.springframework.kafka.listener.KafkaMessageListenerContainer$ListenerConsumer.doInvokeWithRecords(KafkaMessageListenerContainer.java:2604) ~[spring-kafka-3.3.0.jar!/:3.3.0]
	at org.springframework.kafka.listener.KafkaMessageListenerContainer$ListenerConsumer.invokeRecordListener(KafkaMessageListenerContainer.java:2493) ~[spring-kafka-3.3.0.jar!/:3.3.0]
	at org.springframework.kafka.listener.KafkaMessageListenerContainer$ListenerConsumer.invokeListener(KafkaMessageListenerContainer.java:2144) ~[spring-kafka-3.3.0.jar!/:3.3.0]
	at org.springframework.kafka.listener.KafkaMessageListenerContainer$ListenerConsumer.invokeIfHaveRecords(KafkaMessageListenerContainer.java:1520) ~[spring-kafka-3.3.0.jar!/:3.3.0]
	at org.springframework.kafka.listener.KafkaMessageListenerContainer$ListenerConsumer.pollAndInvoke(KafkaMessageListenerContainer.java:1458) ~[spring-kafka-3.3.0.jar!/:3.3.0]
	at org.springframework.kafka.listener.KafkaMessageListenerContainer$ListenerConsumer.run(KafkaMessageListenerContainer.java:1327) ~[spring-kafka-3.3.0.jar!/:3.3.0]
	at java.base/java.util.concurrent.CompletableFuture$AsyncRun.run(CompletableFuture.java:1804) ~[na:na]
	at java.base/java.lang.Thread.run(Thread.java:840) ~[na:na]

2026-06-22T18:50:47.112+05:30  WARN 80684 --- [notification-service] [ntainer#0-1-C-1] c.t.n.channel.EmailNotificationChannel   : [EMAIL] Template 'candidate-created' failed to render — falling back to plain HTML. Check that templates/email/candidate-created.html exists in notification-service resources. Error: Error resolving template [email/candidate-created], template might not exist or might not be accessible by any of the configured Template Resolvers
2026-06-22T18:50:47.117+05:30  INFO 80684 --- [notification-service] [ntainer#0-1-C-1] c.t.n.channel.EmailNotificationChannel   : [EMAIL] ▶ Invoking SMTP send | host=smtp.gmail.com | port=587 | userId=6
2026-06-22T18:50:47.122+05:30 ERROR 80684 --- [notification-service] [ntainer#0-1-C-1] c.t.n.channel.EmailNotificationChannel   : [EMAIL] ✗ SMTP authentication failed — check spring.mail.password in application.properties. Gmail requires an App Password (not your account password). Generate one at: https://myaccount.google.com/apppasswords | error=Authentication failed
2026-06-22T18:50:47.122+05:30 ERROR 80684 --- [notification-service] [ntainer#0-1-C-1] c.t.n.s.NotificationOrchestrationService : [NOTIFICATION] ✗ Channel='EMAIL' delivery failed | userId=6 | type=CANDIDATE_CREATED | error=Authentication failed

org.springframework.mail.MailAuthenticationException: Authentication failed
	at org.springframework.mail.javamail.JavaMailSenderImpl.doSend(JavaMailSenderImpl.java:402) ~[spring-context-support-6.2.0.jar!/:6.2.0]
	at org.springframework.mail.javamail.JavaMailSenderImpl.send(JavaMailSenderImpl.java:350) ~[spring-context-support-6.2.0.jar!/:6.2.0]
	at org.springframework.mail.javamail.JavaMailSender.send(JavaMailSender.java:101) ~[spring-context-support-6.2.0.jar!/:6.2.0]
	at com.talentgrid.notification.channel.EmailNotificationChannel.deliver(EmailNotificationChannel.java:94) ~[!/:1.0.0-SNAPSHOT]
	at com.talentgrid.notification.service.NotificationOrchestrationService.process(NotificationOrchestrationService.java:78) ~[!/:1.0.0-SNAPSHOT]
	at com.talentgrid.notification.consumer.NotificationKafkaConsumer.handleEvent(NotificationKafkaConsumer.java:83) ~[!/:1.0.0-SNAPSHOT]
	at com.talentgrid.kafka.consumer.BaseKafkaConsumer.process(BaseKafkaConsumer.java:13) ~[talentgrid-kafka-1.0.0-SNAPSHOT.jar!/:1.0.0-SNAPSHOT]
	at com.talentgrid.notification.consumer.NotificationKafkaConsumer.onMessage(NotificationKafkaConsumer.java:71) ~[!/:1.0.0-SNAPSHOT]
	at jdk.internal.reflect.GeneratedMethodAccessor33.invoke(Unknown Source) ~[na:na]
	at java.base/jdk.internal.reflect.DelegatingMethodAccessorImpl.invoke(DelegatingMethodAccessorImpl.java:43) ~[na:na]
	at java.base/java.lang.reflect.Method.invoke(Method.java:569) ~[na:na]
	at org.springframework.messaging.handler.invocation.InvocableHandlerMethod.doInvoke(InvocableHandlerMethod.java:169) ~[spring-messaging-6.2.0.jar!/:6.2.0]
	at org.springframework.kafka.listener.adapter.KotlinAwareInvocableHandlerMethod.doInvoke(KotlinAwareInvocableHandlerMethod.java:45) ~[spring-kafka-3.3.0.jar!/:3.3.0]
	at org.springframework.messaging.handler.invocation.InvocableHandlerMethod.invoke(InvocableHandlerMethod.java:119) ~[spring-messaging-6.2.0.jar!/:6.2.0]
	at org.springframework.kafka.listener.adapter.HandlerAdapter.invoke(HandlerAdapter.java:71) ~[spring-kafka-3.3.0.jar!/:3.3.0]
	at org.springframework.kafka.listener.adapter.MessagingMessageListenerAdapter.invokeHandler(MessagingMessageListenerAdapter.java:474) ~[spring-kafka-3.3.0.jar!/:3.3.0]
	at org.springframework.kafka.listener.adapter.MessagingMessageListenerAdapter.invoke(MessagingMessageListenerAdapter.java:421) ~[spring-kafka-3.3.0.jar!/:3.3.0]
	at org.springframework.kafka.listener.adapter.RecordMessagingMessageListenerAdapter.onMessage(RecordMessagingMessageListenerAdapter.java:85) ~[spring-kafka-3.3.0.jar!/:3.3.0]
	at org.springframework.kafka.listener.adapter.RecordMessagingMessageListenerAdapter.onMessage(RecordMessagingMessageListenerAdapter.java:50) ~[spring-kafka-3.3.0.jar!/:3.3.0]
	at org.springframework.kafka.listener.KafkaMessageListenerContainer$ListenerConsumer.doInvokeOnMessage(KafkaMessageListenerContainer.java:2875) ~[spring-kafka-3.3.0.jar!/:3.3.0]
	at org.springframework.kafka.listener.KafkaMessageListenerContainer$ListenerConsumer.invokeOnMessage(KafkaMessageListenerContainer.java:2853) ~[spring-kafka-3.3.0.jar!/:3.3.0]
	at org.springframework.kafka.listener.KafkaMessageListenerContainer$ListenerConsumer.doInvokeRecordListener(KafkaMessageListenerContainer.java:2766) ~[spring-kafka-3.3.0.jar!/:3.3.0]
	at org.springframework.kafka.listener.KafkaMessageListenerContainer$ListenerConsumer.doInvokeWithRecords(KafkaMessageListenerContainer.java:2604) ~[spring-kafka-3.3.0.jar!/:3.3.0]
	at org.springframework.kafka.listener.KafkaMessageListenerContainer$ListenerConsumer.invokeRecordListener(KafkaMessageListenerContainer.java:2493) ~[spring-kafka-3.3.0.jar!/:3.3.0]
	at org.springframework.kafka.listener.KafkaMessageListenerContainer$ListenerConsumer.invokeListener(KafkaMessageListenerContainer.java:2144) ~[spring-kafka-3.3.0.jar!/:3.3.0]
	at org.springframework.kafka.listener.KafkaMessageListenerContainer$ListenerConsumer.invokeIfHaveRecords(KafkaMessageListenerContainer.java:1520) ~[spring-kafka-3.3.0.jar!/:3.3.0]
	at org.springframework.kafka.listener.KafkaMessageListenerContainer$ListenerConsumer.pollAndInvoke(KafkaMessageListenerContainer.java:1458) ~[spring-kafka-3.3.0.jar!/:3.3.0]
	at org.springframework.kafka.listener.KafkaMessageListenerContainer$ListenerConsumer.run(KafkaMessageListenerContainer.java:1327) ~[spring-kafka-3.3.0.jar!/:3.3.0]
	at java.base/java.util.concurrent.CompletableFuture$AsyncRun.run(CompletableFuture.java:1804) ~[na:na]
	at java.base/java.lang.Thread.run(Thread.java:840) ~[na:na]
Caused by: jakarta.mail.AuthenticationFailedException: failed to connect, no password specified?
	at jakarta.mail.Service.connect(Service.java:379) ~[jakarta.mail-2.0.3.jar!/:na]
	at org.springframework.mail.javamail.JavaMailSenderImpl.connectTransport(JavaMailSenderImpl.java:480) ~[spring-context-support-6.2.0.jar!/:6.2.0]
	at org.springframework.mail.javamail.JavaMailSenderImpl.doSend(JavaMailSenderImpl.java:399) ~[spring-context-support-6.2.0.jar!/:6.2.0]
	... 29 common frames omitted

2026-06-22T18:50:47.123+05:30  WARN 80684 --- [notification-service] [ntainer#0-1-C-1] c.t.n.s.NotificationOrchestrationService : [NOTIFICATION] ⚠ Delivery complete with failures | userId=6 | type=CANDIDATE_CREATED | success=1 | failure=1
2026-06-22T18:50:47.172+05:30  INFO 80684 --- [notification-service] [ntainer#0-1-C-1] c.t.n.c.NotificationKafkaConsumer        : [NOTIFICATION-CONSUMER] ▶ Message received | topic=notification.send | partition=1 | offset=19
2026-06-22T18:50:47.176+05:30  INFO 80684 --- [notification-service] [ntainer#0-1-C-1] c.t.n.c.NotificationKafkaConsumer        : [NOTIFICATION-CONSUMER] ▶ Payload deserialized | type=APPLICATION_APPLIED | userId=6 | channels=[IN_APP] | emailPresent=false
2026-06-22T18:50:47.176+05:30  INFO 80684 --- [notification-service] [ntainer#0-1-C-1] c.t.kafka.consumer.BaseKafkaConsumer     : [KAFKA-CONSUMER] Received event | type=NOTIFICATION_SEND | eventId=c7c10bc3-6c08-4b1a-ab78-78747f346d8f | source=application-service | correlationId=8f0f6ad8-9d1b-47c1-a473-f546acfc3ec0
2026-06-22T18:50:47.176+05:30  INFO 80684 --- [notification-service] [ntainer#0-1-C-1] c.t.n.s.NotificationOrchestrationService : [NOTIFICATION] ▶ Processing | userId=6 | type=APPLICATION_APPLIED | channels=[IN_APP] | ref=APPLICATION:253 | emailPresent=false
2026-06-22T18:50:47.176+05:30  INFO 80684 --- [notification-service] [ntainer#0-1-C-1] c.t.n.s.NotificationOrchestrationService : [NOTIFICATION] ▶ Attempting channel='IN_APP' | userId=6 | type=APPLICATION_APPLIED
2026-06-22T18:50:47.176+05:30  INFO 80684 --- [notification-service] [ntainer#0-1-C-1] c.t.n.channel.InAppNotificationChannel   : [IN-APP] Persisting notification | userId=6 | type=APPLICATION_APPLIED | ref=APPLICATION:253
2026-06-22T18:50:47.179+05:30  INFO 80684 --- [notification-service] [ntainer#0-1-C-1] c.t.n.channel.InAppNotificationChannel   : [IN-APP] Notification persisted | id=69 | userId=6 | type=APPLICATION_APPLIED
2026-06-22T18:50:47.179+05:30  INFO 80684 --- [notification-service] [ntainer#0-1-C-1] c.t.n.s.NotificationOrchestrationService : [NOTIFICATION] ✓ Channel='IN_APP' delivered | userId=6 | type=APPLICATION_APPLIED
2026-06-22T18:50:47.179+05:30  INFO 80684 --- [notification-service] [ntainer#0-1-C-1] c.t.n.s.NotificationOrchestrationService : [NOTIFICATION] ✓ All channels delivered | userId=6 | type=APPLICATION_APPLIED | success=1
2026-06-22T18:55:33.158+05:30  INFO 80684 --- [notification-service] [ntainer#0-1-C-1] c.t.n.c.NotificationKafkaConsumer        : [NOTIFICATION-CONSUMER] ▶ Message received | topic=notification.send | partition=1 | offset=20
2026-06-22T18:55:33.169+05:30  INFO 80684 --- [notification-service] [ntainer#0-1-C-1] c.t.n.c.NotificationKafkaConsumer        : [NOTIFICATION-CONSUMER] ▶ Payload deserialized | type=CANDIDATE_UPDATED | userId=6 | channels=[IN_APP, EMAIL] | emailPresent=true
2026-06-22T18:55:33.169+05:30  INFO 80684 --- [notification-service] [ntainer#0-1-C-1] c.t.kafka.consumer.BaseKafkaConsumer     : [KAFKA-CONSUMER] Received event | type=NOTIFICATION_SEND | eventId=ea3f3022-9176-43d6-b558-81d975e4d957 | source=candidate-service | correlationId=cd18225c-3255-4b70-8a8c-21cec0d2d6c7
2026-06-22T18:55:33.169+05:30  INFO 80684 --- [notification-service] [ntainer#0-1-C-1] c.t.n.s.NotificationOrchestrationService : [NOTIFICATION] ▶ Processing | userId=6 | type=CANDIDATE_UPDATED | channels=[IN_APP, EMAIL] | ref=CANDIDATE:6 | emailPresent=true
2026-06-22T18:55:33.169+05:30  INFO 80684 --- [notification-service] [ntainer#0-1-C-1] c.t.n.s.NotificationOrchestrationService : [NOTIFICATION] ▶ Attempting channel='IN_APP' | userId=6 | type=CANDIDATE_UPDATED
2026-06-22T18:55:33.169+05:30  INFO 80684 --- [notification-service] [ntainer#0-1-C-1] c.t.n.channel.InAppNotificationChannel   : [IN-APP] Persisting notification | userId=6 | type=CANDIDATE_UPDATED | ref=CANDIDATE:6
2026-06-22T18:55:33.183+05:30  INFO 80684 --- [notification-service] [ntainer#0-1-C-1] c.t.n.channel.InAppNotificationChannel   : [IN-APP] Notification persisted | id=70 | userId=6 | type=CANDIDATE_UPDATED
2026-06-22T18:55:33.183+05:30  INFO 80684 --- [notification-service] [ntainer#0-1-C-1] c.t.n.s.NotificationOrchestrationService : [NOTIFICATION] ✓ Channel='IN_APP' delivered | userId=6 | type=CANDIDATE_UPDATED
2026-06-22T18:55:33.183+05:30  INFO 80684 --- [notification-service] [ntainer#0-1-C-1] c.t.n.s.NotificationOrchestrationService : [NOTIFICATION] ▶ Attempting channel='EMAIL' | userId=6 | type=CANDIDATE_UPDATED
2026-06-22T18:55:33.183+05:30  INFO 80684 --- [notification-service] [ntainer#0-1-C-1] c.t.n.channel.EmailNotificationChannel   : [EMAIL] ▶ Starting email delivery | userId=6 | type=CANDIDATE_UPDATED | templateId=candidate-updated | toPresent=true
2026-06-22T18:55:33.187+05:30 ERROR 80684 --- [notification-service] [ntainer#0-1-C-1] org.thymeleaf.TemplateEngine             : [THYMELEAF][org.springframework.kafka.KafkaListenerEndpointContainer#0-1-C-1] Exception processing template "email/candidate-updated": Error resolving template [email/candidate-updated], template might not exist or might not be accessible by any of the configured Template Resolvers

org.thymeleaf.exceptions.TemplateInputException: Error resolving template [email/candidate-updated], template might not exist or might not be accessible by any of the configured Template Resolvers
	at org.thymeleaf.engine.TemplateManager.resolveTemplate(TemplateManager.java:869) ~[thymeleaf-3.1.2.RELEASE.jar!/:3.1.2.RELEASE]
	at org.thymeleaf.engine.TemplateManager.parseAndProcess(TemplateManager.java:607) ~[thymeleaf-3.1.2.RELEASE.jar!/:3.1.2.RELEASE]
	at org.thymeleaf.TemplateEngine.process(TemplateEngine.java:1103) ~[thymeleaf-3.1.2.RELEASE.jar!/:3.1.2.RELEASE]
	at org.thymeleaf.TemplateEngine.process(TemplateEngine.java:1064) ~[thymeleaf-3.1.2.RELEASE.jar!/:3.1.2.RELEASE]
	at org.thymeleaf.TemplateEngine.process(TemplateEngine.java:1053) ~[thymeleaf-3.1.2.RELEASE.jar!/:3.1.2.RELEASE]
	at com.talentgrid.notification.channel.EmailNotificationChannel.resolveContent(EmailNotificationChannel.java:136) ~[!/:1.0.0-SNAPSHOT]
	at com.talentgrid.notification.channel.EmailNotificationChannel.deliver(EmailNotificationChannel.java:75) ~[!/:1.0.0-SNAPSHOT]
	at com.talentgrid.notification.service.NotificationOrchestrationService.process(NotificationOrchestrationService.java:78) ~[!/:1.0.0-SNAPSHOT]
	at com.talentgrid.notification.consumer.NotificationKafkaConsumer.handleEvent(NotificationKafkaConsumer.java:83) ~[!/:1.0.0-SNAPSHOT]
	at com.talentgrid.kafka.consumer.BaseKafkaConsumer.process(BaseKafkaConsumer.java:13) ~[talentgrid-kafka-1.0.0-SNAPSHOT.jar!/:1.0.0-SNAPSHOT]
	at com.talentgrid.notification.consumer.NotificationKafkaConsumer.onMessage(NotificationKafkaConsumer.java:71) ~[!/:1.0.0-SNAPSHOT]
	at jdk.internal.reflect.GeneratedMethodAccessor33.invoke(Unknown Source) ~[na:na]
	at java.base/jdk.internal.reflect.DelegatingMethodAccessorImpl.invoke(DelegatingMethodAccessorImpl.java:43) ~[na:na]
	at java.base/java.lang.reflect.Method.invoke(Method.java:569) ~[na:na]
	at org.springframework.messaging.handler.invocation.InvocableHandlerMethod.doInvoke(InvocableHandlerMethod.java:169) ~[spring-messaging-6.2.0.jar!/:6.2.0]
	at org.springframework.kafka.listener.adapter.KotlinAwareInvocableHandlerMethod.doInvoke(KotlinAwareInvocableHandlerMethod.java:45) ~[spring-kafka-3.3.0.jar!/:3.3.0]
	at org.springframework.messaging.handler.invocation.InvocableHandlerMethod.invoke(InvocableHandlerMethod.java:119) ~[spring-messaging-6.2.0.jar!/:6.2.0]
	at org.springframework.kafka.listener.adapter.HandlerAdapter.invoke(HandlerAdapter.java:71) ~[spring-kafka-3.3.0.jar!/:3.3.0]
	at org.springframework.kafka.listener.adapter.MessagingMessageListenerAdapter.invokeHandler(MessagingMessageListenerAdapter.java:474) ~[spring-kafka-3.3.0.jar!/:3.3.0]
	at org.springframework.kafka.listener.adapter.MessagingMessageListenerAdapter.invoke(MessagingMessageListenerAdapter.java:421) ~[spring-kafka-3.3.0.jar!/:3.3.0]
	at org.springframework.kafka.listener.adapter.RecordMessagingMessageListenerAdapter.onMessage(RecordMessagingMessageListenerAdapter.java:85) ~[spring-kafka-3.3.0.jar!/:3.3.0]
	at org.springframework.kafka.listener.adapter.RecordMessagingMessageListenerAdapter.onMessage(RecordMessagingMessageListenerAdapter.java:50) ~[spring-kafka-3.3.0.jar!/:3.3.0]
	at org.springframework.kafka.listener.KafkaMessageListenerContainer$ListenerConsumer.doInvokeOnMessage(KafkaMessageListenerContainer.java:2875) ~[spring-kafka-3.3.0.jar!/:3.3.0]
	at org.springframework.kafka.listener.KafkaMessageListenerContainer$ListenerConsumer.invokeOnMessage(KafkaMessageListenerContainer.java:2853) ~[spring-kafka-3.3.0.jar!/:3.3.0]
	at org.springframework.kafka.listener.KafkaMessageListenerContainer$ListenerConsumer.doInvokeRecordListener(KafkaMessageListenerContainer.java:2766) ~[spring-kafka-3.3.0.jar!/:3.3.0]
	at org.springframework.kafka.listener.KafkaMessageListenerContainer$ListenerConsumer.doInvokeWithRecords(KafkaMessageListenerContainer.java:2604) ~[spring-kafka-3.3.0.jar!/:3.3.0]
	at org.springframework.kafka.listener.KafkaMessageListenerContainer$ListenerConsumer.invokeRecordListener(KafkaMessageListenerContainer.java:2493) ~[spring-kafka-3.3.0.jar!/:3.3.0]
	at org.springframework.kafka.listener.KafkaMessageListenerContainer$ListenerConsumer.invokeListener(KafkaMessageListenerContainer.java:2144) ~[spring-kafka-3.3.0.jar!/:3.3.0]
	at org.springframework.kafka.listener.KafkaMessageListenerContainer$ListenerConsumer.invokeIfHaveRecords(KafkaMessageListenerContainer.java:1520) ~[spring-kafka-3.3.0.jar!/:3.3.0]
	at org.springframework.kafka.listener.KafkaMessageListenerContainer$ListenerConsumer.pollAndInvoke(KafkaMessageListenerContainer.java:1458) ~[spring-kafka-3.3.0.jar!/:3.3.0]
	at org.springframework.kafka.listener.KafkaMessageListenerContainer$ListenerConsumer.run(KafkaMessageListenerContainer.java:1327) ~[spring-kafka-3.3.0.jar!/:3.3.0]
	at java.base/java.util.concurrent.CompletableFuture$AsyncRun.run(CompletableFuture.java:1804) ~[na:na]
	at java.base/java.lang.Thread.run(Thread.java:840) ~[na:na]

2026-06-22T18:55:33.189+05:30  WARN 80684 --- [notification-service] [ntainer#0-1-C-1] c.t.n.channel.EmailNotificationChannel   : [EMAIL] Template 'candidate-updated' failed to render — falling back to plain HTML. Check that templates/email/candidate-updated.html exists in notification-service resources. Error: Error resolving template [email/candidate-updated], template might not exist or might not be accessible by any of the configured Template Resolvers
2026-06-22T18:55:33.191+05:30  INFO 80684 --- [notification-service] [ntainer#0-1-C-1] c.t.n.channel.EmailNotificationChannel   : [EMAIL] ▶ Invoking SMTP send | host=smtp.gmail.com | port=587 | userId=6
2026-06-22T18:55:33.244+05:30 ERROR 80684 --- [notification-service] [ntainer#0-1-C-1] c.t.n.channel.EmailNotificationChannel   : [EMAIL] ✗ SMTP authentication failed — check spring.mail.password in application.properties. Gmail requires an App Password (not your account password). Generate one at: https://myaccount.google.com/apppasswords | error=Authentication failed
2026-06-22T18:55:33.244+05:30 ERROR 80684 --- [notification-service] [ntainer#0-1-C-1] c.t.n.s.NotificationOrchestrationService : [NOTIFICATION] ✗ Channel='EMAIL' delivery failed | userId=6 | type=CANDIDATE_UPDATED | error=Authentication failed

org.springframework.mail.MailAuthenticationException: Authentication failed
	at org.springframework.mail.javamail.JavaMailSenderImpl.doSend(JavaMailSenderImpl.java:402) ~[spring-context-support-6.2.0.jar!/:6.2.0]
	at org.springframework.mail.javamail.JavaMailSenderImpl.send(JavaMailSenderImpl.java:350) ~[spring-context-support-6.2.0.jar!/:6.2.0]
	at org.springframework.mail.javamail.JavaMailSender.send(JavaMailSender.java:101) ~[spring-context-support-6.2.0.jar!/:6.2.0]
	at com.talentgrid.notification.channel.EmailNotificationChannel.deliver(EmailNotificationChannel.java:94) ~[!/:1.0.0-SNAPSHOT]
	at com.talentgrid.notification.service.NotificationOrchestrationService.process(NotificationOrchestrationService.java:78) ~[!/:1.0.0-SNAPSHOT]
	at com.talentgrid.notification.consumer.NotificationKafkaConsumer.handleEvent(NotificationKafkaConsumer.java:83) ~[!/:1.0.0-SNAPSHOT]
	at com.talentgrid.kafka.consumer.BaseKafkaConsumer.process(BaseKafkaConsumer.java:13) ~[talentgrid-kafka-1.0.0-SNAPSHOT.jar!/:1.0.0-SNAPSHOT]
	at com.talentgrid.notification.consumer.NotificationKafkaConsumer.onMessage(NotificationKafkaConsumer.java:71) ~[!/:1.0.0-SNAPSHOT]
	at jdk.internal.reflect.GeneratedMethodAccessor33.invoke(Unknown Source) ~[na:na]
	at java.base/jdk.internal.reflect.DelegatingMethodAccessorImpl.invoke(DelegatingMethodAccessorImpl.java:43) ~[na:na]
	at java.base/java.lang.reflect.Method.invoke(Method.java:569) ~[na:na]
	at org.springframework.messaging.handler.invocation.InvocableHandlerMethod.doInvoke(InvocableHandlerMethod.java:169) ~[spring-messaging-6.2.0.jar!/:6.2.0]
	at org.springframework.kafka.listener.adapter.KotlinAwareInvocableHandlerMethod.doInvoke(KotlinAwareInvocableHandlerMethod.java:45) ~[spring-kafka-3.3.0.jar!/:3.3.0]
	at org.springframework.messaging.handler.invocation.InvocableHandlerMethod.invoke(InvocableHandlerMethod.java:119) ~[spring-messaging-6.2.0.jar!/:6.2.0]
	at org.springframework.kafka.listener.adapter.HandlerAdapter.invoke(HandlerAdapter.java:71) ~[spring-kafka-3.3.0.jar!/:3.3.0]
	at org.springframework.kafka.listener.adapter.MessagingMessageListenerAdapter.invokeHandler(MessagingMessageListenerAdapter.java:474) ~[spring-kafka-3.3.0.jar!/:3.3.0]
	at org.springframework.kafka.listener.adapter.MessagingMessageListenerAdapter.invoke(MessagingMessageListenerAdapter.java:421) ~[spring-kafka-3.3.0.jar!/:3.3.0]
	at org.springframework.kafka.listener.adapter.RecordMessagingMessageListenerAdapter.onMessage(RecordMessagingMessageListenerAdapter.java:85) ~[spring-kafka-3.3.0.jar!/:3.3.0]
	at org.springframework.kafka.listener.adapter.RecordMessagingMessageListenerAdapter.onMessage(RecordMessagingMessageListenerAdapter.java:50) ~[spring-kafka-3.3.0.jar!/:3.3.0]
	at org.springframework.kafka.listener.KafkaMessageListenerContainer$ListenerConsumer.doInvokeOnMessage(KafkaMessageListenerContainer.java:2875) ~[spring-kafka-3.3.0.jar!/:3.3.0]
	at org.springframework.kafka.listener.KafkaMessageListenerContainer$ListenerConsumer.invokeOnMessage(KafkaMessageListenerContainer.java:2853) ~[spring-kafka-3.3.0.jar!/:3.3.0]
	at org.springframework.kafka.listener.KafkaMessageListenerContainer$ListenerConsumer.doInvokeRecordListener(KafkaMessageListenerContainer.java:2766) ~[spring-kafka-3.3.0.jar!/:3.3.0]
	at org.springframework.kafka.listener.KafkaMessageListenerContainer$ListenerConsumer.doInvokeWithRecords(KafkaMessageListenerContainer.java:2604) ~[spring-kafka-3.3.0.jar!/:3.3.0]
	at org.springframework.kafka.listener.KafkaMessageListenerContainer$ListenerConsumer.invokeRecordListener(KafkaMessageListenerContainer.java:2493) ~[spring-kafka-3.3.0.jar!/:3.3.0]
	at org.springframework.kafka.listener.KafkaMessageListenerContainer$ListenerConsumer.invokeListener(KafkaMessageListenerContainer.java:2144) ~[spring-kafka-3.3.0.jar!/:3.3.0]
	at org.springframework.kafka.listener.KafkaMessageListenerContainer$ListenerConsumer.invokeIfHaveRecords(KafkaMessageListenerContainer.java:1520) ~[spring-kafka-3.3.0.jar!/:3.3.0]
	at org.springframework.kafka.listener.KafkaMessageListenerContainer$ListenerConsumer.pollAndInvoke(KafkaMessageListenerContainer.java:1458) ~[spring-kafka-3.3.0.jar!/:3.3.0]
	at org.springframework.kafka.listener.KafkaMessageListenerContainer$ListenerConsumer.run(KafkaMessageListenerContainer.java:1327) ~[spring-kafka-3.3.0.jar!/:3.3.0]
	at java.base/java.util.concurrent.CompletableFuture$AsyncRun.run(CompletableFuture.java:1804) ~[na:na]
	at java.base/java.lang.Thread.run(Thread.java:840) ~[na:na]
Caused by: jakarta.mail.AuthenticationFailedException: failed to connect, no password specified?
	at jakarta.mail.Service.connect(Service.java:379) ~[jakarta.mail-2.0.3.jar!/:na]
	at org.springframework.mail.javamail.JavaMailSenderImpl.connectTransport(JavaMailSenderImpl.java:480) ~[spring-context-support-6.2.0.jar!/:6.2.0]
	at org.springframework.mail.javamail.JavaMailSenderImpl.doSend(JavaMailSenderImpl.java:399) ~[spring-context-support-6.2.0.jar!/:6.2.0]
	... 29 common frames omitted

2026-06-22T18:55:33.245+05:30  WARN 80684 --- [notification-service] [ntainer#0-1-C-1] c.t.n.s.NotificationOrchestrationService : [NOTIFICATION] ⚠ Delivery complete with failures | userId=6 | type=CANDIDATE_UPDATED | success=1 | failure=1
2026-06-22T18:58:13.174+05:30  INFO 80684 --- [notification-service] [ntainer#0-1-C-1] c.t.n.c.NotificationKafkaConsumer        : [NOTIFICATION-CONSUMER] ▶ Message received | topic=notification.send | partition=1 | offset=21
2026-06-22T18:58:13.178+05:30  INFO 80684 --- [notification-service] [ntainer#0-1-C-1] c.t.n.c.NotificationKafkaConsumer        : [NOTIFICATION-CONSUMER] ▶ Payload deserialized | type=APPLICATION_TECHNICAL | userId=6 | channels=[IN_APP] | emailPresent=false
2026-06-22T18:58:13.178+05:30  INFO 80684 --- [notification-service] [ntainer#0-1-C-1] c.t.kafka.consumer.BaseKafkaConsumer     : [KAFKA-CONSUMER] Received event | type=NOTIFICATION_SEND | eventId=471b939f-c8f6-4fab-a102-b9816fdd760e | source=application-service | correlationId=006ffbc8-94fe-4cf1-9ccc-05898117454b
2026-06-22T18:58:13.178+05:30  INFO 80684 --- [notification-service] [ntainer#0-1-C-1] c.t.n.s.NotificationOrchestrationService : [NOTIFICATION] ▶ Processing | userId=6 | type=APPLICATION_TECHNICAL | channels=[IN_APP] | ref=APPLICATION:253 | emailPresent=false
2026-06-22T18:58:13.178+05:30  INFO 80684 --- [notification-service] [ntainer#0-1-C-1] c.t.n.s.NotificationOrchestrationService : [NOTIFICATION] ▶ Attempting channel='IN_APP' | userId=6 | type=APPLICATION_TECHNICAL
2026-06-22T18:58:13.178+05:30  INFO 80684 --- [notification-service] [ntainer#0-1-C-1] c.t.n.channel.InAppNotificationChannel   : [IN-APP] Persisting notification | userId=6 | type=APPLICATION_TECHNICAL | ref=APPLICATION:253
2026-06-22T18:58:13.202+05:30  INFO 80684 --- [notification-service] [ntainer#0-1-C-1] c.t.n.channel.InAppNotificationChannel   : [IN-APP] Notification persisted | id=71 | userId=6 | type=APPLICATION_TECHNICAL
2026-06-22T18:58:13.203+05:30  INFO 80684 --- [notification-service] [ntainer#0-1-C-1] c.t.n.s.NotificationOrchestrationService : [NOTIFICATION] ✓ Channel='IN_APP' delivered | userId=6 | type=APPLICATION_TECHNICAL
2026-06-22T18:58:13.203+05:30  INFO 80684 --- [notification-service] [ntainer#0-1-C-1] c.t.n.s.NotificationOrchestrationService : [NOTIFICATION] ✓ All channels delivered | userId=6 | type=APPLICATION_TECHNICAL | success=1
2026-06-22T18:59:20.664+05:30  INFO 80684 --- [notification-service] [ntainer#0-1-C-1] c.t.n.c.NotificationKafkaConsumer        : [NOTIFICATION-CONSUMER] ▶ Message received | topic=notification.send | partition=1 | offset=22
2026-06-22T18:59:20.668+05:30  INFO 80684 --- [notification-service] [ntainer#0-1-C-1] c.t.n.c.NotificationKafkaConsumer        : [NOTIFICATION-CONSUMER] ▶ Payload deserialized | type=APPLICATION_INTERVIEW | userId=6 | channels=[IN_APP] | emailPresent=false
2026-06-22T18:59:20.669+05:30  INFO 80684 --- [notification-service] [ntainer#0-1-C-1] c.t.kafka.consumer.BaseKafkaConsumer     : [KAFKA-CONSUMER] Received event | type=NOTIFICATION_SEND | eventId=599ade61-5f6d-4d27-9c37-1a8b245e5bf3 | source=application-service | correlationId=75209828-4240-46c4-b8aa-465090faf458
2026-06-22T18:59:20.670+05:30  INFO 80684 --- [notification-service] [ntainer#0-1-C-1] c.t.n.s.NotificationOrchestrationService : [NOTIFICATION] ▶ Processing | userId=6 | type=APPLICATION_INTERVIEW | channels=[IN_APP] | ref=APPLICATION:253 | emailPresent=false
2026-06-22T18:59:20.671+05:30  INFO 80684 --- [notification-service] [ntainer#0-1-C-1] c.t.n.s.NotificationOrchestrationService : [NOTIFICATION] ▶ Attempting channel='IN_APP' | userId=6 | type=APPLICATION_INTERVIEW
2026-06-22T18:59:20.671+05:30  INFO 80684 --- [notification-service] [ntainer#0-1-C-1] c.t.n.channel.InAppNotificationChannel   : [IN-APP] Persisting notification | userId=6 | type=APPLICATION_INTERVIEW | ref=APPLICATION:253
2026-06-22T18:59:20.693+05:30  INFO 80684 --- [notification-service] [ntainer#0-1-C-1] c.t.n.channel.InAppNotificationChannel   : [IN-APP] Notification persisted | id=72 | userId=6 | type=APPLICATION_INTERVIEW
2026-06-22T18:59:20.693+05:30  INFO 80684 --- [notification-service] [ntainer#0-1-C-1] c.t.n.s.NotificationOrchestrationService : [NOTIFICATION] ✓ Channel='IN_APP' delivered | userId=6 | type=APPLICATION_INTERVIEW
2026-06-22T18:59:20.693+05:30  INFO 80684 --- [notification-service] [ntainer#0-1-C-1] c.t.n.s.NotificationOrchestrationService : [NOTIFICATION] ✓ All channels delivered | userId=6 | type=APPLICATION_INTERVIEW | success=1
2026-06-22T18:59:22.492+05:30  INFO 80684 --- [notification-service] [ntainer#0-1-C-1] c.t.n.c.NotificationKafkaConsumer        : [NOTIFICATION-CONSUMER] ▶ Message received | topic=notification.send | partition=1 | offset=23
2026-06-22T18:59:22.493+05:30  INFO 80684 --- [notification-service] [ntainer#0-1-C-1] c.t.n.c.NotificationKafkaConsumer        : [NOTIFICATION-CONSUMER] ▶ Payload deserialized | type=INTERVIEW_INVITATION | userId=6 | channels=[IN_APP, EMAIL] | emailPresent=true
2026-06-22T18:59:22.493+05:30  INFO 80684 --- [notification-service] [ntainer#0-1-C-1] c.t.kafka.consumer.BaseKafkaConsumer     : [KAFKA-CONSUMER] Received event | type=NOTIFICATION_SEND | eventId=3d0f1b49-7fc9-4057-9b1f-77f6139ab2c2 | source=interview-service | correlationId=d67b81c9-7508-426c-8449-3aa53b1cc691
2026-06-22T18:59:22.493+05:30  INFO 80684 --- [notification-service] [ntainer#0-1-C-1] c.t.n.s.NotificationOrchestrationService : [NOTIFICATION] ▶ Processing | userId=6 | type=INTERVIEW_INVITATION | channels=[IN_APP, EMAIL] | ref=INTERVIEW:202 | emailPresent=true
2026-06-22T18:59:22.493+05:30  INFO 80684 --- [notification-service] [ntainer#0-1-C-1] c.t.n.s.NotificationOrchestrationService : [NOTIFICATION] ▶ Attempting channel='IN_APP' | userId=6 | type=INTERVIEW_INVITATION
2026-06-22T18:59:22.493+05:30  INFO 80684 --- [notification-service] [ntainer#0-1-C-1] c.t.n.channel.InAppNotificationChannel   : [IN-APP] Persisting notification | userId=6 | type=INTERVIEW_INVITATION | ref=INTERVIEW:202
2026-06-22T18:59:22.497+05:30  INFO 80684 --- [notification-service] [ntainer#0-1-C-1] c.t.n.channel.InAppNotificationChannel   : [IN-APP] Notification persisted | id=73 | userId=6 | type=INTERVIEW_INVITATION
2026-06-22T18:59:22.497+05:30  INFO 80684 --- [notification-service] [ntainer#0-1-C-1] c.t.n.s.NotificationOrchestrationService : [NOTIFICATION] ✓ Channel='IN_APP' delivered | userId=6 | type=INTERVIEW_INVITATION
2026-06-22T18:59:22.497+05:30  INFO 80684 --- [notification-service] [ntainer#0-1-C-1] c.t.n.s.NotificationOrchestrationService : [NOTIFICATION] ▶ Attempting channel='EMAIL' | userId=6 | type=INTERVIEW_INVITATION
2026-06-22T18:59:22.497+05:30  INFO 80684 --- [notification-service] [ntainer#0-1-C-1] c.t.n.channel.EmailNotificationChannel   : [EMAIL] ▶ Starting email delivery | userId=6 | type=INTERVIEW_INVITATION | templateId=interview-invitation | toPresent=true
2026-06-22T18:59:22.578+05:30  INFO 80684 --- [notification-service] [ntainer#0-1-C-1] c.t.n.channel.EmailNotificationChannel   : [EMAIL] ▶ Invoking SMTP send | host=smtp.gmail.com | port=587 | userId=6
2026-06-22T18:59:22.580+05:30 ERROR 80684 --- [notification-service] [ntainer#0-1-C-1] c.t.n.channel.EmailNotificationChannel   : [EMAIL] ✗ SMTP authentication failed — check spring.mail.password in application.properties. Gmail requires an App Password (not your account password). Generate one at: https://myaccount.google.com/apppasswords | error=Authentication failed
2026-06-22T18:59:22.580+05:30 ERROR 80684 --- [notification-service] [ntainer#0-1-C-1] c.t.n.s.NotificationOrchestrationService : [NOTIFICATION] ✗ Channel='EMAIL' delivery failed | userId=6 | type=INTERVIEW_INVITATION | error=Authentication failed

org.springframework.mail.MailAuthenticationException: Authentication failed
	at org.springframework.mail.javamail.JavaMailSenderImpl.doSend(JavaMailSenderImpl.java:402) ~[spring-context-support-6.2.0.jar!/:6.2.0]
	at org.springframework.mail.javamail.JavaMailSenderImpl.send(JavaMailSenderImpl.java:350) ~[spring-context-support-6.2.0.jar!/:6.2.0]
	at org.springframework.mail.javamail.JavaMailSender.send(JavaMailSender.java:101) ~[spring-context-support-6.2.0.jar!/:6.2.0]
	at com.talentgrid.notification.channel.EmailNotificationChannel.deliver(EmailNotificationChannel.java:94) ~[!/:1.0.0-SNAPSHOT]
	at com.talentgrid.notification.service.NotificationOrchestrationService.process(NotificationOrchestrationService.java:78) ~[!/:1.0.0-SNAPSHOT]
	at com.talentgrid.notification.consumer.NotificationKafkaConsumer.handleEvent(NotificationKafkaConsumer.java:83) ~[!/:1.0.0-SNAPSHOT]
	at com.talentgrid.kafka.consumer.BaseKafkaConsumer.process(BaseKafkaConsumer.java:13) ~[talentgrid-kafka-1.0.0-SNAPSHOT.jar!/:1.0.0-SNAPSHOT]
	at com.talentgrid.notification.consumer.NotificationKafkaConsumer.onMessage(NotificationKafkaConsumer.java:71) ~[!/:1.0.0-SNAPSHOT]
	at jdk.internal.reflect.GeneratedMethodAccessor33.invoke(Unknown Source) ~[na:na]
	at java.base/jdk.internal.reflect.DelegatingMethodAccessorImpl.invoke(DelegatingMethodAccessorImpl.java:43) ~[na:na]
	at java.base/java.lang.reflect.Method.invoke(Method.java:569) ~[na:na]
	at org.springframework.messaging.handler.invocation.InvocableHandlerMethod.doInvoke(InvocableHandlerMethod.java:169) ~[spring-messaging-6.2.0.jar!/:6.2.0]
	at org.springframework.kafka.listener.adapter.KotlinAwareInvocableHandlerMethod.doInvoke(KotlinAwareInvocableHandlerMethod.java:45) ~[spring-kafka-3.3.0.jar!/:3.3.0]
	at org.springframework.messaging.handler.invocation.InvocableHandlerMethod.invoke(InvocableHandlerMethod.java:119) ~[spring-messaging-6.2.0.jar!/:6.2.0]
	at org.springframework.kafka.listener.adapter.HandlerAdapter.invoke(HandlerAdapter.java:71) ~[spring-kafka-3.3.0.jar!/:3.3.0]
	at org.springframework.kafka.listener.adapter.MessagingMessageListenerAdapter.invokeHandler(MessagingMessageListenerAdapter.java:474) ~[spring-kafka-3.3.0.jar!/:3.3.0]
	at org.springframework.kafka.listener.adapter.MessagingMessageListenerAdapter.invoke(MessagingMessageListenerAdapter.java:421) ~[spring-kafka-3.3.0.jar!/:3.3.0]
	at org.springframework.kafka.listener.adapter.RecordMessagingMessageListenerAdapter.onMessage(RecordMessagingMessageListenerAdapter.java:85) ~[spring-kafka-3.3.0.jar!/:3.3.0]
	at org.springframework.kafka.listener.adapter.RecordMessagingMessageListenerAdapter.onMessage(RecordMessagingMessageListenerAdapter.java:50) ~[spring-kafka-3.3.0.jar!/:3.3.0]
	at org.springframework.kafka.listener.KafkaMessageListenerContainer$ListenerConsumer.doInvokeOnMessage(KafkaMessageListenerContainer.java:2875) ~[spring-kafka-3.3.0.jar!/:3.3.0]
	at org.springframework.kafka.listener.KafkaMessageListenerContainer$ListenerConsumer.invokeOnMessage(KafkaMessageListenerContainer.java:2853) ~[spring-kafka-3.3.0.jar!/:3.3.0]
	at org.springframework.kafka.listener.KafkaMessageListenerContainer$ListenerConsumer.doInvokeRecordListener(KafkaMessageListenerContainer.java:2766) ~[spring-kafka-3.3.0.jar!/:3.3.0]
	at org.springframework.kafka.listener.KafkaMessageListenerContainer$ListenerConsumer.doInvokeWithRecords(KafkaMessageListenerContainer.java:2604) ~[spring-kafka-3.3.0.jar!/:3.3.0]
	at org.springframework.kafka.listener.KafkaMessageListenerContainer$ListenerConsumer.invokeRecordListener(KafkaMessageListenerContainer.java:2493) ~[spring-kafka-3.3.0.jar!/:3.3.0]
	at org.springframework.kafka.listener.KafkaMessageListenerContainer$ListenerConsumer.invokeListener(KafkaMessageListenerContainer.java:2144) ~[spring-kafka-3.3.0.jar!/:3.3.0]
	at org.springframework.kafka.listener.KafkaMessageListenerContainer$ListenerConsumer.invokeIfHaveRecords(KafkaMessageListenerContainer.java:1520) ~[spring-kafka-3.3.0.jar!/:3.3.0]
	at org.springframework.kafka.listener.KafkaMessageListenerContainer$ListenerConsumer.pollAndInvoke(KafkaMessageListenerContainer.java:1458) ~[spring-kafka-3.3.0.jar!/:3.3.0]
	at org.springframework.kafka.listener.KafkaMessageListenerContainer$ListenerConsumer.run(KafkaMessageListenerContainer.java:1327) ~[spring-kafka-3.3.0.jar!/:3.3.0]
	at java.base/java.util.concurrent.CompletableFuture$AsyncRun.run(CompletableFuture.java:1804) ~[na:na]
	at java.base/java.lang.Thread.run(Thread.java:840) ~[na:na]
Caused by: jakarta.mail.AuthenticationFailedException: failed to connect, no password specified?
	at jakarta.mail.Service.connect(Service.java:379) ~[jakarta.mail-2.0.3.jar!/:na]
	at org.springframework.mail.javamail.JavaMailSenderImpl.connectTransport(JavaMailSenderImpl.java:480) ~[spring-context-support-6.2.0.jar!/:6.2.0]
	at org.springframework.mail.javamail.JavaMailSenderImpl.doSend(JavaMailSenderImpl.java:399) ~[spring-context-support-6.2.0.jar!/:6.2.0]
	... 29 common frames omitted

2026-06-22T18:59:22.582+05:30  WARN 80684 --- [notification-service] [ntainer#0-1-C-1] c.t.n.s.NotificationOrchestrationService : [NOTIFICATION] ⚠ Delivery complete with failures | userId=6 | type=INTERVIEW_INVITATION | success=1 | failure=1
2026-06-22T18:59:22.585+05:30  INFO 80684 --- [notification-service] [ntainer#0-1-C-1] c.t.n.c.NotificationKafkaConsumer        : [NOTIFICATION-CONSUMER] ▶ Message received | topic=notification.send | partition=1 | offset=24
2026-06-22T18:59:22.586+05:30  INFO 80684 --- [notification-service] [ntainer#0-1-C-1] c.t.n.c.NotificationKafkaConsumer        : [NOTIFICATION-CONSUMER] ▶ Payload deserialized | type=INTERVIEW_SCHEDULED | userId=253 | channels=[IN_APP, EMAIL] | emailPresent=true
2026-06-22T18:59:22.586+05:30  INFO 80684 --- [notification-service] [ntainer#0-1-C-1] c.t.kafka.consumer.BaseKafkaConsumer     : [KAFKA-CONSUMER] Received event | type=NOTIFICATION_SEND | eventId=7603f8bd-6844-44e0-9042-38fc39fc8a72 | source=interview-service | correlationId=9691105a-f85a-4b74-888d-7225bb668b4d
2026-06-22T18:59:22.586+05:30  INFO 80684 --- [notification-service] [ntainer#0-1-C-1] c.t.n.s.NotificationOrchestrationService : [NOTIFICATION] ▶ Processing | userId=253 | type=INTERVIEW_SCHEDULED | channels=[IN_APP, EMAIL] | ref=INTERVIEW:202 | emailPresent=true
2026-06-22T18:59:22.586+05:30  INFO 80684 --- [notification-service] [ntainer#0-1-C-1] c.t.n.s.NotificationOrchestrationService : [NOTIFICATION] ▶ Attempting channel='IN_APP' | userId=253 | type=INTERVIEW_SCHEDULED
2026-06-22T18:59:22.586+05:30  INFO 80684 --- [notification-service] [ntainer#0-1-C-1] c.t.n.channel.InAppNotificationChannel   : [IN-APP] Persisting notification | userId=253 | type=INTERVIEW_SCHEDULED | ref=INTERVIEW:202
2026-06-22T18:59:22.588+05:30  INFO 80684 --- [notification-service] [ntainer#0-1-C-1] c.t.n.channel.InAppNotificationChannel   : [IN-APP] Notification persisted | id=74 | userId=253 | type=INTERVIEW_SCHEDULED
2026-06-22T18:59:22.588+05:30  INFO 80684 --- [notification-service] [ntainer#0-1-C-1] c.t.n.s.NotificationOrchestrationService : [NOTIFICATION] ✓ Channel='IN_APP' delivered | userId=253 | type=INTERVIEW_SCHEDULED
2026-06-22T18:59:22.588+05:30  INFO 80684 --- [notification-service] [ntainer#0-1-C-1] c.t.n.s.NotificationOrchestrationService : [NOTIFICATION] ▶ Attempting channel='EMAIL' | userId=253 | type=INTERVIEW_SCHEDULED
2026-06-22T18:59:22.588+05:30  INFO 80684 --- [notification-service] [ntainer#0-1-C-1] c.t.n.channel.EmailNotificationChannel   : [EMAIL] ▶ Starting email delivery | userId=253 | type=INTERVIEW_SCHEDULED | templateId=interview-scheduled | toPresent=true
2026-06-22T18:59:22.591+05:30 ERROR 80684 --- [notification-service] [ntainer#0-1-C-1] org.thymeleaf.TemplateEngine             : [THYMELEAF][org.springframework.kafka.KafkaListenerEndpointContainer#0-1-C-1] Exception processing template "email/interview-scheduled": Error resolving template [email/interview-scheduled], template might not exist or might not be accessible by any of the configured Template Resolvers

org.thymeleaf.exceptions.TemplateInputException: Error resolving template [email/interview-scheduled], template might not exist or might not be accessible by any of the configured Template Resolvers
	at org.thymeleaf.engine.TemplateManager.resolveTemplate(TemplateManager.java:869) ~[thymeleaf-3.1.2.RELEASE.jar!/:3.1.2.RELEASE]
	at org.thymeleaf.engine.TemplateManager.parseAndProcess(TemplateManager.java:607) ~[thymeleaf-3.1.2.RELEASE.jar!/:3.1.2.RELEASE]
	at org.thymeleaf.TemplateEngine.process(TemplateEngine.java:1103) ~[thymeleaf-3.1.2.RELEASE.jar!/:3.1.2.RELEASE]
	at org.thymeleaf.TemplateEngine.process(TemplateEngine.java:1064) ~[thymeleaf-3.1.2.RELEASE.jar!/:3.1.2.RELEASE]
	at org.thymeleaf.TemplateEngine.process(TemplateEngine.java:1053) ~[thymeleaf-3.1.2.RELEASE.jar!/:3.1.2.RELEASE]
	at com.talentgrid.notification.channel.EmailNotificationChannel.resolveContent(EmailNotificationChannel.java:136) ~[!/:1.0.0-SNAPSHOT]
	at com.talentgrid.notification.channel.EmailNotificationChannel.deliver(EmailNotificationChannel.java:75) ~[!/:1.0.0-SNAPSHOT]
	at com.talentgrid.notification.service.NotificationOrchestrationService.process(NotificationOrchestrationService.java:78) ~[!/:1.0.0-SNAPSHOT]
	at com.talentgrid.notification.consumer.NotificationKafkaConsumer.handleEvent(NotificationKafkaConsumer.java:83) ~[!/:1.0.0-SNAPSHOT]
	at com.talentgrid.kafka.consumer.BaseKafkaConsumer.process(BaseKafkaConsumer.java:13) ~[talentgrid-kafka-1.0.0-SNAPSHOT.jar!/:1.0.0-SNAPSHOT]
	at com.talentgrid.notification.consumer.NotificationKafkaConsumer.onMessage(NotificationKafkaConsumer.java:71) ~[!/:1.0.0-SNAPSHOT]
	at jdk.internal.reflect.GeneratedMethodAccessor33.invoke(Unknown Source) ~[na:na]
	at java.base/jdk.internal.reflect.DelegatingMethodAccessorImpl.invoke(DelegatingMethodAccessorImpl.java:43) ~[na:na]
	at java.base/java.lang.reflect.Method.invoke(Method.java:569) ~[na:na]
	at org.springframework.messaging.handler.invocation.InvocableHandlerMethod.doInvoke(InvocableHandlerMethod.java:169) ~[spring-messaging-6.2.0.jar!/:6.2.0]
	at org.springframework.kafka.listener.adapter.KotlinAwareInvocableHandlerMethod.doInvoke(KotlinAwareInvocableHandlerMethod.java:45) ~[spring-kafka-3.3.0.jar!/:3.3.0]
	at org.springframework.messaging.handler.invocation.InvocableHandlerMethod.invoke(InvocableHandlerMethod.java:119) ~[spring-messaging-6.2.0.jar!/:6.2.0]
	at org.springframework.kafka.listener.adapter.HandlerAdapter.invoke(HandlerAdapter.java:71) ~[spring-kafka-3.3.0.jar!/:3.3.0]
	at org.springframework.kafka.listener.adapter.MessagingMessageListenerAdapter.invokeHandler(MessagingMessageListenerAdapter.java:474) ~[spring-kafka-3.3.0.jar!/:3.3.0]
	at org.springframework.kafka.listener.adapter.MessagingMessageListenerAdapter.invoke(MessagingMessageListenerAdapter.java:421) ~[spring-kafka-3.3.0.jar!/:3.3.0]
	at org.springframework.kafka.listener.adapter.RecordMessagingMessageListenerAdapter.onMessage(RecordMessagingMessageListenerAdapter.java:85) ~[spring-kafka-3.3.0.jar!/:3.3.0]
	at org.springframework.kafka.listener.adapter.RecordMessagingMessageListenerAdapter.onMessage(RecordMessagingMessageListenerAdapter.java:50) ~[spring-kafka-3.3.0.jar!/:3.3.0]
	at org.springframework.kafka.listener.KafkaMessageListenerContainer$ListenerConsumer.doInvokeOnMessage(KafkaMessageListenerContainer.java:2875) ~[spring-kafka-3.3.0.jar!/:3.3.0]
	at org.springframework.kafka.listener.KafkaMessageListenerContainer$ListenerConsumer.invokeOnMessage(KafkaMessageListenerContainer.java:2853) ~[spring-kafka-3.3.0.jar!/:3.3.0]
	at org.springframework.kafka.listener.KafkaMessageListenerContainer$ListenerConsumer.doInvokeRecordListener(KafkaMessageListenerContainer.java:2766) ~[spring-kafka-3.3.0.jar!/:3.3.0]
	at org.springframework.kafka.listener.KafkaMessageListenerContainer$ListenerConsumer.doInvokeWithRecords(KafkaMessageListenerContainer.java:2604) ~[spring-kafka-3.3.0.jar!/:3.3.0]
	at org.springframework.kafka.listener.KafkaMessageListenerContainer$ListenerConsumer.invokeRecordListener(KafkaMessageListenerContainer.java:2493) ~[spring-kafka-3.3.0.jar!/:3.3.0]
	at org.springframework.kafka.listener.KafkaMessageListenerContainer$ListenerConsumer.invokeListener(KafkaMessageListenerContainer.java:2144) ~[spring-kafka-3.3.0.jar!/:3.3.0]
	at org.springframework.kafka.listener.KafkaMessageListenerContainer$ListenerConsumer.invokeIfHaveRecords(KafkaMessageListenerContainer.java:1520) ~[spring-kafka-3.3.0.jar!/:3.3.0]
	at org.springframework.kafka.listener.KafkaMessageListenerContainer$ListenerConsumer.pollAndInvoke(KafkaMessageListenerContainer.java:1458) ~[spring-kafka-3.3.0.jar!/:3.3.0]
	at org.springframework.kafka.listener.KafkaMessageListenerContainer$ListenerConsumer.run(KafkaMessageListenerContainer.java:1327) ~[spring-kafka-3.3.0.jar!/:3.3.0]
	at java.base/java.util.concurrent.CompletableFuture$AsyncRun.run(CompletableFuture.java:1804) ~[na:na]
	at java.base/java.lang.Thread.run(Thread.java:840) ~[na:na]

2026-06-22T18:59:22.592+05:30  WARN 80684 --- [notification-service] [ntainer#0-1-C-1] c.t.n.channel.EmailNotificationChannel   : [EMAIL] Template 'interview-scheduled' failed to render — falling back to plain HTML. Check that templates/email/interview-scheduled.html exists in notification-service resources. Error: Error resolving template [email/interview-scheduled], template might not exist or might not be accessible by any of the configured Template Resolvers
2026-06-22T18:59:22.593+05:30  INFO 80684 --- [notification-service] [ntainer#0-1-C-1] c.t.n.channel.EmailNotificationChannel   : [EMAIL] ▶ Invoking SMTP send | host=smtp.gmail.com | port=587 | userId=253
2026-06-22T18:59:22.593+05:30 ERROR 80684 --- [notification-service] [ntainer#0-1-C-1] c.t.n.channel.EmailNotificationChannel   : [EMAIL] ✗ SMTP authentication failed — check spring.mail.password in application.properties. Gmail requires an App Password (not your account password). Generate one at: https://myaccount.google.com/apppasswords | error=Authentication failed
2026-06-22T18:59:22.593+05:30 ERROR 80684 --- [notification-service] [ntainer#0-1-C-1] c.t.n.s.NotificationOrchestrationService : [NOTIFICATION] ✗ Channel='EMAIL' delivery failed | userId=253 | type=INTERVIEW_SCHEDULED | error=Authentication failed

org.springframework.mail.MailAuthenticationException: Authentication failed
	at org.springframework.mail.javamail.JavaMailSenderImpl.doSend(JavaMailSenderImpl.java:402) ~[spring-context-support-6.2.0.jar!/:6.2.0]
	at org.springframework.mail.javamail.JavaMailSenderImpl.send(JavaMailSenderImpl.java:350) ~[spring-context-support-6.2.0.jar!/:6.2.0]
	at org.springframework.mail.javamail.JavaMailSender.send(JavaMailSender.java:101) ~[spring-context-support-6.2.0.jar!/:6.2.0]
	at com.talentgrid.notification.channel.EmailNotificationChannel.deliver(EmailNotificationChannel.java:94) ~[!/:1.0.0-SNAPSHOT]
	at com.talentgrid.notification.service.NotificationOrchestrationService.process(NotificationOrchestrationService.java:78) ~[!/:1.0.0-SNAPSHOT]
	at com.talentgrid.notification.consumer.NotificationKafkaConsumer.handleEvent(NotificationKafkaConsumer.java:83) ~[!/:1.0.0-SNAPSHOT]
	at com.talentgrid.kafka.consumer.BaseKafkaConsumer.process(BaseKafkaConsumer.java:13) ~[talentgrid-kafka-1.0.0-SNAPSHOT.jar!/:1.0.0-SNAPSHOT]
	at com.talentgrid.notification.consumer.NotificationKafkaConsumer.onMessage(NotificationKafkaConsumer.java:71) ~[!/:1.0.0-SNAPSHOT]
	at jdk.internal.reflect.GeneratedMethodAccessor33.invoke(Unknown Source) ~[na:na]
	at java.base/jdk.internal.reflect.DelegatingMethodAccessorImpl.invoke(DelegatingMethodAccessorImpl.java:43) ~[na:na]
	at java.base/java.lang.reflect.Method.invoke(Method.java:569) ~[na:na]
	at org.springframework.messaging.handler.invocation.InvocableHandlerMethod.doInvoke(InvocableHandlerMethod.java:169) ~[spring-messaging-6.2.0.jar!/:6.2.0]
	at org.springframework.kafka.listener.adapter.KotlinAwareInvocableHandlerMethod.doInvoke(KotlinAwareInvocableHandlerMethod.java:45) ~[spring-kafka-3.3.0.jar!/:3.3.0]
	at org.springframework.messaging.handler.invocation.InvocableHandlerMethod.invoke(InvocableHandlerMethod.java:119) ~[spring-messaging-6.2.0.jar!/:6.2.0]
	at org.springframework.kafka.listener.adapter.HandlerAdapter.invoke(HandlerAdapter.java:71) ~[spring-kafka-3.3.0.jar!/:3.3.0]
	at org.springframework.kafka.listener.adapter.MessagingMessageListenerAdapter.invokeHandler(MessagingMessageListenerAdapter.java:474) ~[spring-kafka-3.3.0.jar!/:3.3.0]
	at org.springframework.kafka.listener.adapter.MessagingMessageListenerAdapter.invoke(MessagingMessageListenerAdapter.java:421) ~[spring-kafka-3.3.0.jar!/:3.3.0]
	at org.springframework.kafka.listener.adapter.RecordMessagingMessageListenerAdapter.onMessage(RecordMessagingMessageListenerAdapter.java:85) ~[spring-kafka-3.3.0.jar!/:3.3.0]
	at org.springframework.kafka.listener.adapter.RecordMessagingMessageListenerAdapter.onMessage(RecordMessagingMessageListenerAdapter.java:50) ~[spring-kafka-3.3.0.jar!/:3.3.0]
	at org.springframework.kafka.listener.KafkaMessageListenerContainer$ListenerConsumer.doInvokeOnMessage(KafkaMessageListenerContainer.java:2875) ~[spring-kafka-3.3.0.jar!/:3.3.0]
	at org.springframework.kafka.listener.KafkaMessageListenerContainer$ListenerConsumer.invokeOnMessage(KafkaMessageListenerContainer.java:2853) ~[spring-kafka-3.3.0.jar!/:3.3.0]
	at org.springframework.kafka.listener.KafkaMessageListenerContainer$ListenerConsumer.doInvokeRecordListener(KafkaMessageListenerContainer.java:2766) ~[spring-kafka-3.3.0.jar!/:3.3.0]
	at org.springframework.kafka.listener.KafkaMessageListenerContainer$ListenerConsumer.doInvokeWithRecords(KafkaMessageListenerContainer.java:2604) ~[spring-kafka-3.3.0.jar!/:3.3.0]
	at org.springframework.kafka.listener.KafkaMessageListenerContainer$ListenerConsumer.invokeRecordListener(KafkaMessageListenerContainer.java:2493) ~[spring-kafka-3.3.0.jar!/:3.3.0]
	at org.springframework.kafka.listener.KafkaMessageListenerContainer$ListenerConsumer.invokeListener(KafkaMessageListenerContainer.java:2144) ~[spring-kafka-3.3.0.jar!/:3.3.0]
	at org.springframework.kafka.listener.KafkaMessageListenerContainer$ListenerConsumer.invokeIfHaveRecords(KafkaMessageListenerContainer.java:1520) ~[spring-kafka-3.3.0.jar!/:3.3.0]
	at org.springframework.kafka.listener.KafkaMessageListenerContainer$ListenerConsumer.pollAndInvoke(KafkaMessageListenerContainer.java:1458) ~[spring-kafka-3.3.0.jar!/:3.3.0]
	at org.springframework.kafka.listener.KafkaMessageListenerContainer$ListenerConsumer.run(KafkaMessageListenerContainer.java:1327) ~[spring-kafka-3.3.0.jar!/:3.3.0]
	at java.base/java.util.concurrent.CompletableFuture$AsyncRun.run(CompletableFuture.java:1804) ~[na:na]
	at java.base/java.lang.Thread.run(Thread.java:840) ~[na:na]
Caused by: jakarta.mail.AuthenticationFailedException: failed to connect, no password specified?
	at jakarta.mail.Service.connect(Service.java:379) ~[jakarta.mail-2.0.3.jar!/:na]
	at org.springframework.mail.javamail.JavaMailSenderImpl.connectTransport(JavaMailSenderImpl.java:480) ~[spring-context-support-6.2.0.jar!/:6.2.0]
	at org.springframework.mail.javamail.JavaMailSenderImpl.doSend(JavaMailSenderImpl.java:399) ~[spring-context-support-6.2.0.jar!/:6.2.0]
	... 29 common frames omitted

2026-06-22T18:59:22.593+05:30  WARN 80684 --- [notification-service] [ntainer#0-1-C-1] c.t.n.s.NotificationOrchestrationService : [NOTIFICATION] ⚠ Delivery complete with failures | userId=253 | type=INTERVIEW_SCHEDULED | success=1 | failure=1
2026-06-22T19:03:18.886+05:30  INFO 80684 --- [notification-service] [ntainer#0-1-C-1] c.t.n.c.NotificationKafkaConsumer        : [NOTIFICATION-CONSUMER] ▶ Message received | topic=notification.send | partition=1 | offset=25
2026-06-22T19:03:18.889+05:30  INFO 80684 --- [notification-service] [ntainer#0-1-C-1] c.t.n.c.NotificationKafkaConsumer        : [NOTIFICATION-CONSUMER] ▶ Payload deserialized | type=INTERVIEW_UPDATED | userId=253 | channels=[IN_APP, EMAIL] | emailPresent=true
2026-06-22T19:03:18.889+05:30  INFO 80684 --- [notification-service] [ntainer#0-1-C-1] c.t.kafka.consumer.BaseKafkaConsumer     : [KAFKA-CONSUMER] Received event | type=NOTIFICATION_SEND | eventId=0b8b3153-e2b5-4e1d-bbe9-cbc2a0c263c4 | source=interview-service | correlationId=00c9d448-8bed-4bb0-a6d4-4129835bd11c
2026-06-22T19:03:18.889+05:30  INFO 80684 --- [notification-service] [ntainer#0-1-C-1] c.t.n.s.NotificationOrchestrationService : [NOTIFICATION] ▶ Processing | userId=253 | type=INTERVIEW_UPDATED | channels=[IN_APP, EMAIL] | ref=INTERVIEW:202 | emailPresent=true
2026-06-22T19:03:18.889+05:30  INFO 80684 --- [notification-service] [ntainer#0-1-C-1] c.t.n.s.NotificationOrchestrationService : [NOTIFICATION] ▶ Attempting channel='IN_APP' | userId=253 | type=INTERVIEW_UPDATED
2026-06-22T19:03:18.889+05:30  INFO 80684 --- [notification-service] [ntainer#0-1-C-1] c.t.n.channel.InAppNotificationChannel   : [IN-APP] Persisting notification | userId=253 | type=INTERVIEW_UPDATED | ref=INTERVIEW:202
2026-06-22T19:03:18.900+05:30  INFO 80684 --- [notification-service] [ntainer#0-1-C-1] c.t.n.channel.InAppNotificationChannel   : [IN-APP] Notification persisted | id=75 | userId=253 | type=INTERVIEW_UPDATED
2026-06-22T19:03:18.900+05:30  INFO 80684 --- [notification-service] [ntainer#0-1-C-1] c.t.n.s.NotificationOrchestrationService : [NOTIFICATION] ✓ Channel='IN_APP' delivered | userId=253 | type=INTERVIEW_UPDATED
2026-06-22T19:03:18.900+05:30  INFO 80684 --- [notification-service] [ntainer#0-1-C-1] c.t.n.s.NotificationOrchestrationService : [NOTIFICATION] ▶ Attempting channel='EMAIL' | userId=253 | type=INTERVIEW_UPDATED
2026-06-22T19:03:18.900+05:30  INFO 80684 --- [notification-service] [ntainer#0-1-C-1] c.t.n.channel.EmailNotificationChannel   : [EMAIL] ▶ Starting email delivery | userId=253 | type=INTERVIEW_UPDATED | templateId=interview-updated | toPresent=true
2026-06-22T19:03:18.902+05:30 ERROR 80684 --- [notification-service] [ntainer#0-1-C-1] org.thymeleaf.TemplateEngine             : [THYMELEAF][org.springframework.kafka.KafkaListenerEndpointContainer#0-1-C-1] Exception processing template "email/interview-updated": Error resolving template [email/interview-updated], template might not exist or might not be accessible by any of the configured Template Resolvers

org.thymeleaf.exceptions.TemplateInputException: Error resolving template [email/interview-updated], template might not exist or might not be accessible by any of the configured Template Resolvers
	at org.thymeleaf.engine.TemplateManager.resolveTemplate(TemplateManager.java:869) ~[thymeleaf-3.1.2.RELEASE.jar!/:3.1.2.RELEASE]
	at org.thymeleaf.engine.TemplateManager.parseAndProcess(TemplateManager.java:607) ~[thymeleaf-3.1.2.RELEASE.jar!/:3.1.2.RELEASE]
	at org.thymeleaf.TemplateEngine.process(TemplateEngine.java:1103) ~[thymeleaf-3.1.2.RELEASE.jar!/:3.1.2.RELEASE]
	at org.thymeleaf.TemplateEngine.process(TemplateEngine.java:1064) ~[thymeleaf-3.1.2.RELEASE.jar!/:3.1.2.RELEASE]
	at org.thymeleaf.TemplateEngine.process(TemplateEngine.java:1053) ~[thymeleaf-3.1.2.RELEASE.jar!/:3.1.2.RELEASE]
	at com.talentgrid.notification.channel.EmailNotificationChannel.resolveContent(EmailNotificationChannel.java:136) ~[!/:1.0.0-SNAPSHOT]
	at com.talentgrid.notification.channel.EmailNotificationChannel.deliver(EmailNotificationChannel.java:75) ~[!/:1.0.0-SNAPSHOT]
	at com.talentgrid.notification.service.NotificationOrchestrationService.process(NotificationOrchestrationService.java:78) ~[!/:1.0.0-SNAPSHOT]
	at com.talentgrid.notification.consumer.NotificationKafkaConsumer.handleEvent(NotificationKafkaConsumer.java:83) ~[!/:1.0.0-SNAPSHOT]
	at com.talentgrid.kafka.consumer.BaseKafkaConsumer.process(BaseKafkaConsumer.java:13) ~[talentgrid-kafka-1.0.0-SNAPSHOT.jar!/:1.0.0-SNAPSHOT]
	at com.talentgrid.notification.consumer.NotificationKafkaConsumer.onMessage(NotificationKafkaConsumer.java:71) ~[!/:1.0.0-SNAPSHOT]
	at jdk.internal.reflect.GeneratedMethodAccessor33.invoke(Unknown Source) ~[na:na]
	at java.base/jdk.internal.reflect.DelegatingMethodAccessorImpl.invoke(DelegatingMethodAccessorImpl.java:43) ~[na:na]
	at java.base/java.lang.reflect.Method.invoke(Method.java:569) ~[na:na]
	at org.springframework.messaging.handler.invocation.InvocableHandlerMethod.doInvoke(InvocableHandlerMethod.java:169) ~[spring-messaging-6.2.0.jar!/:6.2.0]
	at org.springframework.kafka.listener.adapter.KotlinAwareInvocableHandlerMethod.doInvoke(KotlinAwareInvocableHandlerMethod.java:45) ~[spring-kafka-3.3.0.jar!/:3.3.0]
	at org.springframework.messaging.handler.invocation.InvocableHandlerMethod.invoke(InvocableHandlerMethod.java:119) ~[spring-messaging-6.2.0.jar!/:6.2.0]
	at org.springframework.kafka.listener.adapter.HandlerAdapter.invoke(HandlerAdapter.java:71) ~[spring-kafka-3.3.0.jar!/:3.3.0]
	at org.springframework.kafka.listener.adapter.MessagingMessageListenerAdapter.invokeHandler(MessagingMessageListenerAdapter.java:474) ~[spring-kafka-3.3.0.jar!/:3.3.0]
	at org.springframework.kafka.listener.adapter.MessagingMessageListenerAdapter.invoke(MessagingMessageListenerAdapter.java:421) ~[spring-kafka-3.3.0.jar!/:3.3.0]
	at org.springframework.kafka.listener.adapter.RecordMessagingMessageListenerAdapter.onMessage(RecordMessagingMessageListenerAdapter.java:85) ~[spring-kafka-3.3.0.jar!/:3.3.0]
	at org.springframework.kafka.listener.adapter.RecordMessagingMessageListenerAdapter.onMessage(RecordMessagingMessageListenerAdapter.java:50) ~[spring-kafka-3.3.0.jar!/:3.3.0]
	at org.springframework.kafka.listener.KafkaMessageListenerContainer$ListenerConsumer.doInvokeOnMessage(KafkaMessageListenerContainer.java:2875) ~[spring-kafka-3.3.0.jar!/:3.3.0]
	at org.springframework.kafka.listener.KafkaMessageListenerContainer$ListenerConsumer.invokeOnMessage(KafkaMessageListenerContainer.java:2853) ~[spring-kafka-3.3.0.jar!/:3.3.0]
	at org.springframework.kafka.listener.KafkaMessageListenerContainer$ListenerConsumer.doInvokeRecordListener(KafkaMessageListenerContainer.java:2766) ~[spring-kafka-3.3.0.jar!/:3.3.0]
	at org.springframework.kafka.listener.KafkaMessageListenerContainer$ListenerConsumer.doInvokeWithRecords(KafkaMessageListenerContainer.java:2604) ~[spring-kafka-3.3.0.jar!/:3.3.0]
	at org.springframework.kafka.listener.KafkaMessageListenerContainer$ListenerConsumer.invokeRecordListener(KafkaMessageListenerContainer.java:2493) ~[spring-kafka-3.3.0.jar!/:3.3.0]
	at org.springframework.kafka.listener.KafkaMessageListenerContainer$ListenerConsumer.invokeListener(KafkaMessageListenerContainer.java:2144) ~[spring-kafka-3.3.0.jar!/:3.3.0]
	at org.springframework.kafka.listener.KafkaMessageListenerContainer$ListenerConsumer.invokeIfHaveRecords(KafkaMessageListenerContainer.java:1520) ~[spring-kafka-3.3.0.jar!/:3.3.0]
	at org.springframework.kafka.listener.KafkaMessageListenerContainer$ListenerConsumer.pollAndInvoke(KafkaMessageListenerContainer.java:1458) ~[spring-kafka-3.3.0.jar!/:3.3.0]
	at org.springframework.kafka.listener.KafkaMessageListenerContainer$ListenerConsumer.run(KafkaMessageListenerContainer.java:1327) ~[spring-kafka-3.3.0.jar!/:3.3.0]
	at java.base/java.util.concurrent.CompletableFuture$AsyncRun.run(CompletableFuture.java:1804) ~[na:na]
	at java.base/java.lang.Thread.run(Thread.java:840) ~[na:na]

2026-06-22T19:03:18.904+05:30  WARN 80684 --- [notification-service] [ntainer#0-1-C-1] c.t.n.channel.EmailNotificationChannel   : [EMAIL] Template 'interview-updated' failed to render — falling back to plain HTML. Check that templates/email/interview-updated.html exists in notification-service resources. Error: Error resolving template [email/interview-updated], template might not exist or might not be accessible by any of the configured Template Resolvers
2026-06-22T19:03:18.907+05:30  INFO 80684 --- [notification-service] [ntainer#0-1-C-1] c.t.n.channel.EmailNotificationChannel   : [EMAIL] ▶ Invoking SMTP send | host=smtp.gmail.com | port=587 | userId=253
2026-06-22T19:03:18.962+05:30 ERROR 80684 --- [notification-service] [ntainer#0-1-C-1] c.t.n.channel.EmailNotificationChannel   : [EMAIL] ✗ SMTP authentication failed — check spring.mail.password in application.properties. Gmail requires an App Password (not your account password). Generate one at: https://myaccount.google.com/apppasswords | error=Authentication failed
2026-06-22T19:03:18.962+05:30 ERROR 80684 --- [notification-service] [ntainer#0-1-C-1] c.t.n.s.NotificationOrchestrationService : [NOTIFICATION] ✗ Channel='EMAIL' delivery failed | userId=253 | type=INTERVIEW_UPDATED | error=Authentication failed

org.springframework.mail.MailAuthenticationException: Authentication failed
	at org.springframework.mail.javamail.JavaMailSenderImpl.doSend(JavaMailSenderImpl.java:402) ~[spring-context-support-6.2.0.jar!/:6.2.0]
	at org.springframework.mail.javamail.JavaMailSenderImpl.send(JavaMailSenderImpl.java:350) ~[spring-context-support-6.2.0.jar!/:6.2.0]
	at org.springframework.mail.javamail.JavaMailSender.send(JavaMailSender.java:101) ~[spring-context-support-6.2.0.jar!/:6.2.0]
	at com.talentgrid.notification.channel.EmailNotificationChannel.deliver(EmailNotificationChannel.java:94) ~[!/:1.0.0-SNAPSHOT]
	at com.talentgrid.notification.service.NotificationOrchestrationService.process(NotificationOrchestrationService.java:78) ~[!/:1.0.0-SNAPSHOT]
	at com.talentgrid.notification.consumer.NotificationKafkaConsumer.handleEvent(NotificationKafkaConsumer.java:83) ~[!/:1.0.0-SNAPSHOT]
	at com.talentgrid.kafka.consumer.BaseKafkaConsumer.process(BaseKafkaConsumer.java:13) ~[talentgrid-kafka-1.0.0-SNAPSHOT.jar!/:1.0.0-SNAPSHOT]
	at com.talentgrid.notification.consumer.NotificationKafkaConsumer.onMessage(NotificationKafkaConsumer.java:71) ~[!/:1.0.0-SNAPSHOT]
	at jdk.internal.reflect.GeneratedMethodAccessor33.invoke(Unknown Source) ~[na:na]
	at java.base/jdk.internal.reflect.DelegatingMethodAccessorImpl.invoke(DelegatingMethodAccessorImpl.java:43) ~[na:na]
	at java.base/java.lang.reflect.Method.invoke(Method.java:569) ~[na:na]
	at org.springframework.messaging.handler.invocation.InvocableHandlerMethod.doInvoke(InvocableHandlerMethod.java:169) ~[spring-messaging-6.2.0.jar!/:6.2.0]
	at org.springframework.kafka.listener.adapter.KotlinAwareInvocableHandlerMethod.doInvoke(KotlinAwareInvocableHandlerMethod.java:45) ~[spring-kafka-3.3.0.jar!/:3.3.0]
	at org.springframework.messaging.handler.invocation.InvocableHandlerMethod.invoke(InvocableHandlerMethod.java:119) ~[spring-messaging-6.2.0.jar!/:6.2.0]
	at org.springframework.kafka.listener.adapter.HandlerAdapter.invoke(HandlerAdapter.java:71) ~[spring-kafka-3.3.0.jar!/:3.3.0]
	at org.springframework.kafka.listener.adapter.MessagingMessageListenerAdapter.invokeHandler(MessagingMessageListenerAdapter.java:474) ~[spring-kafka-3.3.0.jar!/:3.3.0]
	at org.springframework.kafka.listener.adapter.MessagingMessageListenerAdapter.invoke(MessagingMessageListenerAdapter.java:421) ~[spring-kafka-3.3.0.jar!/:3.3.0]
	at org.springframework.kafka.listener.adapter.RecordMessagingMessageListenerAdapter.onMessage(RecordMessagingMessageListenerAdapter.java:85) ~[spring-kafka-3.3.0.jar!/:3.3.0]
	at org.springframework.kafka.listener.adapter.RecordMessagingMessageListenerAdapter.onMessage(RecordMessagingMessageListenerAdapter.java:50) ~[spring-kafka-3.3.0.jar!/:3.3.0]
	at org.springframework.kafka.listener.KafkaMessageListenerContainer$ListenerConsumer.doInvokeOnMessage(KafkaMessageListenerContainer.java:2875) ~[spring-kafka-3.3.0.jar!/:3.3.0]
	at org.springframework.kafka.listener.KafkaMessageListenerContainer$ListenerConsumer.invokeOnMessage(KafkaMessageListenerContainer.java:2853) ~[spring-kafka-3.3.0.jar!/:3.3.0]
	at org.springframework.kafka.listener.KafkaMessageListenerContainer$ListenerConsumer.doInvokeRecordListener(KafkaMessageListenerContainer.java:2766) ~[spring-kafka-3.3.0.jar!/:3.3.0]
	at org.springframework.kafka.listener.KafkaMessageListenerContainer$ListenerConsumer.doInvokeWithRecords(KafkaMessageListenerContainer.java:2604) ~[spring-kafka-3.3.0.jar!/:3.3.0]
	at org.springframework.kafka.listener.KafkaMessageListenerContainer$ListenerConsumer.invokeRecordListener(KafkaMessageListenerContainer.java:2493) ~[spring-kafka-3.3.0.jar!/:3.3.0]
	at org.springframework.kafka.listener.KafkaMessageListenerContainer$ListenerConsumer.invokeListener(KafkaMessageListenerContainer.java:2144) ~[spring-kafka-3.3.0.jar!/:3.3.0]
	at org.springframework.kafka.listener.KafkaMessageListenerContainer$ListenerConsumer.invokeIfHaveRecords(KafkaMessageListenerContainer.java:1520) ~[spring-kafka-3.3.0.jar!/:3.3.0]
	at org.springframework.kafka.listener.KafkaMessageListenerContainer$ListenerConsumer.pollAndInvoke(KafkaMessageListenerContainer.java:1458) ~[spring-kafka-3.3.0.jar!/:3.3.0]
	at org.springframework.kafka.listener.KafkaMessageListenerContainer$ListenerConsumer.run(KafkaMessageListenerContainer.java:1327) ~[spring-kafka-3.3.0.jar!/:3.3.0]
	at java.base/java.util.concurrent.CompletableFuture$AsyncRun.run(CompletableFuture.java:1804) ~[na:na]
	at java.base/java.lang.Thread.run(Thread.java:840) ~[na:na]
Caused by: jakarta.mail.AuthenticationFailedException: failed to connect, no password specified?
	at jakarta.mail.Service.connect(Service.java:379) ~[jakarta.mail-2.0.3.jar!/:na]
	at org.springframework.mail.javamail.JavaMailSenderImpl.connectTransport(JavaMailSenderImpl.java:480) ~[spring-context-support-6.2.0.jar!/:6.2.0]
	at org.springframework.mail.javamail.JavaMailSenderImpl.doSend(JavaMailSenderImpl.java:399) ~[spring-context-support-6.2.0.jar!/:6.2.0]
	... 29 common frames omitted

2026-06-22T19:03:18.963+05:30  WARN 80684 --- [notification-service] [ntainer#0-1-C-1] c.t.n.s.NotificationOrchestrationService : [NOTIFICATION] ⚠ Delivery complete with failures | userId=253 | type=INTERVIEW_UPDATED | success=1 | failure=1
2026-06-22T19:03:37.476+05:30  INFO 80684 --- [notification-service] [ntainer#0-1-C-1] c.t.n.c.NotificationKafkaConsumer        : [NOTIFICATION-CONSUMER] ▶ Message received | topic=notification.send | partition=1 | offset=26
2026-06-22T19:03:37.480+05:30  INFO 80684 --- [notification-service] [ntainer#0-1-C-1] c.t.n.c.NotificationKafkaConsumer        : [NOTIFICATION-CONSUMER] ▶ Payload deserialized | type=INTERVIEW_COMPLETED | userId=253 | channels=[IN_APP, EMAIL] | emailPresent=true
2026-06-22T19:03:37.480+05:30  INFO 80684 --- [notification-service] [ntainer#0-1-C-1] c.t.kafka.consumer.BaseKafkaConsumer     : [KAFKA-CONSUMER] Received event | type=NOTIFICATION_SEND | eventId=b2965232-5b4c-4c33-9a61-a2a8b0f0ae8d | source=interview-service | correlationId=346c5d9f-964e-4cbd-a667-58dd435ab1d0
2026-06-22T19:03:37.480+05:30  INFO 80684 --- [notification-service] [ntainer#0-1-C-1] c.t.n.s.NotificationOrchestrationService : [NOTIFICATION] ▶ Processing | userId=253 | type=INTERVIEW_COMPLETED | channels=[IN_APP, EMAIL] | ref=INTERVIEW:202 | emailPresent=true
2026-06-22T19:03:37.480+05:30  INFO 80684 --- [notification-service] [ntainer#0-1-C-1] c.t.n.s.NotificationOrchestrationService : [NOTIFICATION] ▶ Attempting channel='IN_APP' | userId=253 | type=INTERVIEW_COMPLETED
2026-06-22T19:03:37.480+05:30  INFO 80684 --- [notification-service] [ntainer#0-1-C-1] c.t.n.channel.InAppNotificationChannel   : [IN-APP] Persisting notification | userId=253 | type=INTERVIEW_COMPLETED | ref=INTERVIEW:202
2026-06-22T19:03:37.500+05:30  INFO 80684 --- [notification-service] [ntainer#0-1-C-1] c.t.n.channel.InAppNotificationChannel   : [IN-APP] Notification persisted | id=76 | userId=253 | type=INTERVIEW_COMPLETED
2026-06-22T19:03:37.500+05:30  INFO 80684 --- [notification-service] [ntainer#0-1-C-1] c.t.n.s.NotificationOrchestrationService : [NOTIFICATION] ✓ Channel='IN_APP' delivered | userId=253 | type=INTERVIEW_COMPLETED
2026-06-22T19:03:37.500+05:30  INFO 80684 --- [notification-service] [ntainer#0-1-C-1] c.t.n.s.NotificationOrchestrationService : [NOTIFICATION] ▶ Attempting channel='EMAIL' | userId=253 | type=INTERVIEW_COMPLETED
2026-06-22T19:03:37.500+05:30  INFO 80684 --- [notification-service] [ntainer#0-1-C-1] c.t.n.channel.EmailNotificationChannel   : [EMAIL] ▶ Starting email delivery | userId=253 | type=INTERVIEW_COMPLETED | templateId=interview-completed | toPresent=true
2026-06-22T19:03:37.501+05:30 ERROR 80684 --- [notification-service] [ntainer#0-1-C-1] org.thymeleaf.TemplateEngine             : [THYMELEAF][org.springframework.kafka.KafkaListenerEndpointContainer#0-1-C-1] Exception processing template "email/interview-completed": Error resolving template [email/interview-completed], template might not exist or might not be accessible by any of the configured Template Resolvers

org.thymeleaf.exceptions.TemplateInputException: Error resolving template [email/interview-completed], template might not exist or might not be accessible by any of the configured Template Resolvers
	at org.thymeleaf.engine.TemplateManager.resolveTemplate(TemplateManager.java:869) ~[thymeleaf-3.1.2.RELEASE.jar!/:3.1.2.RELEASE]
	at org.thymeleaf.engine.TemplateManager.parseAndProcess(TemplateManager.java:607) ~[thymeleaf-3.1.2.RELEASE.jar!/:3.1.2.RELEASE]
	at org.thymeleaf.TemplateEngine.process(TemplateEngine.java:1103) ~[thymeleaf-3.1.2.RELEASE.jar!/:3.1.2.RELEASE]
	at org.thymeleaf.TemplateEngine.process(TemplateEngine.java:1064) ~[thymeleaf-3.1.2.RELEASE.jar!/:3.1.2.RELEASE]
	at org.thymeleaf.TemplateEngine.process(TemplateEngine.java:1053) ~[thymeleaf-3.1.2.RELEASE.jar!/:3.1.2.RELEASE]
	at com.talentgrid.notification.channel.EmailNotificationChannel.resolveContent(EmailNotificationChannel.java:136) ~[!/:1.0.0-SNAPSHOT]
	at com.talentgrid.notification.channel.EmailNotificationChannel.deliver(EmailNotificationChannel.java:75) ~[!/:1.0.0-SNAPSHOT]
	at com.talentgrid.notification.service.NotificationOrchestrationService.process(NotificationOrchestrationService.java:78) ~[!/:1.0.0-SNAPSHOT]
	at com.talentgrid.notification.consumer.NotificationKafkaConsumer.handleEvent(NotificationKafkaConsumer.java:83) ~[!/:1.0.0-SNAPSHOT]
	at com.talentgrid.kafka.consumer.BaseKafkaConsumer.process(BaseKafkaConsumer.java:13) ~[talentgrid-kafka-1.0.0-SNAPSHOT.jar!/:1.0.0-SNAPSHOT]
	at com.talentgrid.notification.consumer.NotificationKafkaConsumer.onMessage(NotificationKafkaConsumer.java:71) ~[!/:1.0.0-SNAPSHOT]
	at jdk.internal.reflect.GeneratedMethodAccessor33.invoke(Unknown Source) ~[na:na]
	at java.base/jdk.internal.reflect.DelegatingMethodAccessorImpl.invoke(DelegatingMethodAccessorImpl.java:43) ~[na:na]
	at java.base/java.lang.reflect.Method.invoke(Method.java:569) ~[na:na]
	at org.springframework.messaging.handler.invocation.InvocableHandlerMethod.doInvoke(InvocableHandlerMethod.java:169) ~[spring-messaging-6.2.0.jar!/:6.2.0]
	at org.springframework.kafka.listener.adapter.KotlinAwareInvocableHandlerMethod.doInvoke(KotlinAwareInvocableHandlerMethod.java:45) ~[spring-kafka-3.3.0.jar!/:3.3.0]
	at org.springframework.messaging.handler.invocation.InvocableHandlerMethod.invoke(InvocableHandlerMethod.java:119) ~[spring-messaging-6.2.0.jar!/:6.2.0]
	at org.springframework.kafka.listener.adapter.HandlerAdapter.invoke(HandlerAdapter.java:71) ~[spring-kafka-3.3.0.jar!/:3.3.0]
	at org.springframework.kafka.listener.adapter.MessagingMessageListenerAdapter.invokeHandler(MessagingMessageListenerAdapter.java:474) ~[spring-kafka-3.3.0.jar!/:3.3.0]
	at org.springframework.kafka.listener.adapter.MessagingMessageListenerAdapter.invoke(MessagingMessageListenerAdapter.java:421) ~[spring-kafka-3.3.0.jar!/:3.3.0]
	at org.springframework.kafka.listener.adapter.RecordMessagingMessageListenerAdapter.onMessage(RecordMessagingMessageListenerAdapter.java:85) ~[spring-kafka-3.3.0.jar!/:3.3.0]
	at org.springframework.kafka.listener.adapter.RecordMessagingMessageListenerAdapter.onMessage(RecordMessagingMessageListenerAdapter.java:50) ~[spring-kafka-3.3.0.jar!/:3.3.0]
	at org.springframework.kafka.listener.KafkaMessageListenerContainer$ListenerConsumer.doInvokeOnMessage(KafkaMessageListenerContainer.java:2875) ~[spring-kafka-3.3.0.jar!/:3.3.0]
	at org.springframework.kafka.listener.KafkaMessageListenerContainer$ListenerConsumer.invokeOnMessage(KafkaMessageListenerContainer.java:2853) ~[spring-kafka-3.3.0.jar!/:3.3.0]
	at org.springframework.kafka.listener.KafkaMessageListenerContainer$ListenerConsumer.doInvokeRecordListener(KafkaMessageListenerContainer.java:2766) ~[spring-kafka-3.3.0.jar!/:3.3.0]
	at org.springframework.kafka.listener.KafkaMessageListenerContainer$ListenerConsumer.doInvokeWithRecords(KafkaMessageListenerContainer.java:2604) ~[spring-kafka-3.3.0.jar!/:3.3.0]
	at org.springframework.kafka.listener.KafkaMessageListenerContainer$ListenerConsumer.invokeRecordListener(KafkaMessageListenerContainer.java:2493) ~[spring-kafka-3.3.0.jar!/:3.3.0]
	at org.springframework.kafka.listener.KafkaMessageListenerContainer$ListenerConsumer.invokeListener(KafkaMessageListenerContainer.java:2144) ~[spring-kafka-3.3.0.jar!/:3.3.0]
	at org.springframework.kafka.listener.KafkaMessageListenerContainer$ListenerConsumer.invokeIfHaveRecords(KafkaMessageListenerContainer.java:1520) ~[spring-kafka-3.3.0.jar!/:3.3.0]
	at org.springframework.kafka.listener.KafkaMessageListenerContainer$ListenerConsumer.pollAndInvoke(KafkaMessageListenerContainer.java:1458) ~[spring-kafka-3.3.0.jar!/:3.3.0]
	at org.springframework.kafka.listener.KafkaMessageListenerContainer$ListenerConsumer.run(KafkaMessageListenerContainer.java:1327) ~[spring-kafka-3.3.0.jar!/:3.3.0]
	at java.base/java.util.concurrent.CompletableFuture$AsyncRun.run(CompletableFuture.java:1804) ~[na:na]
	at java.base/java.lang.Thread.run(Thread.java:840) ~[na:na]

2026-06-22T19:03:37.503+05:30  WARN 80684 --- [notification-service] [ntainer#0-1-C-1] c.t.n.channel.EmailNotificationChannel   : [EMAIL] Template 'interview-completed' failed to render — falling back to plain HTML. Check that templates/email/interview-completed.html exists in notification-service resources. Error: Error resolving template [email/interview-completed], template might not exist or might not be accessible by any of the configured Template Resolvers
2026-06-22T19:03:37.507+05:30  INFO 80684 --- [notification-service] [ntainer#0-1-C-1] c.t.n.channel.EmailNotificationChannel   : [EMAIL] ▶ Invoking SMTP send | host=smtp.gmail.com | port=587 | userId=253
2026-06-22T19:03:37.508+05:30 ERROR 80684 --- [notification-service] [ntainer#0-1-C-1] c.t.n.channel.EmailNotificationChannel   : [EMAIL] ✗ SMTP authentication failed — check spring.mail.password in application.properties. Gmail requires an App Password (not your account password). Generate one at: https://myaccount.google.com/apppasswords | error=Authentication failed
2026-06-22T19:03:37.508+05:30 ERROR 80684 --- [notification-service] [ntainer#0-1-C-1] c.t.n.s.NotificationOrchestrationService : [NOTIFICATION] ✗ Channel='EMAIL' delivery failed | userId=253 | type=INTERVIEW_COMPLETED | error=Authentication failed

org.springframework.mail.MailAuthenticationException: Authentication failed
	at org.springframework.mail.javamail.JavaMailSenderImpl.doSend(JavaMailSenderImpl.java:402) ~[spring-context-support-6.2.0.jar!/:6.2.0]
	at org.springframework.mail.javamail.JavaMailSenderImpl.send(JavaMailSenderImpl.java:350) ~[spring-context-support-6.2.0.jar!/:6.2.0]
	at org.springframework.mail.javamail.JavaMailSender.send(JavaMailSender.java:101) ~[spring-context-support-6.2.0.jar!/:6.2.0]
	at com.talentgrid.notification.channel.EmailNotificationChannel.deliver(EmailNotificationChannel.java:94) ~[!/:1.0.0-SNAPSHOT]
	at com.talentgrid.notification.service.NotificationOrchestrationService.process(NotificationOrchestrationService.java:78) ~[!/:1.0.0-SNAPSHOT]
	at com.talentgrid.notification.consumer.NotificationKafkaConsumer.handleEvent(NotificationKafkaConsumer.java:83) ~[!/:1.0.0-SNAPSHOT]
	at com.talentgrid.kafka.consumer.BaseKafkaConsumer.process(BaseKafkaConsumer.java:13) ~[talentgrid-kafka-1.0.0-SNAPSHOT.jar!/:1.0.0-SNAPSHOT]
	at com.talentgrid.notification.consumer.NotificationKafkaConsumer.onMessage(NotificationKafkaConsumer.java:71) ~[!/:1.0.0-SNAPSHOT]
	at jdk.internal.reflect.GeneratedMethodAccessor33.invoke(Unknown Source) ~[na:na]
	at java.base/jdk.internal.reflect.DelegatingMethodAccessorImpl.invoke(DelegatingMethodAccessorImpl.java:43) ~[na:na]
	at java.base/java.lang.reflect.Method.invoke(Method.java:569) ~[na:na]
	at org.springframework.messaging.handler.invocation.InvocableHandlerMethod.doInvoke(InvocableHandlerMethod.java:169) ~[spring-messaging-6.2.0.jar!/:6.2.0]
	at org.springframework.kafka.listener.adapter.KotlinAwareInvocableHandlerMethod.doInvoke(KotlinAwareInvocableHandlerMethod.java:45) ~[spring-kafka-3.3.0.jar!/:3.3.0]
	at org.springframework.messaging.handler.invocation.InvocableHandlerMethod.invoke(InvocableHandlerMethod.java:119) ~[spring-messaging-6.2.0.jar!/:6.2.0]
	at org.springframework.kafka.listener.adapter.HandlerAdapter.invoke(HandlerAdapter.java:71) ~[spring-kafka-3.3.0.jar!/:3.3.0]
	at org.springframework.kafka.listener.adapter.MessagingMessageListenerAdapter.invokeHandler(MessagingMessageListenerAdapter.java:474) ~[spring-kafka-3.3.0.jar!/:3.3.0]
	at org.springframework.kafka.listener.adapter.MessagingMessageListenerAdapter.invoke(MessagingMessageListenerAdapter.java:421) ~[spring-kafka-3.3.0.jar!/:3.3.0]
	at org.springframework.kafka.listener.adapter.RecordMessagingMessageListenerAdapter.onMessage(RecordMessagingMessageListenerAdapter.java:85) ~[spring-kafka-3.3.0.jar!/:3.3.0]
	at org.springframework.kafka.listener.adapter.RecordMessagingMessageListenerAdapter.onMessage(RecordMessagingMessageListenerAdapter.java:50) ~[spring-kafka-3.3.0.jar!/:3.3.0]
	at org.springframework.kafka.listener.KafkaMessageListenerContainer$ListenerConsumer.doInvokeOnMessage(KafkaMessageListenerContainer.java:2875) ~[spring-kafka-3.3.0.jar!/:3.3.0]
	at org.springframework.kafka.listener.KafkaMessageListenerContainer$ListenerConsumer.invokeOnMessage(KafkaMessageListenerContainer.java:2853) ~[spring-kafka-3.3.0.jar!/:3.3.0]
	at org.springframework.kafka.listener.KafkaMessageListenerContainer$ListenerConsumer.doInvokeRecordListener(KafkaMessageListenerContainer.java:2766) ~[spring-kafka-3.3.0.jar!/:3.3.0]
	at org.springframework.kafka.listener.KafkaMessageListenerContainer$ListenerConsumer.doInvokeWithRecords(KafkaMessageListenerContainer.java:2604) ~[spring-kafka-3.3.0.jar!/:3.3.0]
	at org.springframework.kafka.listener.KafkaMessageListenerContainer$ListenerConsumer.invokeRecordListener(KafkaMessageListenerContainer.java:2493) ~[spring-kafka-3.3.0.jar!/:3.3.0]
	at org.springframework.kafka.listener.KafkaMessageListenerContainer$ListenerConsumer.invokeListener(KafkaMessageListenerContainer.java:2144) ~[spring-kafka-3.3.0.jar!/:3.3.0]
	at org.springframework.kafka.listener.KafkaMessageListenerContainer$ListenerConsumer.invokeIfHaveRecords(KafkaMessageListenerContainer.java:1520) ~[spring-kafka-3.3.0.jar!/:3.3.0]
	at org.springframework.kafka.listener.KafkaMessageListenerContainer$ListenerConsumer.pollAndInvoke(KafkaMessageListenerContainer.java:1458) ~[spring-kafka-3.3.0.jar!/:3.3.0]
	at org.springframework.kafka.listener.KafkaMessageListenerContainer$ListenerConsumer.run(KafkaMessageListenerContainer.java:1327) ~[spring-kafka-3.3.0.jar!/:3.3.0]
	at java.base/java.util.concurrent.CompletableFuture$AsyncRun.run(CompletableFuture.java:1804) ~[na:na]
	at java.base/java.lang.Thread.run(Thread.java:840) ~[na:na]
Caused by: jakarta.mail.AuthenticationFailedException: failed to connect, no password specified?
	at jakarta.mail.Service.connect(Service.java:379) ~[jakarta.mail-2.0.3.jar!/:na]
	at org.springframework.mail.javamail.JavaMailSenderImpl.connectTransport(JavaMailSenderImpl.java:480) ~[spring-context-support-6.2.0.jar!/:6.2.0]
	at org.springframework.mail.javamail.JavaMailSenderImpl.doSend(JavaMailSenderImpl.java:399) ~[spring-context-support-6.2.0.jar!/:6.2.0]
	... 29 common frames omitted

2026-06-22T19:03:37.508+05:30  WARN 80684 --- [notification-service] [ntainer#0-1-C-1] c.t.n.s.NotificationOrchestrationService : [NOTIFICATION] ⚠ Delivery complete with failures | userId=253 | type=INTERVIEW_COMPLETED | success=1 | failure=1
2026-06-22T19:04:04.941+05:30  INFO 80684 --- [notification-service] [ntainer#0-1-C-1] c.t.n.c.NotificationKafkaConsumer        : [NOTIFICATION-CONSUMER] ▶ Message received | topic=notification.send | partition=1 | offset=27
2026-06-22T19:04:04.947+05:30  INFO 80684 --- [notification-service] [ntainer#0-1-C-1] c.t.n.c.NotificationKafkaConsumer        : [NOTIFICATION-CONSUMER] ▶ Payload deserialized | type=APPLICATION_FINAL_ROUND | userId=6 | channels=[IN_APP] | emailPresent=false
2026-06-22T19:04:04.947+05:30  INFO 80684 --- [notification-service] [ntainer#0-1-C-1] c.t.kafka.consumer.BaseKafkaConsumer     : [KAFKA-CONSUMER] Received event | type=NOTIFICATION_SEND | eventId=7284c99f-6df6-43c4-ba0f-f4380579afaa | source=application-service | correlationId=78b6f023-3bba-4cd1-ad80-4c8d43b5d260
2026-06-22T19:04:04.948+05:30  INFO 80684 --- [notification-service] [ntainer#0-1-C-1] c.t.n.s.NotificationOrchestrationService : [NOTIFICATION] ▶ Processing | userId=6 | type=APPLICATION_FINAL_ROUND | channels=[IN_APP] | ref=APPLICATION:253 | emailPresent=false
2026-06-22T19:04:04.948+05:30  INFO 80684 --- [notification-service] [ntainer#0-1-C-1] c.t.n.s.NotificationOrchestrationService : [NOTIFICATION] ▶ Attempting channel='IN_APP' | userId=6 | type=APPLICATION_FINAL_ROUND
2026-06-22T19:04:04.948+05:30  INFO 80684 --- [notification-service] [ntainer#0-1-C-1] c.t.n.channel.InAppNotificationChannel   : [IN-APP] Persisting notification | userId=6 | type=APPLICATION_FINAL_ROUND | ref=APPLICATION:253
2026-06-22T19:04:04.968+05:30  INFO 80684 --- [notification-service] [ntainer#0-1-C-1] c.t.n.channel.InAppNotificationChannel   : [IN-APP] Notification persisted | id=77 | userId=6 | type=APPLICATION_FINAL_ROUND
2026-06-22T19:04:04.968+05:30  INFO 80684 --- [notification-service] [ntainer#0-1-C-1] c.t.n.s.NotificationOrchestrationService : [NOTIFICATION] ✓ Channel='IN_APP' delivered | userId=6 | type=APPLICATION_FINAL_ROUND
2026-06-22T19:04:04.968+05:30  INFO 80684 --- [notification-service] [ntainer#0-1-C-1] c.t.n.s.NotificationOrchestrationService : [NOTIFICATION] ✓ All channels delivered | userId=6 | type=APPLICATION_FINAL_ROUND | success=1
2026-06-22T19:13:04.564+05:30  INFO 80684 --- [notification-service] [ntainer#0-1-C-1] c.t.n.c.NotificationKafkaConsumer        : [NOTIFICATION-CONSUMER] ▶ Message received | topic=notification.send | partition=1 | offset=28
2026-06-22T19:13:04.568+05:30  INFO 80684 --- [notification-service] [ntainer#0-1-C-1] c.t.n.c.NotificationKafkaConsumer        : [NOTIFICATION-CONSUMER] ▶ Payload deserialized | type=APPLICATION_OFFERED | userId=6 | channels=[IN_APP] | emailPresent=false
2026-06-22T19:13:04.568+05:30  INFO 80684 --- [notification-service] [ntainer#0-1-C-1] c.t.kafka.consumer.BaseKafkaConsumer     : [KAFKA-CONSUMER] Received event | type=NOTIFICATION_SEND | eventId=da25d13a-a637-46e9-8ea4-232a24d74aac | source=application-service | correlationId=41b46d50-8e94-482d-a551-1e322f1eb7e5
2026-06-22T19:13:04.568+05:30  INFO 80684 --- [notification-service] [ntainer#0-1-C-1] c.t.n.s.NotificationOrchestrationService : [NOTIFICATION] ▶ Processing | userId=6 | type=APPLICATION_OFFERED | channels=[IN_APP] | ref=APPLICATION:253 | emailPresent=false
2026-06-22T19:13:04.568+05:30  INFO 80684 --- [notification-service] [ntainer#0-1-C-1] c.t.n.s.NotificationOrchestrationService : [NOTIFICATION] ▶ Attempting channel='IN_APP' | userId=6 | type=APPLICATION_OFFERED
2026-06-22T19:13:04.568+05:30  INFO 80684 --- [notification-service] [ntainer#0-1-C-1] c.t.n.channel.InAppNotificationChannel   : [IN-APP] Persisting notification | userId=6 | type=APPLICATION_OFFERED | ref=APPLICATION:253
2026-06-22T19:13:04.592+05:30  INFO 80684 --- [notification-service] [ntainer#0-1-C-1] c.t.n.channel.InAppNotificationChannel   : [IN-APP] Notification persisted | id=78 | userId=6 | type=APPLICATION_OFFERED
2026-06-22T19:13:04.592+05:30  INFO 80684 --- [notification-service] [ntainer#0-1-C-1] c.t.n.s.NotificationOrchestrationService : [NOTIFICATION] ✓ Channel='IN_APP' delivered | userId=6 | type=APPLICATION_OFFERED
2026-06-22T19:13:04.592+05:30  INFO 80684 --- [notification-service] [ntainer#0-1-C-1] c.t.n.s.NotificationOrchestrationService : [NOTIFICATION] ✓ All channels delivered | userId=6 | type=APPLICATION_OFFERED | success=1
2026-06-22T19:13:04.717+05:30  INFO 80684 --- [notification-service] [ntainer#0-1-C-1] c.t.n.c.NotificationKafkaConsumer        : [NOTIFICATION-CONSUMER] ▶ Message received | topic=notification.send | partition=1 | offset=29
2026-06-22T19:13:04.717+05:30  INFO 80684 --- [notification-service] [ntainer#0-1-C-1] c.t.n.c.NotificationKafkaConsumer        : [NOTIFICATION-CONSUMER] ▶ Payload deserialized | type=OFFER_CREATED | userId=253 | channels=[IN_APP, EMAIL] | emailPresent=true
2026-06-22T19:13:04.717+05:30  INFO 80684 --- [notification-service] [ntainer#0-1-C-1] c.t.kafka.consumer.BaseKafkaConsumer     : [KAFKA-CONSUMER] Received event | type=NOTIFICATION_SEND | eventId=be81ac18-54de-4fab-847c-0f726899c863 | source=offer-service | correlationId=58291746-dfd7-4909-9c2b-82088f781fa2
2026-06-22T19:13:04.717+05:30  INFO 80684 --- [notification-service] [ntainer#0-1-C-1] c.t.n.s.NotificationOrchestrationService : [NOTIFICATION] ▶ Processing | userId=253 | type=OFFER_CREATED | channels=[IN_APP, EMAIL] | ref=OFFER:152 | emailPresent=true
2026-06-22T19:13:04.718+05:30  INFO 80684 --- [notification-service] [ntainer#0-1-C-1] c.t.n.s.NotificationOrchestrationService : [NOTIFICATION] ▶ Attempting channel='IN_APP' | userId=253 | type=OFFER_CREATED
2026-06-22T19:13:04.718+05:30  INFO 80684 --- [notification-service] [ntainer#0-1-C-1] c.t.n.channel.InAppNotificationChannel   : [IN-APP] Persisting notification | userId=253 | type=OFFER_CREATED | ref=OFFER:152
2026-06-22T19:13:04.720+05:30  INFO 80684 --- [notification-service] [ntainer#0-1-C-1] c.t.n.channel.InAppNotificationChannel   : [IN-APP] Notification persisted | id=79 | userId=253 | type=OFFER_CREATED
2026-06-22T19:13:04.720+05:30  INFO 80684 --- [notification-service] [ntainer#0-1-C-1] c.t.n.s.NotificationOrchestrationService : [NOTIFICATION] ✓ Channel='IN_APP' delivered | userId=253 | type=OFFER_CREATED
2026-06-22T19:13:04.720+05:30  INFO 80684 --- [notification-service] [ntainer#0-1-C-1] c.t.n.s.NotificationOrchestrationService : [NOTIFICATION] ▶ Attempting channel='EMAIL' | userId=253 | type=OFFER_CREATED
2026-06-22T19:13:04.720+05:30  INFO 80684 --- [notification-service] [ntainer#0-1-C-1] c.t.n.channel.EmailNotificationChannel   : [EMAIL] ▶ Starting email delivery | userId=253 | type=OFFER_CREATED | templateId=offer-created | toPresent=true
2026-06-22T19:13:04.723+05:30 ERROR 80684 --- [notification-service] [ntainer#0-1-C-1] org.thymeleaf.TemplateEngine             : [THYMELEAF][org.springframework.kafka.KafkaListenerEndpointContainer#0-1-C-1] Exception processing template "email/offer-created": Error resolving template [email/offer-created], template might not exist or might not be accessible by any of the configured Template Resolvers

org.thymeleaf.exceptions.TemplateInputException: Error resolving template [email/offer-created], template might not exist or might not be accessible by any of the configured Template Resolvers
	at org.thymeleaf.engine.TemplateManager.resolveTemplate(TemplateManager.java:869) ~[thymeleaf-3.1.2.RELEASE.jar!/:3.1.2.RELEASE]
	at org.thymeleaf.engine.TemplateManager.parseAndProcess(TemplateManager.java:607) ~[thymeleaf-3.1.2.RELEASE.jar!/:3.1.2.RELEASE]
	at org.thymeleaf.TemplateEngine.process(TemplateEngine.java:1103) ~[thymeleaf-3.1.2.RELEASE.jar!/:3.1.2.RELEASE]
	at org.thymeleaf.TemplateEngine.process(TemplateEngine.java:1064) ~[thymeleaf-3.1.2.RELEASE.jar!/:3.1.2.RELEASE]
	at org.thymeleaf.TemplateEngine.process(TemplateEngine.java:1053) ~[thymeleaf-3.1.2.RELEASE.jar!/:3.1.2.RELEASE]
	at com.talentgrid.notification.channel.EmailNotificationChannel.resolveContent(EmailNotificationChannel.java:136) ~[!/:1.0.0-SNAPSHOT]
	at com.talentgrid.notification.channel.EmailNotificationChannel.deliver(EmailNotificationChannel.java:75) ~[!/:1.0.0-SNAPSHOT]
	at com.talentgrid.notification.service.NotificationOrchestrationService.process(NotificationOrchestrationService.java:78) ~[!/:1.0.0-SNAPSHOT]
	at com.talentgrid.notification.consumer.NotificationKafkaConsumer.handleEvent(NotificationKafkaConsumer.java:83) ~[!/:1.0.0-SNAPSHOT]
	at com.talentgrid.kafka.consumer.BaseKafkaConsumer.process(BaseKafkaConsumer.java:13) ~[talentgrid-kafka-1.0.0-SNAPSHOT.jar!/:1.0.0-SNAPSHOT]
	at com.talentgrid.notification.consumer.NotificationKafkaConsumer.onMessage(NotificationKafkaConsumer.java:71) ~[!/:1.0.0-SNAPSHOT]
	at jdk.internal.reflect.GeneratedMethodAccessor33.invoke(Unknown Source) ~[na:na]
	at java.base/jdk.internal.reflect.DelegatingMethodAccessorImpl.invoke(DelegatingMethodAccessorImpl.java:43) ~[na:na]
	at java.base/java.lang.reflect.Method.invoke(Method.java:569) ~[na:na]
	at org.springframework.messaging.handler.invocation.InvocableHandlerMethod.doInvoke(InvocableHandlerMethod.java:169) ~[spring-messaging-6.2.0.jar!/:6.2.0]
	at org.springframework.kafka.listener.adapter.KotlinAwareInvocableHandlerMethod.doInvoke(KotlinAwareInvocableHandlerMethod.java:45) ~[spring-kafka-3.3.0.jar!/:3.3.0]
	at org.springframework.messaging.handler.invocation.InvocableHandlerMethod.invoke(InvocableHandlerMethod.java:119) ~[spring-messaging-6.2.0.jar!/:6.2.0]
	at org.springframework.kafka.listener.adapter.HandlerAdapter.invoke(HandlerAdapter.java:71) ~[spring-kafka-3.3.0.jar!/:3.3.0]
	at org.springframework.kafka.listener.adapter.MessagingMessageListenerAdapter.invokeHandler(MessagingMessageListenerAdapter.java:474) ~[spring-kafka-3.3.0.jar!/:3.3.0]
	at org.springframework.kafka.listener.adapter.MessagingMessageListenerAdapter.invoke(MessagingMessageListenerAdapter.java:421) ~[spring-kafka-3.3.0.jar!/:3.3.0]
	at org.springframework.kafka.listener.adapter.RecordMessagingMessageListenerAdapter.onMessage(RecordMessagingMessageListenerAdapter.java:85) ~[spring-kafka-3.3.0.jar!/:3.3.0]
	at org.springframework.kafka.listener.adapter.RecordMessagingMessageListenerAdapter.onMessage(RecordMessagingMessageListenerAdapter.java:50) ~[spring-kafka-3.3.0.jar!/:3.3.0]
	at org.springframework.kafka.listener.KafkaMessageListenerContainer$ListenerConsumer.doInvokeOnMessage(KafkaMessageListenerContainer.java:2875) ~[spring-kafka-3.3.0.jar!/:3.3.0]
	at org.springframework.kafka.listener.KafkaMessageListenerContainer$ListenerConsumer.invokeOnMessage(KafkaMessageListenerContainer.java:2853) ~[spring-kafka-3.3.0.jar!/:3.3.0]
	at org.springframework.kafka.listener.KafkaMessageListenerContainer$ListenerConsumer.doInvokeRecordListener(KafkaMessageListenerContainer.java:2766) ~[spring-kafka-3.3.0.jar!/:3.3.0]
	at org.springframework.kafka.listener.KafkaMessageListenerContainer$ListenerConsumer.doInvokeWithRecords(KafkaMessageListenerContainer.java:2604) ~[spring-kafka-3.3.0.jar!/:3.3.0]
	at org.springframework.kafka.listener.KafkaMessageListenerContainer$ListenerConsumer.invokeRecordListener(KafkaMessageListenerContainer.java:2493) ~[spring-kafka-3.3.0.jar!/:3.3.0]
	at org.springframework.kafka.listener.KafkaMessageListenerContainer$ListenerConsumer.invokeListener(KafkaMessageListenerContainer.java:2144) ~[spring-kafka-3.3.0.jar!/:3.3.0]
	at org.springframework.kafka.listener.KafkaMessageListenerContainer$ListenerConsumer.invokeIfHaveRecords(KafkaMessageListenerContainer.java:1520) ~[spring-kafka-3.3.0.jar!/:3.3.0]
	at org.springframework.kafka.listener.KafkaMessageListenerContainer$ListenerConsumer.pollAndInvoke(KafkaMessageListenerContainer.java:1458) ~[spring-kafka-3.3.0.jar!/:3.3.0]
	at org.springframework.kafka.listener.KafkaMessageListenerContainer$ListenerConsumer.run(KafkaMessageListenerContainer.java:1327) ~[spring-kafka-3.3.0.jar!/:3.3.0]
	at java.base/java.util.concurrent.CompletableFuture$AsyncRun.run(CompletableFuture.java:1804) ~[na:na]
	at java.base/java.lang.Thread.run(Thread.java:840) ~[na:na]

2026-06-22T19:13:04.727+05:30  WARN 80684 --- [notification-service] [ntainer#0-1-C-1] c.t.n.channel.EmailNotificationChannel   : [EMAIL] Template 'offer-created' failed to render — falling back to plain HTML. Check that templates/email/offer-created.html exists in notification-service resources. Error: Error resolving template [email/offer-created], template might not exist or might not be accessible by any of the configured Template Resolvers
2026-06-22T19:13:04.730+05:30  INFO 80684 --- [notification-service] [ntainer#0-1-C-1] c.t.n.channel.EmailNotificationChannel   : [EMAIL] ▶ Invoking SMTP send | host=smtp.gmail.com | port=587 | userId=253
2026-06-22T19:13:04.789+05:30 ERROR 80684 --- [notification-service] [ntainer#0-1-C-1] c.t.n.channel.EmailNotificationChannel   : [EMAIL] ✗ SMTP authentication failed — check spring.mail.password in application.properties. Gmail requires an App Password (not your account password). Generate one at: https://myaccount.google.com/apppasswords | error=Authentication failed
2026-06-22T19:13:04.789+05:30 ERROR 80684 --- [notification-service] [ntainer#0-1-C-1] c.t.n.s.NotificationOrchestrationService : [NOTIFICATION] ✗ Channel='EMAIL' delivery failed | userId=253 | type=OFFER_CREATED | error=Authentication failed

org.springframework.mail.MailAuthenticationException: Authentication failed
	at org.springframework.mail.javamail.JavaMailSenderImpl.doSend(JavaMailSenderImpl.java:402) ~[spring-context-support-6.2.0.jar!/:6.2.0]
	at org.springframework.mail.javamail.JavaMailSenderImpl.send(JavaMailSenderImpl.java:350) ~[spring-context-support-6.2.0.jar!/:6.2.0]
	at org.springframework.mail.javamail.JavaMailSender.send(JavaMailSender.java:101) ~[spring-context-support-6.2.0.jar!/:6.2.0]
	at com.talentgrid.notification.channel.EmailNotificationChannel.deliver(EmailNotificationChannel.java:94) ~[!/:1.0.0-SNAPSHOT]
	at com.talentgrid.notification.service.NotificationOrchestrationService.process(NotificationOrchestrationService.java:78) ~[!/:1.0.0-SNAPSHOT]
	at com.talentgrid.notification.consumer.NotificationKafkaConsumer.handleEvent(NotificationKafkaConsumer.java:83) ~[!/:1.0.0-SNAPSHOT]
	at com.talentgrid.kafka.consumer.BaseKafkaConsumer.process(BaseKafkaConsumer.java:13) ~[talentgrid-kafka-1.0.0-SNAPSHOT.jar!/:1.0.0-SNAPSHOT]
	at com.talentgrid.notification.consumer.NotificationKafkaConsumer.onMessage(NotificationKafkaConsumer.java:71) ~[!/:1.0.0-SNAPSHOT]
	at jdk.internal.reflect.GeneratedMethodAccessor33.invoke(Unknown Source) ~[na:na]
	at java.base/jdk.internal.reflect.DelegatingMethodAccessorImpl.invoke(DelegatingMethodAccessorImpl.java:43) ~[na:na]
	at java.base/java.lang.reflect.Method.invoke(Method.java:569) ~[na:na]
	at org.springframework.messaging.handler.invocation.InvocableHandlerMethod.doInvoke(InvocableHandlerMethod.java:169) ~[spring-messaging-6.2.0.jar!/:6.2.0]
	at org.springframework.kafka.listener.adapter.KotlinAwareInvocableHandlerMethod.doInvoke(KotlinAwareInvocableHandlerMethod.java:45) ~[spring-kafka-3.3.0.jar!/:3.3.0]
	at org.springframework.messaging.handler.invocation.InvocableHandlerMethod.invoke(InvocableHandlerMethod.java:119) ~[spring-messaging-6.2.0.jar!/:6.2.0]
	at org.springframework.kafka.listener.adapter.HandlerAdapter.invoke(HandlerAdapter.java:71) ~[spring-kafka-3.3.0.jar!/:3.3.0]
	at org.springframework.kafka.listener.adapter.MessagingMessageListenerAdapter.invokeHandler(MessagingMessageListenerAdapter.java:474) ~[spring-kafka-3.3.0.jar!/:3.3.0]
	at org.springframework.kafka.listener.adapter.MessagingMessageListenerAdapter.invoke(MessagingMessageListenerAdapter.java:421) ~[spring-kafka-3.3.0.jar!/:3.3.0]
	at org.springframework.kafka.listener.adapter.RecordMessagingMessageListenerAdapter.onMessage(RecordMessagingMessageListenerAdapter.java:85) ~[spring-kafka-3.3.0.jar!/:3.3.0]
	at org.springframework.kafka.listener.adapter.RecordMessagingMessageListenerAdapter.onMessage(RecordMessagingMessageListenerAdapter.java:50) ~[spring-kafka-3.3.0.jar!/:3.3.0]
	at org.springframework.kafka.listener.KafkaMessageListenerContainer$ListenerConsumer.doInvokeOnMessage(KafkaMessageListenerContainer.java:2875) ~[spring-kafka-3.3.0.jar!/:3.3.0]
	at org.springframework.kafka.listener.KafkaMessageListenerContainer$ListenerConsumer.invokeOnMessage(KafkaMessageListenerContainer.java:2853) ~[spring-kafka-3.3.0.jar!/:3.3.0]
	at org.springframework.kafka.listener.KafkaMessageListenerContainer$ListenerConsumer.doInvokeRecordListener(KafkaMessageListenerContainer.java:2766) ~[spring-kafka-3.3.0.jar!/:3.3.0]
	at org.springframework.kafka.listener.KafkaMessageListenerContainer$ListenerConsumer.doInvokeWithRecords(KafkaMessageListenerContainer.java:2604) ~[spring-kafka-3.3.0.jar!/:3.3.0]
	at org.springframework.kafka.listener.KafkaMessageListenerContainer$ListenerConsumer.invokeRecordListener(KafkaMessageListenerContainer.java:2493) ~[spring-kafka-3.3.0.jar!/:3.3.0]
	at org.springframework.kafka.listener.KafkaMessageListenerContainer$ListenerConsumer.invokeListener(KafkaMessageListenerContainer.java:2144) ~[spring-kafka-3.3.0.jar!/:3.3.0]
	at org.springframework.kafka.listener.KafkaMessageListenerContainer$ListenerConsumer.invokeIfHaveRecords(KafkaMessageListenerContainer.java:1520) ~[spring-kafka-3.3.0.jar!/:3.3.0]
	at org.springframework.kafka.listener.KafkaMessageListenerContainer$ListenerConsumer.pollAndInvoke(KafkaMessageListenerContainer.java:1458) ~[spring-kafka-3.3.0.jar!/:3.3.0]
	at org.springframework.kafka.listener.KafkaMessageListenerContainer$ListenerConsumer.run(KafkaMessageListenerContainer.java:1327) ~[spring-kafka-3.3.0.jar!/:3.3.0]
	at java.base/java.util.concurrent.CompletableFuture$AsyncRun.run(CompletableFuture.java:1804) ~[na:na]
	at java.base/java.lang.Thread.run(Thread.java:840) ~[na:na]
Caused by: jakarta.mail.AuthenticationFailedException: failed to connect, no password specified?
	at jakarta.mail.Service.connect(Service.java:379) ~[jakarta.mail-2.0.3.jar!/:na]
	at org.springframework.mail.javamail.JavaMailSenderImpl.connectTransport(JavaMailSenderImpl.java:480) ~[spring-context-support-6.2.0.jar!/:6.2.0]
	at org.springframework.mail.javamail.JavaMailSenderImpl.doSend(JavaMailSenderImpl.java:399) ~[spring-context-support-6.2.0.jar!/:6.2.0]
	... 29 common frames omitted

2026-06-22T19:13:04.792+05:30  WARN 80684 --- [notification-service] [ntainer#0-1-C-1] c.t.n.s.NotificationOrchestrationService : [NOTIFICATION] ⚠ Delivery complete with failures | userId=253 | type=OFFER_CREATED | success=1 | failure=1
2026-06-22T19:13:56.301+05:30  INFO 80684 --- [notification-service] [ntainer#0-1-C-1] c.t.n.c.NotificationKafkaConsumer        : [NOTIFICATION-CONSUMER] ▶ Message received | topic=notification.send | partition=1 | offset=30
2026-06-22T19:13:56.305+05:30  INFO 80684 --- [notification-service] [ntainer#0-1-C-1] c.t.n.c.NotificationKafkaConsumer        : [NOTIFICATION-CONSUMER] ▶ Payload deserialized | type=OFFER_UPDATED | userId=253 | channels=[IN_APP, EMAIL] | emailPresent=true
2026-06-22T19:13:56.306+05:30  INFO 80684 --- [notification-service] [ntainer#0-1-C-1] c.t.kafka.consumer.BaseKafkaConsumer     : [KAFKA-CONSUMER] Received event | type=NOTIFICATION_SEND | eventId=4f342c0d-284a-44c0-8010-e8bbeddfa5fb | source=offer-service | correlationId=39727554-5996-41c3-8b5c-704c36cb4630
2026-06-22T19:13:56.306+05:30  INFO 80684 --- [notification-service] [ntainer#0-1-C-1] c.t.n.s.NotificationOrchestrationService : [NOTIFICATION] ▶ Processing | userId=253 | type=OFFER_UPDATED | channels=[IN_APP, EMAIL] | ref=OFFER:152 | emailPresent=true
2026-06-22T19:13:56.306+05:30  INFO 80684 --- [notification-service] [ntainer#0-1-C-1] c.t.n.s.NotificationOrchestrationService : [NOTIFICATION] ▶ Attempting channel='IN_APP' | userId=253 | type=OFFER_UPDATED
2026-06-22T19:13:56.306+05:30  INFO 80684 --- [notification-service] [ntainer#0-1-C-1] c.t.n.channel.InAppNotificationChannel   : [IN-APP] Persisting notification | userId=253 | type=OFFER_UPDATED | ref=OFFER:152
2026-06-22T19:13:56.347+05:30  INFO 80684 --- [notification-service] [ntainer#0-1-C-1] c.t.n.channel.InAppNotificationChannel   : [IN-APP] Notification persisted | id=80 | userId=253 | type=OFFER_UPDATED
2026-06-22T19:13:56.347+05:30  INFO 80684 --- [notification-service] [ntainer#0-1-C-1] c.t.n.s.NotificationOrchestrationService : [NOTIFICATION] ✓ Channel='IN_APP' delivered | userId=253 | type=OFFER_UPDATED
2026-06-22T19:13:56.347+05:30  INFO 80684 --- [notification-service] [ntainer#0-1-C-1] c.t.n.s.NotificationOrchestrationService : [NOTIFICATION] ▶ Attempting channel='EMAIL' | userId=253 | type=OFFER_UPDATED
2026-06-22T19:13:56.347+05:30  INFO 80684 --- [notification-service] [ntainer#0-1-C-1] c.t.n.channel.EmailNotificationChannel   : [EMAIL] ▶ Starting email delivery | userId=253 | type=OFFER_UPDATED | templateId=offer-updated | toPresent=true
2026-06-22T19:13:56.384+05:30 ERROR 80684 --- [notification-service] [ntainer#0-1-C-1] org.thymeleaf.TemplateEngine             : [THYMELEAF][org.springframework.kafka.KafkaListenerEndpointContainer#0-1-C-1] Exception processing template "email/offer-updated": Error resolving template [email/offer-updated], template might not exist or might not be accessible by any of the configured Template Resolvers

org.thymeleaf.exceptions.TemplateInputException: Error resolving template [email/offer-updated], template might not exist or might not be accessible by any of the configured Template Resolvers
	at org.thymeleaf.engine.TemplateManager.resolveTemplate(TemplateManager.java:869) ~[thymeleaf-3.1.2.RELEASE.jar!/:3.1.2.RELEASE]
	at org.thymeleaf.engine.TemplateManager.parseAndProcess(TemplateManager.java:607) ~[thymeleaf-3.1.2.RELEASE.jar!/:3.1.2.RELEASE]
	at org.thymeleaf.TemplateEngine.process(TemplateEngine.java:1103) ~[thymeleaf-3.1.2.RELEASE.jar!/:3.1.2.RELEASE]
	at org.thymeleaf.TemplateEngine.process(TemplateEngine.java:1064) ~[thymeleaf-3.1.2.RELEASE.jar!/:3.1.2.RELEASE]
	at org.thymeleaf.TemplateEngine.process(TemplateEngine.java:1053) ~[thymeleaf-3.1.2.RELEASE.jar!/:3.1.2.RELEASE]
	at com.talentgrid.notification.channel.EmailNotificationChannel.resolveContent(EmailNotificationChannel.java:136) ~[!/:1.0.0-SNAPSHOT]
	at com.talentgrid.notification.channel.EmailNotificationChannel.deliver(EmailNotificationChannel.java:75) ~[!/:1.0.0-SNAPSHOT]
	at com.talentgrid.notification.service.NotificationOrchestrationService.process(NotificationOrchestrationService.java:78) ~[!/:1.0.0-SNAPSHOT]
	at com.talentgrid.notification.consumer.NotificationKafkaConsumer.handleEvent(NotificationKafkaConsumer.java:83) ~[!/:1.0.0-SNAPSHOT]
	at com.talentgrid.kafka.consumer.BaseKafkaConsumer.process(BaseKafkaConsumer.java:13) ~[talentgrid-kafka-1.0.0-SNAPSHOT.jar!/:1.0.0-SNAPSHOT]
	at com.talentgrid.notification.consumer.NotificationKafkaConsumer.onMessage(NotificationKafkaConsumer.java:71) ~[!/:1.0.0-SNAPSHOT]
	at jdk.internal.reflect.GeneratedMethodAccessor33.invoke(Unknown Source) ~[na:na]
	at java.base/jdk.internal.reflect.DelegatingMethodAccessorImpl.invoke(DelegatingMethodAccessorImpl.java:43) ~[na:na]
	at java.base/java.lang.reflect.Method.invoke(Method.java:569) ~[na:na]
	at org.springframework.messaging.handler.invocation.InvocableHandlerMethod.doInvoke(InvocableHandlerMethod.java:169) ~[spring-messaging-6.2.0.jar!/:6.2.0]
	at org.springframework.kafka.listener.adapter.KotlinAwareInvocableHandlerMethod.doInvoke(KotlinAwareInvocableHandlerMethod.java:45) ~[spring-kafka-3.3.0.jar!/:3.3.0]
	at org.springframework.messaging.handler.invocation.InvocableHandlerMethod.invoke(InvocableHandlerMethod.java:119) ~[spring-messaging-6.2.0.jar!/:6.2.0]
	at org.springframework.kafka.listener.adapter.HandlerAdapter.invoke(HandlerAdapter.java:71) ~[spring-kafka-3.3.0.jar!/:3.3.0]
	at org.springframework.kafka.listener.adapter.MessagingMessageListenerAdapter.invokeHandler(MessagingMessageListenerAdapter.java:474) ~[spring-kafka-3.3.0.jar!/:3.3.0]
	at org.springframework.kafka.listener.adapter.MessagingMessageListenerAdapter.invoke(MessagingMessageListenerAdapter.java:421) ~[spring-kafka-3.3.0.jar!/:3.3.0]
	at org.springframework.kafka.listener.adapter.RecordMessagingMessageListenerAdapter.onMessage(RecordMessagingMessageListenerAdapter.java:85) ~[spring-kafka-3.3.0.jar!/:3.3.0]
	at org.springframework.kafka.listener.adapter.RecordMessagingMessageListenerAdapter.onMessage(RecordMessagingMessageListenerAdapter.java:50) ~[spring-kafka-3.3.0.jar!/:3.3.0]
	at org.springframework.kafka.listener.KafkaMessageListenerContainer$ListenerConsumer.doInvokeOnMessage(KafkaMessageListenerContainer.java:2875) ~[spring-kafka-3.3.0.jar!/:3.3.0]
	at org.springframework.kafka.listener.KafkaMessageListenerContainer$ListenerConsumer.invokeOnMessage(KafkaMessageListenerContainer.java:2853) ~[spring-kafka-3.3.0.jar!/:3.3.0]
	at org.springframework.kafka.listener.KafkaMessageListenerContainer$ListenerConsumer.doInvokeRecordListener(KafkaMessageListenerContainer.java:2766) ~[spring-kafka-3.3.0.jar!/:3.3.0]
	at org.springframework.kafka.listener.KafkaMessageListenerContainer$ListenerConsumer.doInvokeWithRecords(KafkaMessageListenerContainer.java:2604) ~[spring-kafka-3.3.0.jar!/:3.3.0]
	at org.springframework.kafka.listener.KafkaMessageListenerContainer$ListenerConsumer.invokeRecordListener(KafkaMessageListenerContainer.java:2493) ~[spring-kafka-3.3.0.jar!/:3.3.0]
	at org.springframework.kafka.listener.KafkaMessageListenerContainer$ListenerConsumer.invokeListener(KafkaMessageListenerContainer.java:2144) ~[spring-kafka-3.3.0.jar!/:3.3.0]
	at org.springframework.kafka.listener.KafkaMessageListenerContainer$ListenerConsumer.invokeIfHaveRecords(KafkaMessageListenerContainer.java:1520) ~[spring-kafka-3.3.0.jar!/:3.3.0]
	at org.springframework.kafka.listener.KafkaMessageListenerContainer$ListenerConsumer.pollAndInvoke(KafkaMessageListenerContainer.java:1458) ~[spring-kafka-3.3.0.jar!/:3.3.0]
	at org.springframework.kafka.listener.KafkaMessageListenerContainer$ListenerConsumer.run(KafkaMessageListenerContainer.java:1327) ~[spring-kafka-3.3.0.jar!/:3.3.0]
	at java.base/java.util.concurrent.CompletableFuture$AsyncRun.run(CompletableFuture.java:1804) ~[na:na]
	at java.base/java.lang.Thread.run(Thread.java:840) ~[na:na]

2026-06-22T19:13:56.403+05:30  WARN 80684 --- [notification-service] [ntainer#0-1-C-1] c.t.n.channel.EmailNotificationChannel   : [EMAIL] Template 'offer-updated' failed to render — falling back to plain HTML. Check that templates/email/offer-updated.html exists in notification-service resources. Error: Error resolving template [email/offer-updated], template might not exist or might not be accessible by any of the configured Template Resolvers
2026-06-22T19:13:56.414+05:30  INFO 80684 --- [notification-service] [ntainer#0-1-C-1] c.t.n.channel.EmailNotificationChannel   : [EMAIL] ▶ Invoking SMTP send | host=smtp.gmail.com | port=587 | userId=253
2026-06-22T19:13:56.420+05:30 ERROR 80684 --- [notification-service] [ntainer#0-1-C-1] c.t.n.channel.EmailNotificationChannel   : [EMAIL] ✗ SMTP authentication failed — check spring.mail.password in application.properties. Gmail requires an App Password (not your account password). Generate one at: https://myaccount.google.com/apppasswords | error=Authentication failed
2026-06-22T19:13:56.420+05:30 ERROR 80684 --- [notification-service] [ntainer#0-1-C-1] c.t.n.s.NotificationOrchestrationService : [NOTIFICATION] ✗ Channel='EMAIL' delivery failed | userId=253 | type=OFFER_UPDATED | error=Authentication failed

org.springframework.mail.MailAuthenticationException: Authentication failed
	at org.springframework.mail.javamail.JavaMailSenderImpl.doSend(JavaMailSenderImpl.java:402) ~[spring-context-support-6.2.0.jar!/:6.2.0]
	at org.springframework.mail.javamail.JavaMailSenderImpl.send(JavaMailSenderImpl.java:350) ~[spring-context-support-6.2.0.jar!/:6.2.0]
	at org.springframework.mail.javamail.JavaMailSender.send(JavaMailSender.java:101) ~[spring-context-support-6.2.0.jar!/:6.2.0]
	at com.talentgrid.notification.channel.EmailNotificationChannel.deliver(EmailNotificationChannel.java:94) ~[!/:1.0.0-SNAPSHOT]
	at com.talentgrid.notification.service.NotificationOrchestrationService.process(NotificationOrchestrationService.java:78) ~[!/:1.0.0-SNAPSHOT]
	at com.talentgrid.notification.consumer.NotificationKafkaConsumer.handleEvent(NotificationKafkaConsumer.java:83) ~[!/:1.0.0-SNAPSHOT]
	at com.talentgrid.kafka.consumer.BaseKafkaConsumer.process(BaseKafkaConsumer.java:13) ~[talentgrid-kafka-1.0.0-SNAPSHOT.jar!/:1.0.0-SNAPSHOT]
	at com.talentgrid.notification.consumer.NotificationKafkaConsumer.onMessage(NotificationKafkaConsumer.java:71) ~[!/:1.0.0-SNAPSHOT]
	at jdk.internal.reflect.GeneratedMethodAccessor33.invoke(Unknown Source) ~[na:na]
	at java.base/jdk.internal.reflect.DelegatingMethodAccessorImpl.invoke(DelegatingMethodAccessorImpl.java:43) ~[na:na]
	at java.base/java.lang.reflect.Method.invoke(Method.java:569) ~[na:na]
	at org.springframework.messaging.handler.invocation.InvocableHandlerMethod.doInvoke(InvocableHandlerMethod.java:169) ~[spring-messaging-6.2.0.jar!/:6.2.0]
	at org.springframework.kafka.listener.adapter.KotlinAwareInvocableHandlerMethod.doInvoke(KotlinAwareInvocableHandlerMethod.java:45) ~[spring-kafka-3.3.0.jar!/:3.3.0]
	at org.springframework.messaging.handler.invocation.InvocableHandlerMethod.invoke(InvocableHandlerMethod.java:119) ~[spring-messaging-6.2.0.jar!/:6.2.0]
	at org.springframework.kafka.listener.adapter.HandlerAdapter.invoke(HandlerAdapter.java:71) ~[spring-kafka-3.3.0.jar!/:3.3.0]
	at org.springframework.kafka.listener.adapter.MessagingMessageListenerAdapter.invokeHandler(MessagingMessageListenerAdapter.java:474) ~[spring-kafka-3.3.0.jar!/:3.3.0]
	at org.springframework.kafka.listener.adapter.MessagingMessageListenerAdapter.invoke(MessagingMessageListenerAdapter.java:421) ~[spring-kafka-3.3.0.jar!/:3.3.0]
	at org.springframework.kafka.listener.adapter.RecordMessagingMessageListenerAdapter.onMessage(RecordMessagingMessageListenerAdapter.java:85) ~[spring-kafka-3.3.0.jar!/:3.3.0]
	at org.springframework.kafka.listener.adapter.RecordMessagingMessageListenerAdapter.onMessage(RecordMessagingMessageListenerAdapter.java:50) ~[spring-kafka-3.3.0.jar!/:3.3.0]
	at org.springframework.kafka.listener.KafkaMessageListenerContainer$ListenerConsumer.doInvokeOnMessage(KafkaMessageListenerContainer.java:2875) ~[spring-kafka-3.3.0.jar!/:3.3.0]
	at org.springframework.kafka.listener.KafkaMessageListenerContainer$ListenerConsumer.invokeOnMessage(KafkaMessageListenerContainer.java:2853) ~[spring-kafka-3.3.0.jar!/:3.3.0]
	at org.springframework.kafka.listener.KafkaMessageListenerContainer$ListenerConsumer.doInvokeRecordListener(KafkaMessageListenerContainer.java:2766) ~[spring-kafka-3.3.0.jar!/:3.3.0]
	at org.springframework.kafka.listener.KafkaMessageListenerContainer$ListenerConsumer.doInvokeWithRecords(KafkaMessageListenerContainer.java:2604) ~[spring-kafka-3.3.0.jar!/:3.3.0]
	at org.springframework.kafka.listener.KafkaMessageListenerContainer$ListenerConsumer.invokeRecordListener(KafkaMessageListenerContainer.java:2493) ~[spring-kafka-3.3.0.jar!/:3.3.0]
	at org.springframework.kafka.listener.KafkaMessageListenerContainer$ListenerConsumer.invokeListener(KafkaMessageListenerContainer.java:2144) ~[spring-kafka-3.3.0.jar!/:3.3.0]
	at org.springframework.kafka.listener.KafkaMessageListenerContainer$ListenerConsumer.invokeIfHaveRecords(KafkaMessageListenerContainer.java:1520) ~[spring-kafka-3.3.0.jar!/:3.3.0]
	at org.springframework.kafka.listener.KafkaMessageListenerContainer$ListenerConsumer.pollAndInvoke(KafkaMessageListenerContainer.java:1458) ~[spring-kafka-3.3.0.jar!/:3.3.0]
	at org.springframework.kafka.listener.KafkaMessageListenerContainer$ListenerConsumer.run(KafkaMessageListenerContainer.java:1327) ~[spring-kafka-3.3.0.jar!/:3.3.0]
	at java.base/java.util.concurrent.CompletableFuture$AsyncRun.run(CompletableFuture.java:1804) ~[na:na]
	at java.base/java.lang.Thread.run(Thread.java:840) ~[na:na]
Caused by: jakarta.mail.AuthenticationFailedException: failed to connect, no password specified?
	at jakarta.mail.Service.connect(Service.java:379) ~[jakarta.mail-2.0.3.jar!/:na]
	at org.springframework.mail.javamail.JavaMailSenderImpl.connectTransport(JavaMailSenderImpl.java:480) ~[spring-context-support-6.2.0.jar!/:6.2.0]
	at org.springframework.mail.javamail.JavaMailSenderImpl.doSend(JavaMailSenderImpl.java:399) ~[spring-context-support-6.2.0.jar!/:6.2.0]
	... 29 common frames omitted

2026-06-22T19:13:56.422+05:30  WARN 80684 --- [notification-service] [ntainer#0-1-C-1] c.t.n.s.NotificationOrchestrationService : [NOTIFICATION] ⚠ Delivery complete with failures | userId=253 | type=OFFER_UPDATED | success=1 | failure=1
2026-06-22T19:14:41.524+05:30  INFO 80684 --- [notification-service] [ntainer#0-1-C-1] c.t.n.c.NotificationKafkaConsumer        : [NOTIFICATION-CONSUMER] ▶ Message received | topic=notification.send | partition=1 | offset=31
2026-06-22T19:14:41.527+05:30  INFO 80684 --- [notification-service] [ntainer#0-1-C-1] c.t.n.c.NotificationKafkaConsumer        : [NOTIFICATION-CONSUMER] ▶ Payload deserialized | type=OFFER_UPDATED | userId=253 | channels=[IN_APP, EMAIL] | emailPresent=true
2026-06-22T19:14:41.527+05:30  INFO 80684 --- [notification-service] [ntainer#0-1-C-1] c.t.kafka.consumer.BaseKafkaConsumer     : [KAFKA-CONSUMER] Received event | type=NOTIFICATION_SEND | eventId=379959c2-419f-433e-b7d3-bfbc28bf0797 | source=offer-service | correlationId=6bd305f2-43cb-4a55-a2ab-f6e7bcb7ca60
2026-06-22T19:14:41.528+05:30  INFO 80684 --- [notification-service] [ntainer#0-1-C-1] c.t.n.s.NotificationOrchestrationService : [NOTIFICATION] ▶ Processing | userId=253 | type=OFFER_UPDATED | channels=[IN_APP, EMAIL] | ref=OFFER:152 | emailPresent=true
2026-06-22T19:14:41.528+05:30  INFO 80684 --- [notification-service] [ntainer#0-1-C-1] c.t.n.s.NotificationOrchestrationService : [NOTIFICATION] ▶ Attempting channel='IN_APP' | userId=253 | type=OFFER_UPDATED
2026-06-22T19:14:41.528+05:30  INFO 80684 --- [notification-service] [ntainer#0-1-C-1] c.t.n.channel.InAppNotificationChannel   : [IN-APP] Persisting notification | userId=253 | type=OFFER_UPDATED | ref=OFFER:152
2026-06-22T19:14:41.538+05:30  INFO 80684 --- [notification-service] [ntainer#0-1-C-1] c.t.n.channel.InAppNotificationChannel   : [IN-APP] Notification persisted | id=81 | userId=253 | type=OFFER_UPDATED
2026-06-22T19:14:41.538+05:30  INFO 80684 --- [notification-service] [ntainer#0-1-C-1] c.t.n.s.NotificationOrchestrationService : [NOTIFICATION] ✓ Channel='IN_APP' delivered | userId=253 | type=OFFER_UPDATED
2026-06-22T19:14:41.538+05:30  INFO 80684 --- [notification-service] [ntainer#0-1-C-1] c.t.n.s.NotificationOrchestrationService : [NOTIFICATION] ▶ Attempting channel='EMAIL' | userId=253 | type=OFFER_UPDATED
2026-06-22T19:14:41.538+05:30  INFO 80684 --- [notification-service] [ntainer#0-1-C-1] c.t.n.channel.EmailNotificationChannel   : [EMAIL] ▶ Starting email delivery | userId=253 | type=OFFER_UPDATED | templateId=offer-updated | toPresent=true
2026-06-22T19:14:41.539+05:30 ERROR 80684 --- [notification-service] [ntainer#0-1-C-1] org.thymeleaf.TemplateEngine             : [THYMELEAF][org.springframework.kafka.KafkaListenerEndpointContainer#0-1-C-1] Exception processing template "email/offer-updated": Error resolving template [email/offer-updated], template might not exist or might not be accessible by any of the configured Template Resolvers

org.thymeleaf.exceptions.TemplateInputException: Error resolving template [email/offer-updated], template might not exist or might not be accessible by any of the configured Template Resolvers
	at org.thymeleaf.engine.TemplateManager.resolveTemplate(TemplateManager.java:869) ~[thymeleaf-3.1.2.RELEASE.jar!/:3.1.2.RELEASE]
	at org.thymeleaf.engine.TemplateManager.parseAndProcess(TemplateManager.java:607) ~[thymeleaf-3.1.2.RELEASE.jar!/:3.1.2.RELEASE]
	at org.thymeleaf.TemplateEngine.process(TemplateEngine.java:1103) ~[thymeleaf-3.1.2.RELEASE.jar!/:3.1.2.RELEASE]
	at org.thymeleaf.TemplateEngine.process(TemplateEngine.java:1064) ~[thymeleaf-3.1.2.RELEASE.jar!/:3.1.2.RELEASE]
	at org.thymeleaf.TemplateEngine.process(TemplateEngine.java:1053) ~[thymeleaf-3.1.2.RELEASE.jar!/:3.1.2.RELEASE]
	at com.talentgrid.notification.channel.EmailNotificationChannel.resolveContent(EmailNotificationChannel.java:136) ~[!/:1.0.0-SNAPSHOT]
	at com.talentgrid.notification.channel.EmailNotificationChannel.deliver(EmailNotificationChannel.java:75) ~[!/:1.0.0-SNAPSHOT]
	at com.talentgrid.notification.service.NotificationOrchestrationService.process(NotificationOrchestrationService.java:78) ~[!/:1.0.0-SNAPSHOT]
	at com.talentgrid.notification.consumer.NotificationKafkaConsumer.handleEvent(NotificationKafkaConsumer.java:83) ~[!/:1.0.0-SNAPSHOT]
	at com.talentgrid.kafka.consumer.BaseKafkaConsumer.process(BaseKafkaConsumer.java:13) ~[talentgrid-kafka-1.0.0-SNAPSHOT.jar!/:1.0.0-SNAPSHOT]
	at com.talentgrid.notification.consumer.NotificationKafkaConsumer.onMessage(NotificationKafkaConsumer.java:71) ~[!/:1.0.0-SNAPSHOT]
	at jdk.internal.reflect.GeneratedMethodAccessor33.invoke(Unknown Source) ~[na:na]
	at java.base/jdk.internal.reflect.DelegatingMethodAccessorImpl.invoke(DelegatingMethodAccessorImpl.java:43) ~[na:na]
	at java.base/java.lang.reflect.Method.invoke(Method.java:569) ~[na:na]
	at org.springframework.messaging.handler.invocation.InvocableHandlerMethod.doInvoke(InvocableHandlerMethod.java:169) ~[spring-messaging-6.2.0.jar!/:6.2.0]
	at org.springframework.kafka.listener.adapter.KotlinAwareInvocableHandlerMethod.doInvoke(KotlinAwareInvocableHandlerMethod.java:45) ~[spring-kafka-3.3.0.jar!/:3.3.0]
	at org.springframework.messaging.handler.invocation.InvocableHandlerMethod.invoke(InvocableHandlerMethod.java:119) ~[spring-messaging-6.2.0.jar!/:6.2.0]
	at org.springframework.kafka.listener.adapter.HandlerAdapter.invoke(HandlerAdapter.java:71) ~[spring-kafka-3.3.0.jar!/:3.3.0]
	at org.springframework.kafka.listener.adapter.MessagingMessageListenerAdapter.invokeHandler(MessagingMessageListenerAdapter.java:474) ~[spring-kafka-3.3.0.jar!/:3.3.0]
	at org.springframework.kafka.listener.adapter.MessagingMessageListenerAdapter.invoke(MessagingMessageListenerAdapter.java:421) ~[spring-kafka-3.3.0.jar!/:3.3.0]
	at org.springframework.kafka.listener.adapter.RecordMessagingMessageListenerAdapter.onMessage(RecordMessagingMessageListenerAdapter.java:85) ~[spring-kafka-3.3.0.jar!/:3.3.0]
	at org.springframework.kafka.listener.adapter.RecordMessagingMessageListenerAdapter.onMessage(RecordMessagingMessageListenerAdapter.java:50) ~[spring-kafka-3.3.0.jar!/:3.3.0]
	at org.springframework.kafka.listener.KafkaMessageListenerContainer$ListenerConsumer.doInvokeOnMessage(KafkaMessageListenerContainer.java:2875) ~[spring-kafka-3.3.0.jar!/:3.3.0]
	at org.springframework.kafka.listener.KafkaMessageListenerContainer$ListenerConsumer.invokeOnMessage(KafkaMessageListenerContainer.java:2853) ~[spring-kafka-3.3.0.jar!/:3.3.0]
	at org.springframework.kafka.listener.KafkaMessageListenerContainer$ListenerConsumer.doInvokeRecordListener(KafkaMessageListenerContainer.java:2766) ~[spring-kafka-3.3.0.jar!/:3.3.0]
	at org.springframework.kafka.listener.KafkaMessageListenerContainer$ListenerConsumer.doInvokeWithRecords(KafkaMessageListenerContainer.java:2604) ~[spring-kafka-3.3.0.jar!/:3.3.0]
	at org.springframework.kafka.listener.KafkaMessageListenerContainer$ListenerConsumer.invokeRecordListener(KafkaMessageListenerContainer.java:2493) ~[spring-kafka-3.3.0.jar!/:3.3.0]
	at org.springframework.kafka.listener.KafkaMessageListenerContainer$ListenerConsumer.invokeListener(KafkaMessageListenerContainer.java:2144) ~[spring-kafka-3.3.0.jar!/:3.3.0]
	at org.springframework.kafka.listener.KafkaMessageListenerContainer$ListenerConsumer.invokeIfHaveRecords(KafkaMessageListenerContainer.java:1520) ~[spring-kafka-3.3.0.jar!/:3.3.0]
	at org.springframework.kafka.listener.KafkaMessageListenerContainer$ListenerConsumer.pollAndInvoke(KafkaMessageListenerContainer.java:1458) ~[spring-kafka-3.3.0.jar!/:3.3.0]
	at org.springframework.kafka.listener.KafkaMessageListenerContainer$ListenerConsumer.run(KafkaMessageListenerContainer.java:1327) ~[spring-kafka-3.3.0.jar!/:3.3.0]
	at java.base/java.util.concurrent.CompletableFuture$AsyncRun.run(CompletableFuture.java:1804) ~[na:na]
	at java.base/java.lang.Thread.run(Thread.java:840) ~[na:na]

2026-06-22T19:14:41.541+05:30  WARN 80684 --- [notification-service] [ntainer#0-1-C-1] c.t.n.channel.EmailNotificationChannel   : [EMAIL] Template 'offer-updated' failed to render — falling back to plain HTML. Check that templates/email/offer-updated.html exists in notification-service resources. Error: Error resolving template [email/offer-updated], template might not exist or might not be accessible by any of the configured Template Resolvers
2026-06-22T19:14:41.543+05:30  INFO 80684 --- [notification-service] [ntainer#0-1-C-1] c.t.n.channel.EmailNotificationChannel   : [EMAIL] ▶ Invoking SMTP send | host=smtp.gmail.com | port=587 | userId=253
2026-06-22T19:14:41.546+05:30 ERROR 80684 --- [notification-service] [ntainer#0-1-C-1] c.t.n.channel.EmailNotificationChannel   : [EMAIL] ✗ SMTP authentication failed — check spring.mail.password in application.properties. Gmail requires an App Password (not your account password). Generate one at: https://myaccount.google.com/apppasswords | error=Authentication failed
2026-06-22T19:14:41.546+05:30 ERROR 80684 --- [notification-service] [ntainer#0-1-C-1] c.t.n.s.NotificationOrchestrationService : [NOTIFICATION] ✗ Channel='EMAIL' delivery failed | userId=253 | type=OFFER_UPDATED | error=Authentication failed

org.springframework.mail.MailAuthenticationException: Authentication failed
	at org.springframework.mail.javamail.JavaMailSenderImpl.doSend(JavaMailSenderImpl.java:402) ~[spring-context-support-6.2.0.jar!/:6.2.0]
	at org.springframework.mail.javamail.JavaMailSenderImpl.send(JavaMailSenderImpl.java:350) ~[spring-context-support-6.2.0.jar!/:6.2.0]
	at org.springframework.mail.javamail.JavaMailSender.send(JavaMailSender.java:101) ~[spring-context-support-6.2.0.jar!/:6.2.0]
	at com.talentgrid.notification.channel.EmailNotificationChannel.deliver(EmailNotificationChannel.java:94) ~[!/:1.0.0-SNAPSHOT]
	at com.talentgrid.notification.service.NotificationOrchestrationService.process(NotificationOrchestrationService.java:78) ~[!/:1.0.0-SNAPSHOT]
	at com.talentgrid.notification.consumer.NotificationKafkaConsumer.handleEvent(NotificationKafkaConsumer.java:83) ~[!/:1.0.0-SNAPSHOT]
	at com.talentgrid.kafka.consumer.BaseKafkaConsumer.process(BaseKafkaConsumer.java:13) ~[talentgrid-kafka-1.0.0-SNAPSHOT.jar!/:1.0.0-SNAPSHOT]
	at com.talentgrid.notification.consumer.NotificationKafkaConsumer.onMessage(NotificationKafkaConsumer.java:71) ~[!/:1.0.0-SNAPSHOT]
	at jdk.internal.reflect.GeneratedMethodAccessor33.invoke(Unknown Source) ~[na:na]
	at java.base/jdk.internal.reflect.DelegatingMethodAccessorImpl.invoke(DelegatingMethodAccessorImpl.java:43) ~[na:na]
	at java.base/java.lang.reflect.Method.invoke(Method.java:569) ~[na:na]
	at org.springframework.messaging.handler.invocation.InvocableHandlerMethod.doInvoke(InvocableHandlerMethod.java:169) ~[spring-messaging-6.2.0.jar!/:6.2.0]
	at org.springframework.kafka.listener.adapter.KotlinAwareInvocableHandlerMethod.doInvoke(KotlinAwareInvocableHandlerMethod.java:45) ~[spring-kafka-3.3.0.jar!/:3.3.0]
	at org.springframework.messaging.handler.invocation.InvocableHandlerMethod.invoke(InvocableHandlerMethod.java:119) ~[spring-messaging-6.2.0.jar!/:6.2.0]
	at org.springframework.kafka.listener.adapter.HandlerAdapter.invoke(HandlerAdapter.java:71) ~[spring-kafka-3.3.0.jar!/:3.3.0]
	at org.springframework.kafka.listener.adapter.MessagingMessageListenerAdapter.invokeHandler(MessagingMessageListenerAdapter.java:474) ~[spring-kafka-3.3.0.jar!/:3.3.0]
	at org.springframework.kafka.listener.adapter.MessagingMessageListenerAdapter.invoke(MessagingMessageListenerAdapter.java:421) ~[spring-kafka-3.3.0.jar!/:3.3.0]
	at org.springframework.kafka.listener.adapter.RecordMessagingMessageListenerAdapter.onMessage(RecordMessagingMessageListenerAdapter.java:85) ~[spring-kafka-3.3.0.jar!/:3.3.0]
	at org.springframework.kafka.listener.adapter.RecordMessagingMessageListenerAdapter.onMessage(RecordMessagingMessageListenerAdapter.java:50) ~[spring-kafka-3.3.0.jar!/:3.3.0]
	at org.springframework.kafka.listener.KafkaMessageListenerContainer$ListenerConsumer.doInvokeOnMessage(KafkaMessageListenerContainer.java:2875) ~[spring-kafka-3.3.0.jar!/:3.3.0]
	at org.springframework.kafka.listener.KafkaMessageListenerContainer$ListenerConsumer.invokeOnMessage(KafkaMessageListenerContainer.java:2853) ~[spring-kafka-3.3.0.jar!/:3.3.0]
	at org.springframework.kafka.listener.KafkaMessageListenerContainer$ListenerConsumer.doInvokeRecordListener(KafkaMessageListenerContainer.java:2766) ~[spring-kafka-3.3.0.jar!/:3.3.0]
	at org.springframework.kafka.listener.KafkaMessageListenerContainer$ListenerConsumer.doInvokeWithRecords(KafkaMessageListenerContainer.java:2604) ~[spring-kafka-3.3.0.jar!/:3.3.0]
	at org.springframework.kafka.listener.KafkaMessageListenerContainer$ListenerConsumer.invokeRecordListener(KafkaMessageListenerContainer.java:2493) ~[spring-kafka-3.3.0.jar!/:3.3.0]
	at org.springframework.kafka.listener.KafkaMessageListenerContainer$ListenerConsumer.invokeListener(KafkaMessageListenerContainer.java:2144) ~[spring-kafka-3.3.0.jar!/:3.3.0]
	at org.springframework.kafka.listener.KafkaMessageListenerContainer$ListenerConsumer.invokeIfHaveRecords(KafkaMessageListenerContainer.java:1520) ~[spring-kafka-3.3.0.jar!/:3.3.0]
	at org.springframework.kafka.listener.KafkaMessageListenerContainer$ListenerConsumer.pollAndInvoke(KafkaMessageListenerContainer.java:1458) ~[spring-kafka-3.3.0.jar!/:3.3.0]
	at org.springframework.kafka.listener.KafkaMessageListenerContainer$ListenerConsumer.run(KafkaMessageListenerContainer.java:1327) ~[spring-kafka-3.3.0.jar!/:3.3.0]
	at java.base/java.util.concurrent.CompletableFuture$AsyncRun.run(CompletableFuture.java:1804) ~[na:na]
	at java.base/java.lang.Thread.run(Thread.java:840) ~[na:na]
Caused by: jakarta.mail.AuthenticationFailedException: failed to connect, no password specified?
	at jakarta.mail.Service.connect(Service.java:379) ~[jakarta.mail-2.0.3.jar!/:na]
	at org.springframework.mail.javamail.JavaMailSenderImpl.connectTransport(JavaMailSenderImpl.java:480) ~[spring-context-support-6.2.0.jar!/:6.2.0]
	at org.springframework.mail.javamail.JavaMailSenderImpl.doSend(JavaMailSenderImpl.java:399) ~[spring-context-support-6.2.0.jar!/:6.2.0]
	... 29 common frames omitted

2026-06-22T19:14:41.547+05:30  WARN 80684 --- [notification-service] [ntainer#0-1-C-1] c.t.n.s.NotificationOrchestrationService : [NOTIFICATION] ⚠ Delivery complete with failures | userId=253 | type=OFFER_UPDATED | success=1 | failure=1
2026-06-22T19:15:06.507+05:30  INFO 80684 --- [notification-service] [ntainer#0-1-C-1] c.t.n.c.NotificationKafkaConsumer        : [NOTIFICATION-CONSUMER] ▶ Message received | topic=notification.send | partition=1 | offset=32
2026-06-22T19:15:06.510+05:30  INFO 80684 --- [notification-service] [ntainer#0-1-C-1] c.t.n.c.NotificationKafkaConsumer        : [NOTIFICATION-CONSUMER] ▶ Payload deserialized | type=OFFER_UPDATED | userId=253 | channels=[IN_APP, EMAIL] | emailPresent=true
2026-06-22T19:15:06.511+05:30  INFO 80684 --- [notification-service] [ntainer#0-1-C-1] c.t.kafka.consumer.BaseKafkaConsumer     : [KAFKA-CONSUMER] Received event | type=NOTIFICATION_SEND | eventId=2f327a20-ff38-4b6c-85bc-8c1cfd329512 | source=offer-service | correlationId=071b8cf7-1f36-4d9e-b08c-fa38d016eb5d
2026-06-22T19:15:06.511+05:30  INFO 80684 --- [notification-service] [ntainer#0-1-C-1] c.t.n.s.NotificationOrchestrationService : [NOTIFICATION] ▶ Processing | userId=253 | type=OFFER_UPDATED | channels=[IN_APP, EMAIL] | ref=OFFER:152 | emailPresent=true
2026-06-22T19:15:06.511+05:30  INFO 80684 --- [notification-service] [ntainer#0-1-C-1] c.t.n.s.NotificationOrchestrationService : [NOTIFICATION] ▶ Attempting channel='IN_APP' | userId=253 | type=OFFER_UPDATED
2026-06-22T19:15:06.511+05:30  INFO 80684 --- [notification-service] [ntainer#0-1-C-1] c.t.n.channel.InAppNotificationChannel   : [IN-APP] Persisting notification | userId=253 | type=OFFER_UPDATED | ref=OFFER:152
2026-06-22T19:15:06.524+05:30  INFO 80684 --- [notification-service] [ntainer#0-1-C-1] c.t.n.channel.InAppNotificationChannel   : [IN-APP] Notification persisted | id=82 | userId=253 | type=OFFER_UPDATED
2026-06-22T19:15:06.524+05:30  INFO 80684 --- [notification-service] [ntainer#0-1-C-1] c.t.n.s.NotificationOrchestrationService : [NOTIFICATION] ✓ Channel='IN_APP' delivered | userId=253 | type=OFFER_UPDATED
2026-06-22T19:15:06.524+05:30  INFO 80684 --- [notification-service] [ntainer#0-1-C-1] c.t.n.s.NotificationOrchestrationService : [NOTIFICATION] ▶ Attempting channel='EMAIL' | userId=253 | type=OFFER_UPDATED
2026-06-22T19:15:06.524+05:30  INFO 80684 --- [notification-service] [ntainer#0-1-C-1] c.t.n.channel.EmailNotificationChannel   : [EMAIL] ▶ Starting email delivery | userId=253 | type=OFFER_UPDATED | templateId=offer-updated | toPresent=true
2026-06-22T19:15:06.526+05:30 ERROR 80684 --- [notification-service] [ntainer#0-1-C-1] org.thymeleaf.TemplateEngine             : [THYMELEAF][org.springframework.kafka.KafkaListenerEndpointContainer#0-1-C-1] Exception processing template "email/offer-updated": Error resolving template [email/offer-updated], template might not exist or might not be accessible by any of the configured Template Resolvers

org.thymeleaf.exceptions.TemplateInputException: Error resolving template [email/offer-updated], template might not exist or might not be accessible by any of the configured Template Resolvers
	at org.thymeleaf.engine.TemplateManager.resolveTemplate(TemplateManager.java:869) ~[thymeleaf-3.1.2.RELEASE.jar!/:3.1.2.RELEASE]
	at org.thymeleaf.engine.TemplateManager.parseAndProcess(TemplateManager.java:607) ~[thymeleaf-3.1.2.RELEASE.jar!/:3.1.2.RELEASE]
	at org.thymeleaf.TemplateEngine.process(TemplateEngine.java:1103) ~[thymeleaf-3.1.2.RELEASE.jar!/:3.1.2.RELEASE]
	at org.thymeleaf.TemplateEngine.process(TemplateEngine.java:1064) ~[thymeleaf-3.1.2.RELEASE.jar!/:3.1.2.RELEASE]
	at org.thymeleaf.TemplateEngine.process(TemplateEngine.java:1053) ~[thymeleaf-3.1.2.RELEASE.jar!/:3.1.2.RELEASE]
	at com.talentgrid.notification.channel.EmailNotificationChannel.resolveContent(EmailNotificationChannel.java:136) ~[!/:1.0.0-SNAPSHOT]
	at com.talentgrid.notification.channel.EmailNotificationChannel.deliver(EmailNotificationChannel.java:75) ~[!/:1.0.0-SNAPSHOT]
	at com.talentgrid.notification.service.NotificationOrchestrationService.process(NotificationOrchestrationService.java:78) ~[!/:1.0.0-SNAPSHOT]
	at com.talentgrid.notification.consumer.NotificationKafkaConsumer.handleEvent(NotificationKafkaConsumer.java:83) ~[!/:1.0.0-SNAPSHOT]
	at com.talentgrid.kafka.consumer.BaseKafkaConsumer.process(BaseKafkaConsumer.java:13) ~[talentgrid-kafka-1.0.0-SNAPSHOT.jar!/:1.0.0-SNAPSHOT]
	at com.talentgrid.notification.consumer.NotificationKafkaConsumer.onMessage(NotificationKafkaConsumer.java:71) ~[!/:1.0.0-SNAPSHOT]
	at jdk.internal.reflect.GeneratedMethodAccessor33.invoke(Unknown Source) ~[na:na]
	at java.base/jdk.internal.reflect.DelegatingMethodAccessorImpl.invoke(DelegatingMethodAccessorImpl.java:43) ~[na:na]
	at java.base/java.lang.reflect.Method.invoke(Method.java:569) ~[na:na]
	at org.springframework.messaging.handler.invocation.InvocableHandlerMethod.doInvoke(InvocableHandlerMethod.java:169) ~[spring-messaging-6.2.0.jar!/:6.2.0]
	at org.springframework.kafka.listener.adapter.KotlinAwareInvocableHandlerMethod.doInvoke(KotlinAwareInvocableHandlerMethod.java:45) ~[spring-kafka-3.3.0.jar!/:3.3.0]
	at org.springframework.messaging.handler.invocation.InvocableHandlerMethod.invoke(InvocableHandlerMethod.java:119) ~[spring-messaging-6.2.0.jar!/:6.2.0]
	at org.springframework.kafka.listener.adapter.HandlerAdapter.invoke(HandlerAdapter.java:71) ~[spring-kafka-3.3.0.jar!/:3.3.0]
	at org.springframework.kafka.listener.adapter.MessagingMessageListenerAdapter.invokeHandler(MessagingMessageListenerAdapter.java:474) ~[spring-kafka-3.3.0.jar!/:3.3.0]
	at org.springframework.kafka.listener.adapter.MessagingMessageListenerAdapter.invoke(MessagingMessageListenerAdapter.java:421) ~[spring-kafka-3.3.0.jar!/:3.3.0]
	at org.springframework.kafka.listener.adapter.RecordMessagingMessageListenerAdapter.onMessage(RecordMessagingMessageListenerAdapter.java:85) ~[spring-kafka-3.3.0.jar!/:3.3.0]
	at org.springframework.kafka.listener.adapter.RecordMessagingMessageListenerAdapter.onMessage(RecordMessagingMessageListenerAdapter.java:50) ~[spring-kafka-3.3.0.jar!/:3.3.0]
	at org.springframework.kafka.listener.KafkaMessageListenerContainer$ListenerConsumer.doInvokeOnMessage(KafkaMessageListenerContainer.java:2875) ~[spring-kafka-3.3.0.jar!/:3.3.0]
	at org.springframework.kafka.listener.KafkaMessageListenerContainer$ListenerConsumer.invokeOnMessage(KafkaMessageListenerContainer.java:2853) ~[spring-kafka-3.3.0.jar!/:3.3.0]
	at org.springframework.kafka.listener.KafkaMessageListenerContainer$ListenerConsumer.doInvokeRecordListener(KafkaMessageListenerContainer.java:2766) ~[spring-kafka-3.3.0.jar!/:3.3.0]
	at org.springframework.kafka.listener.KafkaMessageListenerContainer$ListenerConsumer.doInvokeWithRecords(KafkaMessageListenerContainer.java:2604) ~[spring-kafka-3.3.0.jar!/:3.3.0]
	at org.springframework.kafka.listener.KafkaMessageListenerContainer$ListenerConsumer.invokeRecordListener(KafkaMessageListenerContainer.java:2493) ~[spring-kafka-3.3.0.jar!/:3.3.0]
	at org.springframework.kafka.listener.KafkaMessageListenerContainer$ListenerConsumer.invokeListener(KafkaMessageListenerContainer.java:2144) ~[spring-kafka-3.3.0.jar!/:3.3.0]
	at org.springframework.kafka.listener.KafkaMessageListenerContainer$ListenerConsumer.invokeIfHaveRecords(KafkaMessageListenerContainer.java:1520) ~[spring-kafka-3.3.0.jar!/:3.3.0]
	at org.springframework.kafka.listener.KafkaMessageListenerContainer$ListenerConsumer.pollAndInvoke(KafkaMessageListenerContainer.java:1458) ~[spring-kafka-3.3.0.jar!/:3.3.0]
	at org.springframework.kafka.listener.KafkaMessageListenerContainer$ListenerConsumer.run(KafkaMessageListenerContainer.java:1327) ~[spring-kafka-3.3.0.jar!/:3.3.0]
	at java.base/java.util.concurrent.CompletableFuture$AsyncRun.run(CompletableFuture.java:1804) ~[na:na]
	at java.base/java.lang.Thread.run(Thread.java:840) ~[na:na]

2026-06-22T19:15:06.530+05:30  WARN 80684 --- [notification-service] [ntainer#0-1-C-1] c.t.n.channel.EmailNotificationChannel   : [EMAIL] Template 'offer-updated' failed to render — falling back to plain HTML. Check that templates/email/offer-updated.html exists in notification-service resources. Error: Error resolving template [email/offer-updated], template might not exist or might not be accessible by any of the configured Template Resolvers
2026-06-22T19:15:06.536+05:30  INFO 80684 --- [notification-service] [ntainer#0-1-C-1] c.t.n.channel.EmailNotificationChannel   : [EMAIL] ▶ Invoking SMTP send | host=smtp.gmail.com | port=587 | userId=253
2026-06-22T19:15:06.536+05:30 ERROR 80684 --- [notification-service] [ntainer#0-1-C-1] c.t.n.channel.EmailNotificationChannel   : [EMAIL] ✗ SMTP authentication failed — check spring.mail.password in application.properties. Gmail requires an App Password (not your account password). Generate one at: https://myaccount.google.com/apppasswords | error=Authentication failed
2026-06-22T19:15:06.536+05:30 ERROR 80684 --- [notification-service] [ntainer#0-1-C-1] c.t.n.s.NotificationOrchestrationService : [NOTIFICATION] ✗ Channel='EMAIL' delivery failed | userId=253 | type=OFFER_UPDATED | error=Authentication failed

org.springframework.mail.MailAuthenticationException: Authentication failed
	at org.springframework.mail.javamail.JavaMailSenderImpl.doSend(JavaMailSenderImpl.java:402) ~[spring-context-support-6.2.0.jar!/:6.2.0]
	at org.springframework.mail.javamail.JavaMailSenderImpl.send(JavaMailSenderImpl.java:350) ~[spring-context-support-6.2.0.jar!/:6.2.0]
	at org.springframework.mail.javamail.JavaMailSender.send(JavaMailSender.java:101) ~[spring-context-support-6.2.0.jar!/:6.2.0]
	at com.talentgrid.notification.channel.EmailNotificationChannel.deliver(EmailNotificationChannel.java:94) ~[!/:1.0.0-SNAPSHOT]
	at com.talentgrid.notification.service.NotificationOrchestrationService.process(NotificationOrchestrationService.java:78) ~[!/:1.0.0-SNAPSHOT]
	at com.talentgrid.notification.consumer.NotificationKafkaConsumer.handleEvent(NotificationKafkaConsumer.java:83) ~[!/:1.0.0-SNAPSHOT]
	at com.talentgrid.kafka.consumer.BaseKafkaConsumer.process(BaseKafkaConsumer.java:13) ~[talentgrid-kafka-1.0.0-SNAPSHOT.jar!/:1.0.0-SNAPSHOT]
	at com.talentgrid.notification.consumer.NotificationKafkaConsumer.onMessage(NotificationKafkaConsumer.java:71) ~[!/:1.0.0-SNAPSHOT]
	at jdk.internal.reflect.GeneratedMethodAccessor33.invoke(Unknown Source) ~[na:na]
	at java.base/jdk.internal.reflect.DelegatingMethodAccessorImpl.invoke(DelegatingMethodAccessorImpl.java:43) ~[na:na]
	at java.base/java.lang.reflect.Method.invoke(Method.java:569) ~[na:na]
	at org.springframework.messaging.handler.invocation.InvocableHandlerMethod.doInvoke(InvocableHandlerMethod.java:169) ~[spring-messaging-6.2.0.jar!/:6.2.0]
	at org.springframework.kafka.listener.adapter.KotlinAwareInvocableHandlerMethod.doInvoke(KotlinAwareInvocableHandlerMethod.java:45) ~[spring-kafka-3.3.0.jar!/:3.3.0]
	at org.springframework.messaging.handler.invocation.InvocableHandlerMethod.invoke(InvocableHandlerMethod.java:119) ~[spring-messaging-6.2.0.jar!/:6.2.0]
	at org.springframework.kafka.listener.adapter.HandlerAdapter.invoke(HandlerAdapter.java:71) ~[spring-kafka-3.3.0.jar!/:3.3.0]
	at org.springframework.kafka.listener.adapter.MessagingMessageListenerAdapter.invokeHandler(MessagingMessageListenerAdapter.java:474) ~[spring-kafka-3.3.0.jar!/:3.3.0]
	at org.springframework.kafka.listener.adapter.MessagingMessageListenerAdapter.invoke(MessagingMessageListenerAdapter.java:421) ~[spring-kafka-3.3.0.jar!/:3.3.0]
	at org.springframework.kafka.listener.adapter.RecordMessagingMessageListenerAdapter.onMessage(RecordMessagingMessageListenerAdapter.java:85) ~[spring-kafka-3.3.0.jar!/:3.3.0]
	at org.springframework.kafka.listener.adapter.RecordMessagingMessageListenerAdapter.onMessage(RecordMessagingMessageListenerAdapter.java:50) ~[spring-kafka-3.3.0.jar!/:3.3.0]
	at org.springframework.kafka.listener.KafkaMessageListenerContainer$ListenerConsumer.doInvokeOnMessage(KafkaMessageListenerContainer.java:2875) ~[spring-kafka-3.3.0.jar!/:3.3.0]
	at org.springframework.kafka.listener.KafkaMessageListenerContainer$ListenerConsumer.invokeOnMessage(KafkaMessageListenerContainer.java:2853) ~[spring-kafka-3.3.0.jar!/:3.3.0]
	at org.springframework.kafka.listener.KafkaMessageListenerContainer$ListenerConsumer.doInvokeRecordListener(KafkaMessageListenerContainer.java:2766) ~[spring-kafka-3.3.0.jar!/:3.3.0]
	at org.springframework.kafka.listener.KafkaMessageListenerContainer$ListenerConsumer.doInvokeWithRecords(KafkaMessageListenerContainer.java:2604) ~[spring-kafka-3.3.0.jar!/:3.3.0]
	at org.springframework.kafka.listener.KafkaMessageListenerContainer$ListenerConsumer.invokeRecordListener(KafkaMessageListenerContainer.java:2493) ~[spring-kafka-3.3.0.jar!/:3.3.0]
	at org.springframework.kafka.listener.KafkaMessageListenerContainer$ListenerConsumer.invokeListener(KafkaMessageListenerContainer.java:2144) ~[spring-kafka-3.3.0.jar!/:3.3.0]
	at org.springframework.kafka.listener.KafkaMessageListenerContainer$ListenerConsumer.invokeIfHaveRecords(KafkaMessageListenerContainer.java:1520) ~[spring-kafka-3.3.0.jar!/:3.3.0]
	at org.springframework.kafka.listener.KafkaMessageListenerContainer$ListenerConsumer.pollAndInvoke(KafkaMessageListenerContainer.java:1458) ~[spring-kafka-3.3.0.jar!/:3.3.0]
	at org.springframework.kafka.listener.KafkaMessageListenerContainer$ListenerConsumer.run(KafkaMessageListenerContainer.java:1327) ~[spring-kafka-3.3.0.jar!/:3.3.0]
	at java.base/java.util.concurrent.CompletableFuture$AsyncRun.run(CompletableFuture.java:1804) ~[na:na]
	at java.base/java.lang.Thread.run(Thread.java:840) ~[na:na]
Caused by: jakarta.mail.AuthenticationFailedException: failed to connect, no password specified?
	at jakarta.mail.Service.connect(Service.java:379) ~[jakarta.mail-2.0.3.jar!/:na]
	at org.springframework.mail.javamail.JavaMailSenderImpl.connectTransport(JavaMailSenderImpl.java:480) ~[spring-context-support-6.2.0.jar!/:6.2.0]
	at org.springframework.mail.javamail.JavaMailSenderImpl.doSend(JavaMailSenderImpl.java:399) ~[spring-context-support-6.2.0.jar!/:6.2.0]
	... 29 common frames omitted

2026-06-22T19:15:06.537+05:30  WARN 80684 --- [notification-service] [ntainer#0-1-C-1] c.t.n.s.NotificationOrchestrationService : [NOTIFICATION] ⚠ Delivery complete with failures | userId=253 | type=OFFER_UPDATED | success=1 | failure=1
2026-06-22T19:21:57.973+05:30  INFO 80684 --- [notification-service] [ntainer#0-1-C-1] c.t.n.c.NotificationKafkaConsumer        : [NOTIFICATION-CONSUMER] ▶ Message received | topic=notification.send | partition=1 | offset=33
2026-06-22T19:21:57.978+05:30  INFO 80684 --- [notification-service] [ntainer#0-1-C-1] c.t.n.c.NotificationKafkaConsumer        : [NOTIFICATION-CONSUMER] ▶ Payload deserialized | type=OFFER_UPDATED | userId=253 | channels=[IN_APP, EMAIL] | emailPresent=true
2026-06-22T19:21:57.978+05:30  INFO 80684 --- [notification-service] [ntainer#0-1-C-1] c.t.kafka.consumer.BaseKafkaConsumer     : [KAFKA-CONSUMER] Received event | type=NOTIFICATION_SEND | eventId=2ba08c5f-1fe3-4d5c-97ff-d9f285047bf9 | source=offer-service | correlationId=e355d756-33fb-4f22-b35f-69fa26d08459
2026-06-22T19:21:57.978+05:30  INFO 80684 --- [notification-service] [ntainer#0-1-C-1] c.t.n.s.NotificationOrchestrationService : [NOTIFICATION] ▶ Processing | userId=253 | type=OFFER_UPDATED | channels=[IN_APP, EMAIL] | ref=OFFER:152 | emailPresent=true
2026-06-22T19:21:57.978+05:30  INFO 80684 --- [notification-service] [ntainer#0-1-C-1] c.t.n.s.NotificationOrchestrationService : [NOTIFICATION] ▶ Attempting channel='IN_APP' | userId=253 | type=OFFER_UPDATED
2026-06-22T19:21:57.978+05:30  INFO 80684 --- [notification-service] [ntainer#0-1-C-1] c.t.n.channel.InAppNotificationChannel   : [IN-APP] Persisting notification | userId=253 | type=OFFER_UPDATED | ref=OFFER:152
2026-06-22T19:21:57.995+05:30  INFO 80684 --- [notification-service] [ntainer#0-1-C-1] c.t.n.channel.InAppNotificationChannel   : [IN-APP] Notification persisted | id=83 | userId=253 | type=OFFER_UPDATED
2026-06-22T19:21:57.995+05:30  INFO 80684 --- [notification-service] [ntainer#0-1-C-1] c.t.n.s.NotificationOrchestrationService : [NOTIFICATION] ✓ Channel='IN_APP' delivered | userId=253 | type=OFFER_UPDATED
2026-06-22T19:21:57.995+05:30  INFO 80684 --- [notification-service] [ntainer#0-1-C-1] c.t.n.s.NotificationOrchestrationService : [NOTIFICATION] ▶ Attempting channel='EMAIL' | userId=253 | type=OFFER_UPDATED
2026-06-22T19:21:57.995+05:30  INFO 80684 --- [notification-service] [ntainer#0-1-C-1] c.t.n.channel.EmailNotificationChannel   : [EMAIL] ▶ Starting email delivery | userId=253 | type=OFFER_UPDATED | templateId=offer-updated | toPresent=true
2026-06-22T19:21:57.997+05:30 ERROR 80684 --- [notification-service] [ntainer#0-1-C-1] org.thymeleaf.TemplateEngine             : [THYMELEAF][org.springframework.kafka.KafkaListenerEndpointContainer#0-1-C-1] Exception processing template "email/offer-updated": Error resolving template [email/offer-updated], template might not exist or might not be accessible by any of the configured Template Resolvers

org.thymeleaf.exceptions.TemplateInputException: Error resolving template [email/offer-updated], template might not exist or might not be accessible by any of the configured Template Resolvers
	at org.thymeleaf.engine.TemplateManager.resolveTemplate(TemplateManager.java:869) ~[thymeleaf-3.1.2.RELEASE.jar!/:3.1.2.RELEASE]
	at org.thymeleaf.engine.TemplateManager.parseAndProcess(TemplateManager.java:607) ~[thymeleaf-3.1.2.RELEASE.jar!/:3.1.2.RELEASE]
	at org.thymeleaf.TemplateEngine.process(TemplateEngine.java:1103) ~[thymeleaf-3.1.2.RELEASE.jar!/:3.1.2.RELEASE]
	at org.thymeleaf.TemplateEngine.process(TemplateEngine.java:1064) ~[thymeleaf-3.1.2.RELEASE.jar!/:3.1.2.RELEASE]
	at org.thymeleaf.TemplateEngine.process(TemplateEngine.java:1053) ~[thymeleaf-3.1.2.RELEASE.jar!/:3.1.2.RELEASE]
	at com.talentgrid.notification.channel.EmailNotificationChannel.resolveContent(EmailNotificationChannel.java:136) ~[!/:1.0.0-SNAPSHOT]
	at com.talentgrid.notification.channel.EmailNotificationChannel.deliver(EmailNotificationChannel.java:75) ~[!/:1.0.0-SNAPSHOT]
	at com.talentgrid.notification.service.NotificationOrchestrationService.process(NotificationOrchestrationService.java:78) ~[!/:1.0.0-SNAPSHOT]
	at com.talentgrid.notification.consumer.NotificationKafkaConsumer.handleEvent(NotificationKafkaConsumer.java:83) ~[!/:1.0.0-SNAPSHOT]
	at com.talentgrid.kafka.consumer.BaseKafkaConsumer.process(BaseKafkaConsumer.java:13) ~[talentgrid-kafka-1.0.0-SNAPSHOT.jar!/:1.0.0-SNAPSHOT]
	at com.talentgrid.notification.consumer.NotificationKafkaConsumer.onMessage(NotificationKafkaConsumer.java:71) ~[!/:1.0.0-SNAPSHOT]
	at jdk.internal.reflect.GeneratedMethodAccessor33.invoke(Unknown Source) ~[na:na]
	at java.base/jdk.internal.reflect.DelegatingMethodAccessorImpl.invoke(DelegatingMethodAccessorImpl.java:43) ~[na:na]
	at java.base/java.lang.reflect.Method.invoke(Method.java:569) ~[na:na]
	at org.springframework.messaging.handler.invocation.InvocableHandlerMethod.doInvoke(InvocableHandlerMethod.java:169) ~[spring-messaging-6.2.0.jar!/:6.2.0]
	at org.springframework.kafka.listener.adapter.KotlinAwareInvocableHandlerMethod.doInvoke(KotlinAwareInvocableHandlerMethod.java:45) ~[spring-kafka-3.3.0.jar!/:3.3.0]
	at org.springframework.messaging.handler.invocation.InvocableHandlerMethod.invoke(InvocableHandlerMethod.java:119) ~[spring-messaging-6.2.0.jar!/:6.2.0]
	at org.springframework.kafka.listener.adapter.HandlerAdapter.invoke(HandlerAdapter.java:71) ~[spring-kafka-3.3.0.jar!/:3.3.0]
	at org.springframework.kafka.listener.adapter.MessagingMessageListenerAdapter.invokeHandler(MessagingMessageListenerAdapter.java:474) ~[spring-kafka-3.3.0.jar!/:3.3.0]
	at org.springframework.kafka.listener.adapter.MessagingMessageListenerAdapter.invoke(MessagingMessageListenerAdapter.java:421) ~[spring-kafka-3.3.0.jar!/:3.3.0]
	at org.springframework.kafka.listener.adapter.RecordMessagingMessageListenerAdapter.onMessage(RecordMessagingMessageListenerAdapter.java:85) ~[spring-kafka-3.3.0.jar!/:3.3.0]
	at org.springframework.kafka.listener.adapter.RecordMessagingMessageListenerAdapter.onMessage(RecordMessagingMessageListenerAdapter.java:50) ~[spring-kafka-3.3.0.jar!/:3.3.0]
	at org.springframework.kafka.listener.KafkaMessageListenerContainer$ListenerConsumer.doInvokeOnMessage(KafkaMessageListenerContainer.java:2875) ~[spring-kafka-3.3.0.jar!/:3.3.0]
	at org.springframework.kafka.listener.KafkaMessageListenerContainer$ListenerConsumer.invokeOnMessage(KafkaMessageListenerContainer.java:2853) ~[spring-kafka-3.3.0.jar!/:3.3.0]
	at org.springframework.kafka.listener.KafkaMessageListenerContainer$ListenerConsumer.doInvokeRecordListener(KafkaMessageListenerContainer.java:2766) ~[spring-kafka-3.3.0.jar!/:3.3.0]
	at org.springframework.kafka.listener.KafkaMessageListenerContainer$ListenerConsumer.doInvokeWithRecords(KafkaMessageListenerContainer.java:2604) ~[spring-kafka-3.3.0.jar!/:3.3.0]
	at org.springframework.kafka.listener.KafkaMessageListenerContainer$ListenerConsumer.invokeRecordListener(KafkaMessageListenerContainer.java:2493) ~[spring-kafka-3.3.0.jar!/:3.3.0]
	at org.springframework.kafka.listener.KafkaMessageListenerContainer$ListenerConsumer.invokeListener(KafkaMessageListenerContainer.java:2144) ~[spring-kafka-3.3.0.jar!/:3.3.0]
	at org.springframework.kafka.listener.KafkaMessageListenerContainer$ListenerConsumer.invokeIfHaveRecords(KafkaMessageListenerContainer.java:1520) ~[spring-kafka-3.3.0.jar!/:3.3.0]
	at org.springframework.kafka.listener.KafkaMessageListenerContainer$ListenerConsumer.pollAndInvoke(KafkaMessageListenerContainer.java:1458) ~[spring-kafka-3.3.0.jar!/:3.3.0]
	at org.springframework.kafka.listener.KafkaMessageListenerContainer$ListenerConsumer.run(KafkaMessageListenerContainer.java:1327) ~[spring-kafka-3.3.0.jar!/:3.3.0]
	at java.base/java.util.concurrent.CompletableFuture$AsyncRun.run(CompletableFuture.java:1804) ~[na:na]
	at java.base/java.lang.Thread.run(Thread.java:840) ~[na:na]

2026-06-22T19:21:57.999+05:30  WARN 80684 --- [notification-service] [ntainer#0-1-C-1] c.t.n.channel.EmailNotificationChannel   : [EMAIL] Template 'offer-updated' failed to render — falling back to plain HTML. Check that templates/email/offer-updated.html exists in notification-service resources. Error: Error resolving template [email/offer-updated], template might not exist or might not be accessible by any of the configured Template Resolvers
2026-06-22T19:21:58.002+05:30  INFO 80684 --- [notification-service] [ntainer#0-1-C-1] c.t.n.channel.EmailNotificationChannel   : [EMAIL] ▶ Invoking SMTP send | host=smtp.gmail.com | port=587 | userId=253
2026-06-22T19:21:58.070+05:30 ERROR 80684 --- [notification-service] [ntainer#0-1-C-1] c.t.n.channel.EmailNotificationChannel   : [EMAIL] ✗ SMTP authentication failed — check spring.mail.password in application.properties. Gmail requires an App Password (not your account password). Generate one at: https://myaccount.google.com/apppasswords | error=Authentication failed
2026-06-22T19:21:58.071+05:30 ERROR 80684 --- [notification-service] [ntainer#0-1-C-1] c.t.n.s.NotificationOrchestrationService : [NOTIFICATION] ✗ Channel='EMAIL' delivery failed | userId=253 | type=OFFER_UPDATED | error=Authentication failed

org.springframework.mail.MailAuthenticationException: Authentication failed
	at org.springframework.mail.javamail.JavaMailSenderImpl.doSend(JavaMailSenderImpl.java:402) ~[spring-context-support-6.2.0.jar!/:6.2.0]
	at org.springframework.mail.javamail.JavaMailSenderImpl.send(JavaMailSenderImpl.java:350) ~[spring-context-support-6.2.0.jar!/:6.2.0]
	at org.springframework.mail.javamail.JavaMailSender.send(JavaMailSender.java:101) ~[spring-context-support-6.2.0.jar!/:6.2.0]
	at com.talentgrid.notification.channel.EmailNotificationChannel.deliver(EmailNotificationChannel.java:94) ~[!/:1.0.0-SNAPSHOT]
	at com.talentgrid.notification.service.NotificationOrchestrationService.process(NotificationOrchestrationService.java:78) ~[!/:1.0.0-SNAPSHOT]
	at com.talentgrid.notification.consumer.NotificationKafkaConsumer.handleEvent(NotificationKafkaConsumer.java:83) ~[!/:1.0.0-SNAPSHOT]
	at com.talentgrid.kafka.consumer.BaseKafkaConsumer.process(BaseKafkaConsumer.java:13) ~[talentgrid-kafka-1.0.0-SNAPSHOT.jar!/:1.0.0-SNAPSHOT]
	at com.talentgrid.notification.consumer.NotificationKafkaConsumer.onMessage(NotificationKafkaConsumer.java:71) ~[!/:1.0.0-SNAPSHOT]
	at jdk.internal.reflect.GeneratedMethodAccessor33.invoke(Unknown Source) ~[na:na]
	at java.base/jdk.internal.reflect.DelegatingMethodAccessorImpl.invoke(DelegatingMethodAccessorImpl.java:43) ~[na:na]
	at java.base/java.lang.reflect.Method.invoke(Method.java:569) ~[na:na]
	at org.springframework.messaging.handler.invocation.InvocableHandlerMethod.doInvoke(InvocableHandlerMethod.java:169) ~[spring-messaging-6.2.0.jar!/:6.2.0]
	at org.springframework.kafka.listener.adapter.KotlinAwareInvocableHandlerMethod.doInvoke(KotlinAwareInvocableHandlerMethod.java:45) ~[spring-kafka-3.3.0.jar!/:3.3.0]
	at org.springframework.messaging.handler.invocation.InvocableHandlerMethod.invoke(InvocableHandlerMethod.java:119) ~[spring-messaging-6.2.0.jar!/:6.2.0]
	at org.springframework.kafka.listener.adapter.HandlerAdapter.invoke(HandlerAdapter.java:71) ~[spring-kafka-3.3.0.jar!/:3.3.0]
	at org.springframework.kafka.listener.adapter.MessagingMessageListenerAdapter.invokeHandler(MessagingMessageListenerAdapter.java:474) ~[spring-kafka-3.3.0.jar!/:3.3.0]
	at org.springframework.kafka.listener.adapter.MessagingMessageListenerAdapter.invoke(MessagingMessageListenerAdapter.java:421) ~[spring-kafka-3.3.0.jar!/:3.3.0]
	at org.springframework.kafka.listener.adapter.RecordMessagingMessageListenerAdapter.onMessage(RecordMessagingMessageListenerAdapter.java:85) ~[spring-kafka-3.3.0.jar!/:3.3.0]
	at org.springframework.kafka.listener.adapter.RecordMessagingMessageListenerAdapter.onMessage(RecordMessagingMessageListenerAdapter.java:50) ~[spring-kafka-3.3.0.jar!/:3.3.0]
	at org.springframework.kafka.listener.KafkaMessageListenerContainer$ListenerConsumer.doInvokeOnMessage(KafkaMessageListenerContainer.java:2875) ~[spring-kafka-3.3.0.jar!/:3.3.0]
	at org.springframework.kafka.listener.KafkaMessageListenerContainer$ListenerConsumer.invokeOnMessage(KafkaMessageListenerContainer.java:2853) ~[spring-kafka-3.3.0.jar!/:3.3.0]
	at org.springframework.kafka.listener.KafkaMessageListenerContainer$ListenerConsumer.doInvokeRecordListener(KafkaMessageListenerContainer.java:2766) ~[spring-kafka-3.3.0.jar!/:3.3.0]
	at org.springframework.kafka.listener.KafkaMessageListenerContainer$ListenerConsumer.doInvokeWithRecords(KafkaMessageListenerContainer.java:2604) ~[spring-kafka-3.3.0.jar!/:3.3.0]
	at org.springframework.kafka.listener.KafkaMessageListenerContainer$ListenerConsumer.invokeRecordListener(KafkaMessageListenerContainer.java:2493) ~[spring-kafka-3.3.0.jar!/:3.3.0]
	at org.springframework.kafka.listener.KafkaMessageListenerContainer$ListenerConsumer.invokeListener(KafkaMessageListenerContainer.java:2144) ~[spring-kafka-3.3.0.jar!/:3.3.0]
	at org.springframework.kafka.listener.KafkaMessageListenerContainer$ListenerConsumer.invokeIfHaveRecords(KafkaMessageListenerContainer.java:1520) ~[spring-kafka-3.3.0.jar!/:3.3.0]
	at org.springframework.kafka.listener.KafkaMessageListenerContainer$ListenerConsumer.pollAndInvoke(KafkaMessageListenerContainer.java:1458) ~[spring-kafka-3.3.0.jar!/:3.3.0]
	at org.springframework.kafka.listener.KafkaMessageListenerContainer$ListenerConsumer.run(KafkaMessageListenerContainer.java:1327) ~[spring-kafka-3.3.0.jar!/:3.3.0]
	at java.base/java.util.concurrent.CompletableFuture$AsyncRun.run(CompletableFuture.java:1804) ~[na:na]
	at java.base/java.lang.Thread.run(Thread.java:840) ~[na:na]
Caused by: jakarta.mail.AuthenticationFailedException: failed to connect, no password specified?
	at jakarta.mail.Service.connect(Service.java:379) ~[jakarta.mail-2.0.3.jar!/:na]
	at org.springframework.mail.javamail.JavaMailSenderImpl.connectTransport(JavaMailSenderImpl.java:480) ~[spring-context-support-6.2.0.jar!/:6.2.0]
	at org.springframework.mail.javamail.JavaMailSenderImpl.doSend(JavaMailSenderImpl.java:399) ~[spring-context-support-6.2.0.jar!/:6.2.0]
	... 29 common frames omitted

2026-06-22T19:21:58.072+05:30  WARN 80684 --- [notification-service] [ntainer#0-1-C-1] c.t.n.s.NotificationOrchestrationService : [NOTIFICATION] ⚠ Delivery complete with failures | userId=253 | type=OFFER_UPDATED | success=1 | failure=1
2026-06-22T19:25:24.215+05:30  INFO 80684 --- [notification-service] [ntainer#0-1-C-1] c.t.n.c.NotificationKafkaConsumer        : [NOTIFICATION-CONSUMER] ▶ Message received | topic=notification.send | partition=1 | offset=34
2026-06-22T19:25:24.222+05:30  INFO 80684 --- [notification-service] [ntainer#0-1-C-1] c.t.n.c.NotificationKafkaConsumer        : [NOTIFICATION-CONSUMER] ▶ Payload deserialized | type=OFFER_PENDING_NEXT_APPROVAL | userId=253 | channels=[IN_APP, EMAIL] | emailPresent=true
2026-06-22T19:25:24.222+05:30  INFO 80684 --- [notification-service] [ntainer#0-1-C-1] c.t.kafka.consumer.BaseKafkaConsumer     : [KAFKA-CONSUMER] Received event | type=NOTIFICATION_SEND | eventId=de469c41-f4ba-442a-9443-1eda1584ef33 | source=offer-service | correlationId=72800129-7c61-4923-b010-4ca7a582f670
2026-06-22T19:25:24.222+05:30  INFO 80684 --- [notification-service] [ntainer#0-1-C-1] c.t.n.s.NotificationOrchestrationService : [NOTIFICATION] ▶ Processing | userId=253 | type=OFFER_PENDING_NEXT_APPROVAL | channels=[IN_APP, EMAIL] | ref=OFFER:152 | emailPresent=true
2026-06-22T19:25:24.223+05:30  INFO 80684 --- [notification-service] [ntainer#0-1-C-1] c.t.n.s.NotificationOrchestrationService : [NOTIFICATION] ▶ Attempting channel='IN_APP' | userId=253 | type=OFFER_PENDING_NEXT_APPROVAL
2026-06-22T19:25:24.223+05:30  INFO 80684 --- [notification-service] [ntainer#0-1-C-1] c.t.n.channel.InAppNotificationChannel   : [IN-APP] Persisting notification | userId=253 | type=OFFER_PENDING_NEXT_APPROVAL | ref=OFFER:152
2026-06-22T19:25:24.253+05:30  INFO 80684 --- [notification-service] [ntainer#0-1-C-1] c.t.n.channel.InAppNotificationChannel   : [IN-APP] Notification persisted | id=84 | userId=253 | type=OFFER_PENDING_NEXT_APPROVAL
2026-06-22T19:25:24.253+05:30  INFO 80684 --- [notification-service] [ntainer#0-1-C-1] c.t.n.s.NotificationOrchestrationService : [NOTIFICATION] ✓ Channel='IN_APP' delivered | userId=253 | type=OFFER_PENDING_NEXT_APPROVAL
2026-06-22T19:25:24.253+05:30  INFO 80684 --- [notification-service] [ntainer#0-1-C-1] c.t.n.s.NotificationOrchestrationService : [NOTIFICATION] ▶ Attempting channel='EMAIL' | userId=253 | type=OFFER_PENDING_NEXT_APPROVAL
2026-06-22T19:25:24.253+05:30  INFO 80684 --- [notification-service] [ntainer#0-1-C-1] c.t.n.channel.EmailNotificationChannel   : [EMAIL] ▶ Starting email delivery | userId=253 | type=OFFER_PENDING_NEXT_APPROVAL | templateId=offer-pending-next-approval | toPresent=true
2026-06-22T19:25:24.255+05:30 ERROR 80684 --- [notification-service] [ntainer#0-1-C-1] org.thymeleaf.TemplateEngine             : [THYMELEAF][org.springframework.kafka.KafkaListenerEndpointContainer#0-1-C-1] Exception processing template "email/offer-pending-next-approval": Error resolving template [email/offer-pending-next-approval], template might not exist or might not be accessible by any of the configured Template Resolvers

org.thymeleaf.exceptions.TemplateInputException: Error resolving template [email/offer-pending-next-approval], template might not exist or might not be accessible by any of the configured Template Resolvers
	at org.thymeleaf.engine.TemplateManager.resolveTemplate(TemplateManager.java:869) ~[thymeleaf-3.1.2.RELEASE.jar!/:3.1.2.RELEASE]
	at org.thymeleaf.engine.TemplateManager.parseAndProcess(TemplateManager.java:607) ~[thymeleaf-3.1.2.RELEASE.jar!/:3.1.2.RELEASE]
	at org.thymeleaf.TemplateEngine.process(TemplateEngine.java:1103) ~[thymeleaf-3.1.2.RELEASE.jar!/:3.1.2.RELEASE]
	at org.thymeleaf.TemplateEngine.process(TemplateEngine.java:1064) ~[thymeleaf-3.1.2.RELEASE.jar!/:3.1.2.RELEASE]
	at org.thymeleaf.TemplateEngine.process(TemplateEngine.java:1053) ~[thymeleaf-3.1.2.RELEASE.jar!/:3.1.2.RELEASE]
	at com.talentgrid.notification.channel.EmailNotificationChannel.resolveContent(EmailNotificationChannel.java:136) ~[!/:1.0.0-SNAPSHOT]
	at com.talentgrid.notification.channel.EmailNotificationChannel.deliver(EmailNotificationChannel.java:75) ~[!/:1.0.0-SNAPSHOT]
	at com.talentgrid.notification.service.NotificationOrchestrationService.process(NotificationOrchestrationService.java:78) ~[!/:1.0.0-SNAPSHOT]
	at com.talentgrid.notification.consumer.NotificationKafkaConsumer.handleEvent(NotificationKafkaConsumer.java:83) ~[!/:1.0.0-SNAPSHOT]
	at com.talentgrid.kafka.consumer.BaseKafkaConsumer.process(BaseKafkaConsumer.java:13) ~[talentgrid-kafka-1.0.0-SNAPSHOT.jar!/:1.0.0-SNAPSHOT]
	at com.talentgrid.notification.consumer.NotificationKafkaConsumer.onMessage(NotificationKafkaConsumer.java:71) ~[!/:1.0.0-SNAPSHOT]
	at jdk.internal.reflect.GeneratedMethodAccessor33.invoke(Unknown Source) ~[na:na]
	at java.base/jdk.internal.reflect.DelegatingMethodAccessorImpl.invoke(DelegatingMethodAccessorImpl.java:43) ~[na:na]
	at java.base/java.lang.reflect.Method.invoke(Method.java:569) ~[na:na]
	at org.springframework.messaging.handler.invocation.InvocableHandlerMethod.doInvoke(InvocableHandlerMethod.java:169) ~[spring-messaging-6.2.0.jar!/:6.2.0]
	at org.springframework.kafka.listener.adapter.KotlinAwareInvocableHandlerMethod.doInvoke(KotlinAwareInvocableHandlerMethod.java:45) ~[spring-kafka-3.3.0.jar!/:3.3.0]
	at org.springframework.messaging.handler.invocation.InvocableHandlerMethod.invoke(InvocableHandlerMethod.java:119) ~[spring-messaging-6.2.0.jar!/:6.2.0]
	at org.springframework.kafka.listener.adapter.HandlerAdapter.invoke(HandlerAdapter.java:71) ~[spring-kafka-3.3.0.jar!/:3.3.0]
	at org.springframework.kafka.listener.adapter.MessagingMessageListenerAdapter.invokeHandler(MessagingMessageListenerAdapter.java:474) ~[spring-kafka-3.3.0.jar!/:3.3.0]
	at org.springframework.kafka.listener.adapter.MessagingMessageListenerAdapter.invoke(MessagingMessageListenerAdapter.java:421) ~[spring-kafka-3.3.0.jar!/:3.3.0]
	at org.springframework.kafka.listener.adapter.RecordMessagingMessageListenerAdapter.onMessage(RecordMessagingMessageListenerAdapter.java:85) ~[spring-kafka-3.3.0.jar!/:3.3.0]
	at org.springframework.kafka.listener.adapter.RecordMessagingMessageListenerAdapter.onMessage(RecordMessagingMessageListenerAdapter.java:50) ~[spring-kafka-3.3.0.jar!/:3.3.0]
	at org.springframework.kafka.listener.KafkaMessageListenerContainer$ListenerConsumer.doInvokeOnMessage(KafkaMessageListenerContainer.java:2875) ~[spring-kafka-3.3.0.jar!/:3.3.0]
	at org.springframework.kafka.listener.KafkaMessageListenerContainer$ListenerConsumer.invokeOnMessage(KafkaMessageListenerContainer.java:2853) ~[spring-kafka-3.3.0.jar!/:3.3.0]
	at org.springframework.kafka.listener.KafkaMessageListenerContainer$ListenerConsumer.doInvokeRecordListener(KafkaMessageListenerContainer.java:2766) ~[spring-kafka-3.3.0.jar!/:3.3.0]
	at org.springframework.kafka.listener.KafkaMessageListenerContainer$ListenerConsumer.doInvokeWithRecords(KafkaMessageListenerContainer.java:2604) ~[spring-kafka-3.3.0.jar!/:3.3.0]
	at org.springframework.kafka.listener.KafkaMessageListenerContainer$ListenerConsumer.invokeRecordListener(KafkaMessageListenerContainer.java:2493) ~[spring-kafka-3.3.0.jar!/:3.3.0]
	at org.springframework.kafka.listener.KafkaMessageListenerContainer$ListenerConsumer.invokeListener(KafkaMessageListenerContainer.java:2144) ~[spring-kafka-3.3.0.jar!/:3.3.0]
	at org.springframework.kafka.listener.KafkaMessageListenerContainer$ListenerConsumer.invokeIfHaveRecords(KafkaMessageListenerContainer.java:1520) ~[spring-kafka-3.3.0.jar!/:3.3.0]
	at org.springframework.kafka.listener.KafkaMessageListenerContainer$ListenerConsumer.pollAndInvoke(KafkaMessageListenerContainer.java:1458) ~[spring-kafka-3.3.0.jar!/:3.3.0]
	at org.springframework.kafka.listener.KafkaMessageListenerContainer$ListenerConsumer.run(KafkaMessageListenerContainer.java:1327) ~[spring-kafka-3.3.0.jar!/:3.3.0]
	at java.base/java.util.concurrent.CompletableFuture$AsyncRun.run(CompletableFuture.java:1804) ~[na:na]
	at java.base/java.lang.Thread.run(Thread.java:840) ~[na:na]

2026-06-22T19:25:24.260+05:30  WARN 80684 --- [notification-service] [ntainer#0-1-C-1] c.t.n.channel.EmailNotificationChannel   : [EMAIL] Template 'offer-pending-next-approval' failed to render — falling back to plain HTML. Check that templates/email/offer-pending-next-approval.html exists in notification-service resources. Error: Error resolving template [email/offer-pending-next-approval], template might not exist or might not be accessible by any of the configured Template Resolvers
2026-06-22T19:25:24.265+05:30  INFO 80684 --- [notification-service] [ntainer#0-1-C-1] c.t.n.channel.EmailNotificationChannel   : [EMAIL] ▶ Invoking SMTP send | host=smtp.gmail.com | port=587 | userId=253
2026-06-22T19:25:24.269+05:30 ERROR 80684 --- [notification-service] [ntainer#0-1-C-1] c.t.n.channel.EmailNotificationChannel   : [EMAIL] ✗ SMTP authentication failed — check spring.mail.password in application.properties. Gmail requires an App Password (not your account password). Generate one at: https://myaccount.google.com/apppasswords | error=Authentication failed
2026-06-22T19:25:24.269+05:30 ERROR 80684 --- [notification-service] [ntainer#0-1-C-1] c.t.n.s.NotificationOrchestrationService : [NOTIFICATION] ✗ Channel='EMAIL' delivery failed | userId=253 | type=OFFER_PENDING_NEXT_APPROVAL | error=Authentication failed

org.springframework.mail.MailAuthenticationException: Authentication failed
	at org.springframework.mail.javamail.JavaMailSenderImpl.doSend(JavaMailSenderImpl.java:402) ~[spring-context-support-6.2.0.jar!/:6.2.0]
	at org.springframework.mail.javamail.JavaMailSenderImpl.send(JavaMailSenderImpl.java:350) ~[spring-context-support-6.2.0.jar!/:6.2.0]
	at org.springframework.mail.javamail.JavaMailSender.send(JavaMailSender.java:101) ~[spring-context-support-6.2.0.jar!/:6.2.0]
	at com.talentgrid.notification.channel.EmailNotificationChannel.deliver(EmailNotificationChannel.java:94) ~[!/:1.0.0-SNAPSHOT]
	at com.talentgrid.notification.service.NotificationOrchestrationService.process(NotificationOrchestrationService.java:78) ~[!/:1.0.0-SNAPSHOT]
	at com.talentgrid.notification.consumer.NotificationKafkaConsumer.handleEvent(NotificationKafkaConsumer.java:83) ~[!/:1.0.0-SNAPSHOT]
	at com.talentgrid.kafka.consumer.BaseKafkaConsumer.process(BaseKafkaConsumer.java:13) ~[talentgrid-kafka-1.0.0-SNAPSHOT.jar!/:1.0.0-SNAPSHOT]
	at com.talentgrid.notification.consumer.NotificationKafkaConsumer.onMessage(NotificationKafkaConsumer.java:71) ~[!/:1.0.0-SNAPSHOT]
	at jdk.internal.reflect.GeneratedMethodAccessor33.invoke(Unknown Source) ~[na:na]
	at java.base/jdk.internal.reflect.DelegatingMethodAccessorImpl.invoke(DelegatingMethodAccessorImpl.java:43) ~[na:na]
	at java.base/java.lang.reflect.Method.invoke(Method.java:569) ~[na:na]
	at org.springframework.messaging.handler.invocation.InvocableHandlerMethod.doInvoke(InvocableHandlerMethod.java:169) ~[spring-messaging-6.2.0.jar!/:6.2.0]
	at org.springframework.kafka.listener.adapter.KotlinAwareInvocableHandlerMethod.doInvoke(KotlinAwareInvocableHandlerMethod.java:45) ~[spring-kafka-3.3.0.jar!/:3.3.0]
	at org.springframework.messaging.handler.invocation.InvocableHandlerMethod.invoke(InvocableHandlerMethod.java:119) ~[spring-messaging-6.2.0.jar!/:6.2.0]
	at org.springframework.kafka.listener.adapter.HandlerAdapter.invoke(HandlerAdapter.java:71) ~[spring-kafka-3.3.0.jar!/:3.3.0]
	at org.springframework.kafka.listener.adapter.MessagingMessageListenerAdapter.invokeHandler(MessagingMessageListenerAdapter.java:474) ~[spring-kafka-3.3.0.jar!/:3.3.0]
	at org.springframework.kafka.listener.adapter.MessagingMessageListenerAdapter.invoke(MessagingMessageListenerAdapter.java:421) ~[spring-kafka-3.3.0.jar!/:3.3.0]
	at org.springframework.kafka.listener.adapter.RecordMessagingMessageListenerAdapter.onMessage(RecordMessagingMessageListenerAdapter.java:85) ~[spring-kafka-3.3.0.jar!/:3.3.0]
	at org.springframework.kafka.listener.adapter.RecordMessagingMessageListenerAdapter.onMessage(RecordMessagingMessageListenerAdapter.java:50) ~[spring-kafka-3.3.0.jar!/:3.3.0]
	at org.springframework.kafka.listener.KafkaMessageListenerContainer$ListenerConsumer.doInvokeOnMessage(KafkaMessageListenerContainer.java:2875) ~[spring-kafka-3.3.0.jar!/:3.3.0]
	at org.springframework.kafka.listener.KafkaMessageListenerContainer$ListenerConsumer.invokeOnMessage(KafkaMessageListenerContainer.java:2853) ~[spring-kafka-3.3.0.jar!/:3.3.0]
	at org.springframework.kafka.listener.KafkaMessageListenerContainer$ListenerConsumer.doInvokeRecordListener(KafkaMessageListenerContainer.java:2766) ~[spring-kafka-3.3.0.jar!/:3.3.0]
	at org.springframework.kafka.listener.KafkaMessageListenerContainer$ListenerConsumer.doInvokeWithRecords(KafkaMessageListenerContainer.java:2604) ~[spring-kafka-3.3.0.jar!/:3.3.0]
	at org.springframework.kafka.listener.KafkaMessageListenerContainer$ListenerConsumer.invokeRecordListener(KafkaMessageListenerContainer.java:2493) ~[spring-kafka-3.3.0.jar!/:3.3.0]
	at org.springframework.kafka.listener.KafkaMessageListenerContainer$ListenerConsumer.invokeListener(KafkaMessageListenerContainer.java:2144) ~[spring-kafka-3.3.0.jar!/:3.3.0]
	at org.springframework.kafka.listener.KafkaMessageListenerContainer$ListenerConsumer.invokeIfHaveRecords(KafkaMessageListenerContainer.java:1520) ~[spring-kafka-3.3.0.jar!/:3.3.0]
	at org.springframework.kafka.listener.KafkaMessageListenerContainer$ListenerConsumer.pollAndInvoke(KafkaMessageListenerContainer.java:1458) ~[spring-kafka-3.3.0.jar!/:3.3.0]
	at org.springframework.kafka.listener.KafkaMessageListenerContainer$ListenerConsumer.run(KafkaMessageListenerContainer.java:1327) ~[spring-kafka-3.3.0.jar!/:3.3.0]
	at java.base/java.util.concurrent.CompletableFuture$AsyncRun.run(CompletableFuture.java:1804) ~[na:na]
	at java.base/java.lang.Thread.run(Thread.java:840) ~[na:na]
Caused by: jakarta.mail.AuthenticationFailedException: failed to connect, no password specified?
	at jakarta.mail.Service.connect(Service.java:379) ~[jakarta.mail-2.0.3.jar!/:na]
	at org.springframework.mail.javamail.JavaMailSenderImpl.connectTransport(JavaMailSenderImpl.java:480) ~[spring-context-support-6.2.0.jar!/:6.2.0]
	at org.springframework.mail.javamail.JavaMailSenderImpl.doSend(JavaMailSenderImpl.java:399) ~[spring-context-support-6.2.0.jar!/:6.2.0]
	... 29 common frames omitted

2026-06-22T19:25:24.270+05:30  WARN 80684 --- [notification-service] [ntainer#0-1-C-1] c.t.n.s.NotificationOrchestrationService : [NOTIFICATION] ⚠ Delivery complete with failures | userId=253 | type=OFFER_PENDING_NEXT_APPROVAL | success=1 | failure=1
2026-06-22T19:25:58.524+05:30  INFO 80684 --- [notification-service] [ntainer#0-1-C-1] c.t.n.c.NotificationKafkaConsumer        : [NOTIFICATION-CONSUMER] ▶ Message received | topic=notification.send | partition=1 | offset=35
2026-06-22T19:25:58.526+05:30  INFO 80684 --- [notification-service] [ntainer#0-1-C-1] c.t.n.c.NotificationKafkaConsumer        : [NOTIFICATION-CONSUMER] ▶ Payload deserialized | type=OFFER_APPROVED | userId=253 | channels=[IN_APP, EMAIL] | emailPresent=true
2026-06-22T19:25:58.526+05:30  INFO 80684 --- [notification-service] [ntainer#0-1-C-1] c.t.kafka.consumer.BaseKafkaConsumer     : [KAFKA-CONSUMER] Received event | type=NOTIFICATION_SEND | eventId=63102e1b-bae7-4c3f-bee4-e5d163868d12 | source=offer-service | correlationId=12ff1320-b245-4001-b3b7-e92e75b4ba16
2026-06-22T19:25:58.526+05:30  INFO 80684 --- [notification-service] [ntainer#0-1-C-1] c.t.n.s.NotificationOrchestrationService : [NOTIFICATION] ▶ Processing | userId=253 | type=OFFER_APPROVED | channels=[IN_APP, EMAIL] | ref=OFFER:152 | emailPresent=true
2026-06-22T19:25:58.527+05:30  INFO 80684 --- [notification-service] [ntainer#0-1-C-1] c.t.n.s.NotificationOrchestrationService : [NOTIFICATION] ▶ Attempting channel='IN_APP' | userId=253 | type=OFFER_APPROVED
2026-06-22T19:25:58.527+05:30  INFO 80684 --- [notification-service] [ntainer#0-1-C-1] c.t.n.channel.InAppNotificationChannel   : [IN-APP] Persisting notification | userId=253 | type=OFFER_APPROVED | ref=OFFER:152
2026-06-22T19:25:58.540+05:30  INFO 80684 --- [notification-service] [ntainer#0-1-C-1] c.t.n.channel.InAppNotificationChannel   : [IN-APP] Notification persisted | id=85 | userId=253 | type=OFFER_APPROVED
2026-06-22T19:25:58.540+05:30  INFO 80684 --- [notification-service] [ntainer#0-1-C-1] c.t.n.s.NotificationOrchestrationService : [NOTIFICATION] ✓ Channel='IN_APP' delivered | userId=253 | type=OFFER_APPROVED
2026-06-22T19:25:58.540+05:30  INFO 80684 --- [notification-service] [ntainer#0-1-C-1] c.t.n.s.NotificationOrchestrationService : [NOTIFICATION] ▶ Attempting channel='EMAIL' | userId=253 | type=OFFER_APPROVED
2026-06-22T19:25:58.540+05:30  INFO 80684 --- [notification-service] [ntainer#0-1-C-1] c.t.n.channel.EmailNotificationChannel   : [EMAIL] ▶ Starting email delivery | userId=253 | type=OFFER_APPROVED | templateId=offer-approved | toPresent=true
2026-06-22T19:25:58.541+05:30 ERROR 80684 --- [notification-service] [ntainer#0-1-C-1] org.thymeleaf.TemplateEngine             : [THYMELEAF][org.springframework.kafka.KafkaListenerEndpointContainer#0-1-C-1] Exception processing template "email/offer-approved": Error resolving template [email/offer-approved], template might not exist or might not be accessible by any of the configured Template Resolvers

org.thymeleaf.exceptions.TemplateInputException: Error resolving template [email/offer-approved], template might not exist or might not be accessible by any of the configured Template Resolvers
	at org.thymeleaf.engine.TemplateManager.resolveTemplate(TemplateManager.java:869) ~[thymeleaf-3.1.2.RELEASE.jar!/:3.1.2.RELEASE]
	at org.thymeleaf.engine.TemplateManager.parseAndProcess(TemplateManager.java:607) ~[thymeleaf-3.1.2.RELEASE.jar!/:3.1.2.RELEASE]
	at org.thymeleaf.TemplateEngine.process(TemplateEngine.java:1103) ~[thymeleaf-3.1.2.RELEASE.jar!/:3.1.2.RELEASE]
	at org.thymeleaf.TemplateEngine.process(TemplateEngine.java:1064) ~[thymeleaf-3.1.2.RELEASE.jar!/:3.1.2.RELEASE]
	at org.thymeleaf.TemplateEngine.process(TemplateEngine.java:1053) ~[thymeleaf-3.1.2.RELEASE.jar!/:3.1.2.RELEASE]
	at com.talentgrid.notification.channel.EmailNotificationChannel.resolveContent(EmailNotificationChannel.java:136) ~[!/:1.0.0-SNAPSHOT]
	at com.talentgrid.notification.channel.EmailNotificationChannel.deliver(EmailNotificationChannel.java:75) ~[!/:1.0.0-SNAPSHOT]
	at com.talentgrid.notification.service.NotificationOrchestrationService.process(NotificationOrchestrationService.java:78) ~[!/:1.0.0-SNAPSHOT]
	at com.talentgrid.notification.consumer.NotificationKafkaConsumer.handleEvent(NotificationKafkaConsumer.java:83) ~[!/:1.0.0-SNAPSHOT]
	at com.talentgrid.kafka.consumer.BaseKafkaConsumer.process(BaseKafkaConsumer.java:13) ~[talentgrid-kafka-1.0.0-SNAPSHOT.jar!/:1.0.0-SNAPSHOT]
	at com.talentgrid.notification.consumer.NotificationKafkaConsumer.onMessage(NotificationKafkaConsumer.java:71) ~[!/:1.0.0-SNAPSHOT]
	at jdk.internal.reflect.GeneratedMethodAccessor33.invoke(Unknown Source) ~[na:na]
	at java.base/jdk.internal.reflect.DelegatingMethodAccessorImpl.invoke(DelegatingMethodAccessorImpl.java:43) ~[na:na]
	at java.base/java.lang.reflect.Method.invoke(Method.java:569) ~[na:na]
	at org.springframework.messaging.handler.invocation.InvocableHandlerMethod.doInvoke(InvocableHandlerMethod.java:169) ~[spring-messaging-6.2.0.jar!/:6.2.0]
	at org.springframework.kafka.listener.adapter.KotlinAwareInvocableHandlerMethod.doInvoke(KotlinAwareInvocableHandlerMethod.java:45) ~[spring-kafka-3.3.0.jar!/:3.3.0]
	at org.springframework.messaging.handler.invocation.InvocableHandlerMethod.invoke(InvocableHandlerMethod.java:119) ~[spring-messaging-6.2.0.jar!/:6.2.0]
	at org.springframework.kafka.listener.adapter.HandlerAdapter.invoke(HandlerAdapter.java:71) ~[spring-kafka-3.3.0.jar!/:3.3.0]
	at org.springframework.kafka.listener.adapter.MessagingMessageListenerAdapter.invokeHandler(MessagingMessageListenerAdapter.java:474) ~[spring-kafka-3.3.0.jar!/:3.3.0]
	at org.springframework.kafka.listener.adapter.MessagingMessageListenerAdapter.invoke(MessagingMessageListenerAdapter.java:421) ~[spring-kafka-3.3.0.jar!/:3.3.0]
	at org.springframework.kafka.listener.adapter.RecordMessagingMessageListenerAdapter.onMessage(RecordMessagingMessageListenerAdapter.java:85) ~[spring-kafka-3.3.0.jar!/:3.3.0]
	at org.springframework.kafka.listener.adapter.RecordMessagingMessageListenerAdapter.onMessage(RecordMessagingMessageListenerAdapter.java:50) ~[spring-kafka-3.3.0.jar!/:3.3.0]
	at org.springframework.kafka.listener.KafkaMessageListenerContainer$ListenerConsumer.doInvokeOnMessage(KafkaMessageListenerContainer.java:2875) ~[spring-kafka-3.3.0.jar!/:3.3.0]
	at org.springframework.kafka.listener.KafkaMessageListenerContainer$ListenerConsumer.invokeOnMessage(KafkaMessageListenerContainer.java:2853) ~[spring-kafka-3.3.0.jar!/:3.3.0]
	at org.springframework.kafka.listener.KafkaMessageListenerContainer$ListenerConsumer.doInvokeRecordListener(KafkaMessageListenerContainer.java:2766) ~[spring-kafka-3.3.0.jar!/:3.3.0]
	at org.springframework.kafka.listener.KafkaMessageListenerContainer$ListenerConsumer.doInvokeWithRecords(KafkaMessageListenerContainer.java:2604) ~[spring-kafka-3.3.0.jar!/:3.3.0]
	at org.springframework.kafka.listener.KafkaMessageListenerContainer$ListenerConsumer.invokeRecordListener(KafkaMessageListenerContainer.java:2493) ~[spring-kafka-3.3.0.jar!/:3.3.0]
	at org.springframework.kafka.listener.KafkaMessageListenerContainer$ListenerConsumer.invokeListener(KafkaMessageListenerContainer.java:2144) ~[spring-kafka-3.3.0.jar!/:3.3.0]
	at org.springframework.kafka.listener.KafkaMessageListenerContainer$ListenerConsumer.invokeIfHaveRecords(KafkaMessageListenerContainer.java:1520) ~[spring-kafka-3.3.0.jar!/:3.3.0]
	at org.springframework.kafka.listener.KafkaMessageListenerContainer$ListenerConsumer.pollAndInvoke(KafkaMessageListenerContainer.java:1458) ~[spring-kafka-3.3.0.jar!/:3.3.0]
	at org.springframework.kafka.listener.KafkaMessageListenerContainer$ListenerConsumer.run(KafkaMessageListenerContainer.java:1327) ~[spring-kafka-3.3.0.jar!/:3.3.0]
	at java.base/java.util.concurrent.CompletableFuture$AsyncRun.run(CompletableFuture.java:1804) ~[na:na]
	at java.base/java.lang.Thread.run(Thread.java:840) ~[na:na]

2026-06-22T19:25:58.545+05:30  WARN 80684 --- [notification-service] [ntainer#0-1-C-1] c.t.n.channel.EmailNotificationChannel   : [EMAIL] Template 'offer-approved' failed to render — falling back to plain HTML. Check that templates/email/offer-approved.html exists in notification-service resources. Error: Error resolving template [email/offer-approved], template might not exist or might not be accessible by any of the configured Template Resolvers
2026-06-22T19:25:58.548+05:30  INFO 80684 --- [notification-service] [ntainer#0-1-C-1] c.t.n.channel.EmailNotificationChannel   : [EMAIL] ▶ Invoking SMTP send | host=smtp.gmail.com | port=587 | userId=253
2026-06-22T19:25:58.553+05:30 ERROR 80684 --- [notification-service] [ntainer#0-1-C-1] c.t.n.channel.EmailNotificationChannel   : [EMAIL] ✗ SMTP authentication failed — check spring.mail.password in application.properties. Gmail requires an App Password (not your account password). Generate one at: https://myaccount.google.com/apppasswords | error=Authentication failed
2026-06-22T19:25:58.553+05:30 ERROR 80684 --- [notification-service] [ntainer#0-1-C-1] c.t.n.s.NotificationOrchestrationService : [NOTIFICATION] ✗ Channel='EMAIL' delivery failed | userId=253 | type=OFFER_APPROVED | error=Authentication failed

org.springframework.mail.MailAuthenticationException: Authentication failed
	at org.springframework.mail.javamail.JavaMailSenderImpl.doSend(JavaMailSenderImpl.java:402) ~[spring-context-support-6.2.0.jar!/:6.2.0]
	at org.springframework.mail.javamail.JavaMailSenderImpl.send(JavaMailSenderImpl.java:350) ~[spring-context-support-6.2.0.jar!/:6.2.0]
	at org.springframework.mail.javamail.JavaMailSender.send(JavaMailSender.java:101) ~[spring-context-support-6.2.0.jar!/:6.2.0]
	at com.talentgrid.notification.channel.EmailNotificationChannel.deliver(EmailNotificationChannel.java:94) ~[!/:1.0.0-SNAPSHOT]
	at com.talentgrid.notification.service.NotificationOrchestrationService.process(NotificationOrchestrationService.java:78) ~[!/:1.0.0-SNAPSHOT]
	at com.talentgrid.notification.consumer.NotificationKafkaConsumer.handleEvent(NotificationKafkaConsumer.java:83) ~[!/:1.0.0-SNAPSHOT]
	at com.talentgrid.kafka.consumer.BaseKafkaConsumer.process(BaseKafkaConsumer.java:13) ~[talentgrid-kafka-1.0.0-SNAPSHOT.jar!/:1.0.0-SNAPSHOT]
	at com.talentgrid.notification.consumer.NotificationKafkaConsumer.onMessage(NotificationKafkaConsumer.java:71) ~[!/:1.0.0-SNAPSHOT]
	at jdk.internal.reflect.GeneratedMethodAccessor33.invoke(Unknown Source) ~[na:na]
	at java.base/jdk.internal.reflect.DelegatingMethodAccessorImpl.invoke(DelegatingMethodAccessorImpl.java:43) ~[na:na]
	at java.base/java.lang.reflect.Method.invoke(Method.java:569) ~[na:na]
	at org.springframework.messaging.handler.invocation.InvocableHandlerMethod.doInvoke(InvocableHandlerMethod.java:169) ~[spring-messaging-6.2.0.jar!/:6.2.0]
	at org.springframework.kafka.listener.adapter.KotlinAwareInvocableHandlerMethod.doInvoke(KotlinAwareInvocableHandlerMethod.java:45) ~[spring-kafka-3.3.0.jar!/:3.3.0]
	at org.springframework.messaging.handler.invocation.InvocableHandlerMethod.invoke(InvocableHandlerMethod.java:119) ~[spring-messaging-6.2.0.jar!/:6.2.0]
	at org.springframework.kafka.listener.adapter.HandlerAdapter.invoke(HandlerAdapter.java:71) ~[spring-kafka-3.3.0.jar!/:3.3.0]
	at org.springframework.kafka.listener.adapter.MessagingMessageListenerAdapter.invokeHandler(MessagingMessageListenerAdapter.java:474) ~[spring-kafka-3.3.0.jar!/:3.3.0]
	at org.springframework.kafka.listener.adapter.MessagingMessageListenerAdapter.invoke(MessagingMessageListenerAdapter.java:421) ~[spring-kafka-3.3.0.jar!/:3.3.0]
	at org.springframework.kafka.listener.adapter.RecordMessagingMessageListenerAdapter.onMessage(RecordMessagingMessageListenerAdapter.java:85) ~[spring-kafka-3.3.0.jar!/:3.3.0]
	at org.springframework.kafka.listener.adapter.RecordMessagingMessageListenerAdapter.onMessage(RecordMessagingMessageListenerAdapter.java:50) ~[spring-kafka-3.3.0.jar!/:3.3.0]
	at org.springframework.kafka.listener.KafkaMessageListenerContainer$ListenerConsumer.doInvokeOnMessage(KafkaMessageListenerContainer.java:2875) ~[spring-kafka-3.3.0.jar!/:3.3.0]
	at org.springframework.kafka.listener.KafkaMessageListenerContainer$ListenerConsumer.invokeOnMessage(KafkaMessageListenerContainer.java:2853) ~[spring-kafka-3.3.0.jar!/:3.3.0]
	at org.springframework.kafka.listener.KafkaMessageListenerContainer$ListenerConsumer.doInvokeRecordListener(KafkaMessageListenerContainer.java:2766) ~[spring-kafka-3.3.0.jar!/:3.3.0]
	at org.springframework.kafka.listener.KafkaMessageListenerContainer$ListenerConsumer.doInvokeWithRecords(KafkaMessageListenerContainer.java:2604) ~[spring-kafka-3.3.0.jar!/:3.3.0]
	at org.springframework.kafka.listener.KafkaMessageListenerContainer$ListenerConsumer.invokeRecordListener(KafkaMessageListenerContainer.java:2493) ~[spring-kafka-3.3.0.jar!/:3.3.0]
	at org.springframework.kafka.listener.KafkaMessageListenerContainer$ListenerConsumer.invokeListener(KafkaMessageListenerContainer.java:2144) ~[spring-kafka-3.3.0.jar!/:3.3.0]
	at org.springframework.kafka.listener.KafkaMessageListenerContainer$ListenerConsumer.invokeIfHaveRecords(KafkaMessageListenerContainer.java:1520) ~[spring-kafka-3.3.0.jar!/:3.3.0]
	at org.springframework.kafka.listener.KafkaMessageListenerContainer$ListenerConsumer.pollAndInvoke(KafkaMessageListenerContainer.java:1458) ~[spring-kafka-3.3.0.jar!/:3.3.0]
	at org.springframework.kafka.listener.KafkaMessageListenerContainer$ListenerConsumer.run(KafkaMessageListenerContainer.java:1327) ~[spring-kafka-3.3.0.jar!/:3.3.0]
	at java.base/java.util.concurrent.CompletableFuture$AsyncRun.run(CompletableFuture.java:1804) ~[na:na]
	at java.base/java.lang.Thread.run(Thread.java:840) ~[na:na]
Caused by: jakarta.mail.AuthenticationFailedException: failed to connect, no password specified?
	at jakarta.mail.Service.connect(Service.java:379) ~[jakarta.mail-2.0.3.jar!/:na]
	at org.springframework.mail.javamail.JavaMailSenderImpl.connectTransport(JavaMailSenderImpl.java:480) ~[spring-context-support-6.2.0.jar!/:6.2.0]
	at org.springframework.mail.javamail.JavaMailSenderImpl.doSend(JavaMailSenderImpl.java:399) ~[spring-context-support-6.2.0.jar!/:6.2.0]
	... 29 common frames omitted

2026-06-22T19:25:58.554+05:30  WARN 80684 --- [notification-service] [ntainer#0-1-C-1] c.t.n.s.NotificationOrchestrationService : [NOTIFICATION] ⚠ Delivery complete with failures | userId=253 | type=OFFER_APPROVED | success=1 | failure=1
2026-06-22T19:26:30.819+05:30  INFO 80684 --- [notification-service] [ntainer#0-1-C-1] c.t.n.c.NotificationKafkaConsumer        : [NOTIFICATION-CONSUMER] ▶ Message received | topic=notification.send | partition=1 | offset=36
2026-06-22T19:26:30.821+05:30  INFO 80684 --- [notification-service] [ntainer#0-1-C-1] c.t.n.c.NotificationKafkaConsumer        : [NOTIFICATION-CONSUMER] ▶ Payload deserialized | type=OFFER_SENT | userId=253 | channels=[IN_APP, EMAIL] | emailPresent=true
2026-06-22T19:26:30.821+05:30  INFO 80684 --- [notification-service] [ntainer#0-1-C-1] c.t.kafka.consumer.BaseKafkaConsumer     : [KAFKA-CONSUMER] Received event | type=NOTIFICATION_SEND | eventId=2b79c44e-623c-4548-9383-2426cd48c616 | source=offer-service | correlationId=9669d86f-eca6-4ad1-9275-24e12ee8b8cd
2026-06-22T19:26:30.821+05:30  INFO 80684 --- [notification-service] [ntainer#0-1-C-1] c.t.n.s.NotificationOrchestrationService : [NOTIFICATION] ▶ Processing | userId=253 | type=OFFER_SENT | channels=[IN_APP, EMAIL] | ref=OFFER:152 | emailPresent=true
2026-06-22T19:26:30.821+05:30  INFO 80684 --- [notification-service] [ntainer#0-1-C-1] c.t.n.s.NotificationOrchestrationService : [NOTIFICATION] ▶ Attempting channel='IN_APP' | userId=253 | type=OFFER_SENT
2026-06-22T19:26:30.821+05:30  INFO 80684 --- [notification-service] [ntainer#0-1-C-1] c.t.n.channel.InAppNotificationChannel   : [IN-APP] Persisting notification | userId=253 | type=OFFER_SENT | ref=OFFER:152
2026-06-22T19:26:30.843+05:30  INFO 80684 --- [notification-service] [ntainer#0-1-C-1] c.t.n.channel.InAppNotificationChannel   : [IN-APP] Notification persisted | id=86 | userId=253 | type=OFFER_SENT
2026-06-22T19:26:30.843+05:30  INFO 80684 --- [notification-service] [ntainer#0-1-C-1] c.t.n.s.NotificationOrchestrationService : [NOTIFICATION] ✓ Channel='IN_APP' delivered | userId=253 | type=OFFER_SENT
2026-06-22T19:26:30.843+05:30  INFO 80684 --- [notification-service] [ntainer#0-1-C-1] c.t.n.s.NotificationOrchestrationService : [NOTIFICATION] ▶ Attempting channel='EMAIL' | userId=253 | type=OFFER_SENT
2026-06-22T19:26:30.843+05:30  INFO 80684 --- [notification-service] [ntainer#0-1-C-1] c.t.n.channel.EmailNotificationChannel   : [EMAIL] ▶ Starting email delivery | userId=253 | type=OFFER_SENT | templateId=offer-sent | toPresent=true
2026-06-22T19:26:30.845+05:30 ERROR 80684 --- [notification-service] [ntainer#0-1-C-1] org.thymeleaf.TemplateEngine             : [THYMELEAF][org.springframework.kafka.KafkaListenerEndpointContainer#0-1-C-1] Exception processing template "email/offer-sent": Error resolving template [email/offer-sent], template might not exist or might not be accessible by any of the configured Template Resolvers

org.thymeleaf.exceptions.TemplateInputException: Error resolving template [email/offer-sent], template might not exist or might not be accessible by any of the configured Template Resolvers
	at org.thymeleaf.engine.TemplateManager.resolveTemplate(TemplateManager.java:869) ~[thymeleaf-3.1.2.RELEASE.jar!/:3.1.2.RELEASE]
	at org.thymeleaf.engine.TemplateManager.parseAndProcess(TemplateManager.java:607) ~[thymeleaf-3.1.2.RELEASE.jar!/:3.1.2.RELEASE]
	at org.thymeleaf.TemplateEngine.process(TemplateEngine.java:1103) ~[thymeleaf-3.1.2.RELEASE.jar!/:3.1.2.RELEASE]
	at org.thymeleaf.TemplateEngine.process(TemplateEngine.java:1064) ~[thymeleaf-3.1.2.RELEASE.jar!/:3.1.2.RELEASE]
	at org.thymeleaf.TemplateEngine.process(TemplateEngine.java:1053) ~[thymeleaf-3.1.2.RELEASE.jar!/:3.1.2.RELEASE]
	at com.talentgrid.notification.channel.EmailNotificationChannel.resolveContent(EmailNotificationChannel.java:136) ~[!/:1.0.0-SNAPSHOT]
	at com.talentgrid.notification.channel.EmailNotificationChannel.deliver(EmailNotificationChannel.java:75) ~[!/:1.0.0-SNAPSHOT]
	at com.talentgrid.notification.service.NotificationOrchestrationService.process(NotificationOrchestrationService.java:78) ~[!/:1.0.0-SNAPSHOT]
	at com.talentgrid.notification.consumer.NotificationKafkaConsumer.handleEvent(NotificationKafkaConsumer.java:83) ~[!/:1.0.0-SNAPSHOT]
	at com.talentgrid.kafka.consumer.BaseKafkaConsumer.process(BaseKafkaConsumer.java:13) ~[talentgrid-kafka-1.0.0-SNAPSHOT.jar!/:1.0.0-SNAPSHOT]
	at com.talentgrid.notification.consumer.NotificationKafkaConsumer.onMessage(NotificationKafkaConsumer.java:71) ~[!/:1.0.0-SNAPSHOT]
	at jdk.internal.reflect.GeneratedMethodAccessor33.invoke(Unknown Source) ~[na:na]
	at java.base/jdk.internal.reflect.DelegatingMethodAccessorImpl.invoke(DelegatingMethodAccessorImpl.java:43) ~[na:na]
	at java.base/java.lang.reflect.Method.invoke(Method.java:569) ~[na:na]
	at org.springframework.messaging.handler.invocation.InvocableHandlerMethod.doInvoke(InvocableHandlerMethod.java:169) ~[spring-messaging-6.2.0.jar!/:6.2.0]
	at org.springframework.kafka.listener.adapter.KotlinAwareInvocableHandlerMethod.doInvoke(KotlinAwareInvocableHandlerMethod.java:45) ~[spring-kafka-3.3.0.jar!/:3.3.0]
	at org.springframework.messaging.handler.invocation.InvocableHandlerMethod.invoke(InvocableHandlerMethod.java:119) ~[spring-messaging-6.2.0.jar!/:6.2.0]
	at org.springframework.kafka.listener.adapter.HandlerAdapter.invoke(HandlerAdapter.java:71) ~[spring-kafka-3.3.0.jar!/:3.3.0]
	at org.springframework.kafka.listener.adapter.MessagingMessageListenerAdapter.invokeHandler(MessagingMessageListenerAdapter.java:474) ~[spring-kafka-3.3.0.jar!/:3.3.0]
	at org.springframework.kafka.listener.adapter.MessagingMessageListenerAdapter.invoke(MessagingMessageListenerAdapter.java:421) ~[spring-kafka-3.3.0.jar!/:3.3.0]
	at org.springframework.kafka.listener.adapter.RecordMessagingMessageListenerAdapter.onMessage(RecordMessagingMessageListenerAdapter.java:85) ~[spring-kafka-3.3.0.jar!/:3.3.0]
	at org.springframework.kafka.listener.adapter.RecordMessagingMessageListenerAdapter.onMessage(RecordMessagingMessageListenerAdapter.java:50) ~[spring-kafka-3.3.0.jar!/:3.3.0]
	at org.springframework.kafka.listener.KafkaMessageListenerContainer$ListenerConsumer.doInvokeOnMessage(KafkaMessageListenerContainer.java:2875) ~[spring-kafka-3.3.0.jar!/:3.3.0]
	at org.springframework.kafka.listener.KafkaMessageListenerContainer$ListenerConsumer.invokeOnMessage(KafkaMessageListenerContainer.java:2853) ~[spring-kafka-3.3.0.jar!/:3.3.0]
	at org.springframework.kafka.listener.KafkaMessageListenerContainer$ListenerConsumer.doInvokeRecordListener(KafkaMessageListenerContainer.java:2766) ~[spring-kafka-3.3.0.jar!/:3.3.0]
	at org.springframework.kafka.listener.KafkaMessageListenerContainer$ListenerConsumer.doInvokeWithRecords(KafkaMessageListenerContainer.java:2604) ~[spring-kafka-3.3.0.jar!/:3.3.0]
	at org.springframework.kafka.listener.KafkaMessageListenerContainer$ListenerConsumer.invokeRecordListener(KafkaMessageListenerContainer.java:2493) ~[spring-kafka-3.3.0.jar!/:3.3.0]
	at org.springframework.kafka.listener.KafkaMessageListenerContainer$ListenerConsumer.invokeListener(KafkaMessageListenerContainer.java:2144) ~[spring-kafka-3.3.0.jar!/:3.3.0]
	at org.springframework.kafka.listener.KafkaMessageListenerContainer$ListenerConsumer.invokeIfHaveRecords(KafkaMessageListenerContainer.java:1520) ~[spring-kafka-3.3.0.jar!/:3.3.0]
	at org.springframework.kafka.listener.KafkaMessageListenerContainer$ListenerConsumer.pollAndInvoke(KafkaMessageListenerContainer.java:1458) ~[spring-kafka-3.3.0.jar!/:3.3.0]
	at org.springframework.kafka.listener.KafkaMessageListenerContainer$ListenerConsumer.run(KafkaMessageListenerContainer.java:1327) ~[spring-kafka-3.3.0.jar!/:3.3.0]
	at java.base/java.util.concurrent.CompletableFuture$AsyncRun.run(CompletableFuture.java:1804) ~[na:na]
	at java.base/java.lang.Thread.run(Thread.java:840) ~[na:na]

2026-06-22T19:26:30.847+05:30  WARN 80684 --- [notification-service] [ntainer#0-1-C-1] c.t.n.channel.EmailNotificationChannel   : [EMAIL] Template 'offer-sent' failed to render — falling back to plain HTML. Check that templates/email/offer-sent.html exists in notification-service resources. Error: Error resolving template [email/offer-sent], template might not exist or might not be accessible by any of the configured Template Resolvers
2026-06-22T19:26:30.852+05:30  INFO 80684 --- [notification-service] [ntainer#0-1-C-1] c.t.n.channel.EmailNotificationChannel   : [EMAIL] ▶ Invoking SMTP send | host=smtp.gmail.com | port=587 | userId=253
2026-06-22T19:26:30.854+05:30 ERROR 80684 --- [notification-service] [ntainer#0-1-C-1] c.t.n.channel.EmailNotificationChannel   : [EMAIL] ✗ SMTP authentication failed — check spring.mail.password in application.properties. Gmail requires an App Password (not your account password). Generate one at: https://myaccount.google.com/apppasswords | error=Authentication failed
2026-06-22T19:26:30.854+05:30 ERROR 80684 --- [notification-service] [ntainer#0-1-C-1] c.t.n.s.NotificationOrchestrationService : [NOTIFICATION] ✗ Channel='EMAIL' delivery failed | userId=253 | type=OFFER_SENT | error=Authentication failed

org.springframework.mail.MailAuthenticationException: Authentication failed
	at org.springframework.mail.javamail.JavaMailSenderImpl.doSend(JavaMailSenderImpl.java:402) ~[spring-context-support-6.2.0.jar!/:6.2.0]
	at org.springframework.mail.javamail.JavaMailSenderImpl.send(JavaMailSenderImpl.java:350) ~[spring-context-support-6.2.0.jar!/:6.2.0]
	at org.springframework.mail.javamail.JavaMailSender.send(JavaMailSender.java:101) ~[spring-context-support-6.2.0.jar!/:6.2.0]
	at com.talentgrid.notification.channel.EmailNotificationChannel.deliver(EmailNotificationChannel.java:94) ~[!/:1.0.0-SNAPSHOT]
	at com.talentgrid.notification.service.NotificationOrchestrationService.process(NotificationOrchestrationService.java:78) ~[!/:1.0.0-SNAPSHOT]
	at com.talentgrid.notification.consumer.NotificationKafkaConsumer.handleEvent(NotificationKafkaConsumer.java:83) ~[!/:1.0.0-SNAPSHOT]
	at com.talentgrid.kafka.consumer.BaseKafkaConsumer.process(BaseKafkaConsumer.java:13) ~[talentgrid-kafka-1.0.0-SNAPSHOT.jar!/:1.0.0-SNAPSHOT]
	at com.talentgrid.notification.consumer.NotificationKafkaConsumer.onMessage(NotificationKafkaConsumer.java:71) ~[!/:1.0.0-SNAPSHOT]
	at jdk.internal.reflect.GeneratedMethodAccessor33.invoke(Unknown Source) ~[na:na]
	at java.base/jdk.internal.reflect.DelegatingMethodAccessorImpl.invoke(DelegatingMethodAccessorImpl.java:43) ~[na:na]
	at java.base/java.lang.reflect.Method.invoke(Method.java:569) ~[na:na]
	at org.springframework.messaging.handler.invocation.InvocableHandlerMethod.doInvoke(InvocableHandlerMethod.java:169) ~[spring-messaging-6.2.0.jar!/:6.2.0]
	at org.springframework.kafka.listener.adapter.KotlinAwareInvocableHandlerMethod.doInvoke(KotlinAwareInvocableHandlerMethod.java:45) ~[spring-kafka-3.3.0.jar!/:3.3.0]
	at org.springframework.messaging.handler.invocation.InvocableHandlerMethod.invoke(InvocableHandlerMethod.java:119) ~[spring-messaging-6.2.0.jar!/:6.2.0]
	at org.springframework.kafka.listener.adapter.HandlerAdapter.invoke(HandlerAdapter.java:71) ~[spring-kafka-3.3.0.jar!/:3.3.0]
	at org.springframework.kafka.listener.adapter.MessagingMessageListenerAdapter.invokeHandler(MessagingMessageListenerAdapter.java:474) ~[spring-kafka-3.3.0.jar!/:3.3.0]
	at org.springframework.kafka.listener.adapter.MessagingMessageListenerAdapter.invoke(MessagingMessageListenerAdapter.java:421) ~[spring-kafka-3.3.0.jar!/:3.3.0]
	at org.springframework.kafka.listener.adapter.RecordMessagingMessageListenerAdapter.onMessage(RecordMessagingMessageListenerAdapter.java:85) ~[spring-kafka-3.3.0.jar!/:3.3.0]
	at org.springframework.kafka.listener.adapter.RecordMessagingMessageListenerAdapter.onMessage(RecordMessagingMessageListenerAdapter.java:50) ~[spring-kafka-3.3.0.jar!/:3.3.0]
	at org.springframework.kafka.listener.KafkaMessageListenerContainer$ListenerConsumer.doInvokeOnMessage(KafkaMessageListenerContainer.java:2875) ~[spring-kafka-3.3.0.jar!/:3.3.0]
	at org.springframework.kafka.listener.KafkaMessageListenerContainer$ListenerConsumer.invokeOnMessage(KafkaMessageListenerContainer.java:2853) ~[spring-kafka-3.3.0.jar!/:3.3.0]
	at org.springframework.kafka.listener.KafkaMessageListenerContainer$ListenerConsumer.doInvokeRecordListener(KafkaMessageListenerContainer.java:2766) ~[spring-kafka-3.3.0.jar!/:3.3.0]
	at org.springframework.kafka.listener.KafkaMessageListenerContainer$ListenerConsumer.doInvokeWithRecords(KafkaMessageListenerContainer.java:2604) ~[spring-kafka-3.3.0.jar!/:3.3.0]
	at org.springframework.kafka.listener.KafkaMessageListenerContainer$ListenerConsumer.invokeRecordListener(KafkaMessageListenerContainer.java:2493) ~[spring-kafka-3.3.0.jar!/:3.3.0]
	at org.springframework.kafka.listener.KafkaMessageListenerContainer$ListenerConsumer.invokeListener(KafkaMessageListenerContainer.java:2144) ~[spring-kafka-3.3.0.jar!/:3.3.0]
	at org.springframework.kafka.listener.KafkaMessageListenerContainer$ListenerConsumer.invokeIfHaveRecords(KafkaMessageListenerContainer.java:1520) ~[spring-kafka-3.3.0.jar!/:3.3.0]
	at org.springframework.kafka.listener.KafkaMessageListenerContainer$ListenerConsumer.pollAndInvoke(KafkaMessageListenerContainer.java:1458) ~[spring-kafka-3.3.0.jar!/:3.3.0]
	at org.springframework.kafka.listener.KafkaMessageListenerContainer$ListenerConsumer.run(KafkaMessageListenerContainer.java:1327) ~[spring-kafka-3.3.0.jar!/:3.3.0]
	at java.base/java.util.concurrent.CompletableFuture$AsyncRun.run(CompletableFuture.java:1804) ~[na:na]
	at java.base/java.lang.Thread.run(Thread.java:840) ~[na:na]
Caused by: jakarta.mail.AuthenticationFailedException: failed to connect, no password specified?
	at jakarta.mail.Service.connect(Service.java:379) ~[jakarta.mail-2.0.3.jar!/:na]
	at org.springframework.mail.javamail.JavaMailSenderImpl.connectTransport(JavaMailSenderImpl.java:480) ~[spring-context-support-6.2.0.jar!/:6.2.0]
	at org.springframework.mail.javamail.JavaMailSenderImpl.doSend(JavaMailSenderImpl.java:399) ~[spring-context-support-6.2.0.jar!/:6.2.0]
	... 29 common frames omitted

2026-06-22T19:26:30.855+05:30  WARN 80684 --- [notification-service] [ntainer#0-1-C-1] c.t.n.s.NotificationOrchestrationService : [NOTIFICATION] ⚠ Delivery complete with failures | userId=253 | type=OFFER_SENT | success=1 | failure=1
2026-06-22T19:26:49.166+05:30  INFO 80684 --- [notification-service] [ntainer#0-1-C-1] c.t.n.c.NotificationKafkaConsumer        : [NOTIFICATION-CONSUMER] ▶ Message received | topic=notification.send | partition=1 | offset=37
2026-06-22T19:26:49.172+05:30  INFO 80684 --- [notification-service] [ntainer#0-1-C-1] c.t.n.c.NotificationKafkaConsumer        : [NOTIFICATION-CONSUMER] ▶ Payload deserialized | type=APPLICATION_HIRED | userId=6 | channels=[IN_APP] | emailPresent=false
2026-06-22T19:26:49.172+05:30  INFO 80684 --- [notification-service] [ntainer#0-1-C-1] c.t.kafka.consumer.BaseKafkaConsumer     : [KAFKA-CONSUMER] Received event | type=NOTIFICATION_SEND | eventId=b60acb68-9ef1-49c5-b696-0ab1884a9c94 | source=application-service | correlationId=2ff84f2d-b19a-42d0-99e2-7d0d99c03d87
2026-06-22T19:26:49.173+05:30  INFO 80684 --- [notification-service] [ntainer#0-1-C-1] c.t.n.s.NotificationOrchestrationService : [NOTIFICATION] ▶ Processing | userId=6 | type=APPLICATION_HIRED | channels=[IN_APP] | ref=APPLICATION:253 | emailPresent=false
2026-06-22T19:26:49.173+05:30  INFO 80684 --- [notification-service] [ntainer#0-1-C-1] c.t.n.s.NotificationOrchestrationService : [NOTIFICATION] ▶ Attempting channel='IN_APP' | userId=6 | type=APPLICATION_HIRED
2026-06-22T19:26:49.173+05:30  INFO 80684 --- [notification-service] [ntainer#0-1-C-1] c.t.n.channel.InAppNotificationChannel   : [IN-APP] Persisting notification | userId=6 | type=APPLICATION_HIRED | ref=APPLICATION:253
2026-06-22T19:26:49.195+05:30  INFO 80684 --- [notification-service] [ntainer#0-1-C-1] c.t.n.channel.InAppNotificationChannel   : [IN-APP] Notification persisted | id=87 | userId=6 | type=APPLICATION_HIRED
2026-06-22T19:26:49.195+05:30  INFO 80684 --- [notification-service] [ntainer#0-1-C-1] c.t.n.s.NotificationOrchestrationService : [NOTIFICATION] ✓ Channel='IN_APP' delivered | userId=6 | type=APPLICATION_HIRED
2026-06-22T19:26:49.195+05:30  INFO 80684 --- [notification-service] [ntainer#0-1-C-1] c.t.n.s.NotificationOrchestrationService : [NOTIFICATION] ✓ All channels delivered | userId=6 | type=APPLICATION_HIRED | success=1
2026-06-22T19:26:49.229+05:30  INFO 80684 --- [notification-service] [ntainer#0-1-C-1] c.t.n.c.NotificationKafkaConsumer        : [NOTIFICATION-CONSUMER] ▶ Message received | topic=notification.send | partition=1 | offset=38
2026-06-22T19:26:49.231+05:30  INFO 80684 --- [notification-service] [ntainer#0-1-C-1] c.t.n.c.NotificationKafkaConsumer        : [NOTIFICATION-CONSUMER] ▶ Payload deserialized | type=OFFER_SIGNED | userId=253 | channels=[IN_APP, EMAIL] | emailPresent=true
2026-06-22T19:26:49.231+05:30  INFO 80684 --- [notification-service] [ntainer#0-1-C-1] c.t.kafka.consumer.BaseKafkaConsumer     : [KAFKA-CONSUMER] Received event | type=NOTIFICATION_SEND | eventId=98c89542-0f0d-462e-a327-8abc6f890a21 | source=offer-service | correlationId=a2a2aff5-b34f-4630-9aae-b0f5eb369b3b
2026-06-22T19:26:49.231+05:30  INFO 80684 --- [notification-service] [ntainer#0-1-C-1] c.t.n.s.NotificationOrchestrationService : [NOTIFICATION] ▶ Processing | userId=253 | type=OFFER_SIGNED | channels=[IN_APP, EMAIL] | ref=OFFER:152 | emailPresent=true
2026-06-22T19:26:49.231+05:30  INFO 80684 --- [notification-service] [ntainer#0-1-C-1] c.t.n.s.NotificationOrchestrationService : [NOTIFICATION] ▶ Attempting channel='IN_APP' | userId=253 | type=OFFER_SIGNED
2026-06-22T19:26:49.231+05:30  INFO 80684 --- [notification-service] [ntainer#0-1-C-1] c.t.n.channel.InAppNotificationChannel   : [IN-APP] Persisting notification | userId=253 | type=OFFER_SIGNED | ref=OFFER:152
2026-06-22T19:26:49.234+05:30  INFO 80684 --- [notification-service] [ntainer#0-1-C-1] c.t.n.channel.InAppNotificationChannel   : [IN-APP] Notification persisted | id=88 | userId=253 | type=OFFER_SIGNED
2026-06-22T19:26:49.234+05:30  INFO 80684 --- [notification-service] [ntainer#0-1-C-1] c.t.n.s.NotificationOrchestrationService : [NOTIFICATION] ✓ Channel='IN_APP' delivered | userId=253 | type=OFFER_SIGNED
2026-06-22T19:26:49.234+05:30  INFO 80684 --- [notification-service] [ntainer#0-1-C-1] c.t.n.s.NotificationOrchestrationService : [NOTIFICATION] ▶ Attempting channel='EMAIL' | userId=253 | type=OFFER_SIGNED
2026-06-22T19:26:49.234+05:30  INFO 80684 --- [notification-service] [ntainer#0-1-C-1] c.t.n.channel.EmailNotificationChannel   : [EMAIL] ▶ Starting email delivery | userId=253 | type=OFFER_SIGNED | templateId=offer-signed | toPresent=true
2026-06-22T19:26:49.239+05:30 ERROR 80684 --- [notification-service] [ntainer#0-1-C-1] org.thymeleaf.TemplateEngine             : [THYMELEAF][org.springframework.kafka.KafkaListenerEndpointContainer#0-1-C-1] Exception processing template "email/offer-signed": Error resolving template [email/offer-signed], template might not exist or might not be accessible by any of the configured Template Resolvers

org.thymeleaf.exceptions.TemplateInputException: Error resolving template [email/offer-signed], template might not exist or might not be accessible by any of the configured Template Resolvers
	at org.thymeleaf.engine.TemplateManager.resolveTemplate(TemplateManager.java:869) ~[thymeleaf-3.1.2.RELEASE.jar!/:3.1.2.RELEASE]
	at org.thymeleaf.engine.TemplateManager.parseAndProcess(TemplateManager.java:607) ~[thymeleaf-3.1.2.RELEASE.jar!/:3.1.2.RELEASE]
	at org.thymeleaf.TemplateEngine.process(TemplateEngine.java:1103) ~[thymeleaf-3.1.2.RELEASE.jar!/:3.1.2.RELEASE]
	at org.thymeleaf.TemplateEngine.process(TemplateEngine.java:1064) ~[thymeleaf-3.1.2.RELEASE.jar!/:3.1.2.RELEASE]
	at org.thymeleaf.TemplateEngine.process(TemplateEngine.java:1053) ~[thymeleaf-3.1.2.RELEASE.jar!/:3.1.2.RELEASE]
	at com.talentgrid.notification.channel.EmailNotificationChannel.resolveContent(EmailNotificationChannel.java:136) ~[!/:1.0.0-SNAPSHOT]
	at com.talentgrid.notification.channel.EmailNotificationChannel.deliver(EmailNotificationChannel.java:75) ~[!/:1.0.0-SNAPSHOT]
	at com.talentgrid.notification.service.NotificationOrchestrationService.process(NotificationOrchestrationService.java:78) ~[!/:1.0.0-SNAPSHOT]
	at com.talentgrid.notification.consumer.NotificationKafkaConsumer.handleEvent(NotificationKafkaConsumer.java:83) ~[!/:1.0.0-SNAPSHOT]
	at com.talentgrid.kafka.consumer.BaseKafkaConsumer.process(BaseKafkaConsumer.java:13) ~[talentgrid-kafka-1.0.0-SNAPSHOT.jar!/:1.0.0-SNAPSHOT]
	at com.talentgrid.notification.consumer.NotificationKafkaConsumer.onMessage(NotificationKafkaConsumer.java:71) ~[!/:1.0.0-SNAPSHOT]
	at jdk.internal.reflect.GeneratedMethodAccessor33.invoke(Unknown Source) ~[na:na]
	at java.base/jdk.internal.reflect.DelegatingMethodAccessorImpl.invoke(DelegatingMethodAccessorImpl.java:43) ~[na:na]
	at java.base/java.lang.reflect.Method.invoke(Method.java:569) ~[na:na]
	at org.springframework.messaging.handler.invocation.InvocableHandlerMethod.doInvoke(InvocableHandlerMethod.java:169) ~[spring-messaging-6.2.0.jar!/:6.2.0]
	at org.springframework.kafka.listener.adapter.KotlinAwareInvocableHandlerMethod.doInvoke(KotlinAwareInvocableHandlerMethod.java:45) ~[spring-kafka-3.3.0.jar!/:3.3.0]
	at org.springframework.messaging.handler.invocation.InvocableHandlerMethod.invoke(InvocableHandlerMethod.java:119) ~[spring-messaging-6.2.0.jar!/:6.2.0]
	at org.springframework.kafka.listener.adapter.HandlerAdapter.invoke(HandlerAdapter.java:71) ~[spring-kafka-3.3.0.jar!/:3.3.0]
	at org.springframework.kafka.listener.adapter.MessagingMessageListenerAdapter.invokeHandler(MessagingMessageListenerAdapter.java:474) ~[spring-kafka-3.3.0.jar!/:3.3.0]
	at org.springframework.kafka.listener.adapter.MessagingMessageListenerAdapter.invoke(MessagingMessageListenerAdapter.java:421) ~[spring-kafka-3.3.0.jar!/:3.3.0]
	at org.springframework.kafka.listener.adapter.RecordMessagingMessageListenerAdapter.onMessage(RecordMessagingMessageListenerAdapter.java:85) ~[spring-kafka-3.3.0.jar!/:3.3.0]
	at org.springframework.kafka.listener.adapter.RecordMessagingMessageListenerAdapter.onMessage(RecordMessagingMessageListenerAdapter.java:50) ~[spring-kafka-3.3.0.jar!/:3.3.0]
	at org.springframework.kafka.listener.KafkaMessageListenerContainer$ListenerConsumer.doInvokeOnMessage(KafkaMessageListenerContainer.java:2875) ~[spring-kafka-3.3.0.jar!/:3.3.0]
	at org.springframework.kafka.listener.KafkaMessageListenerContainer$ListenerConsumer.invokeOnMessage(KafkaMessageListenerContainer.java:2853) ~[spring-kafka-3.3.0.jar!/:3.3.0]
	at org.springframework.kafka.listener.KafkaMessageListenerContainer$ListenerConsumer.doInvokeRecordListener(KafkaMessageListenerContainer.java:2766) ~[spring-kafka-3.3.0.jar!/:3.3.0]
	at org.springframework.kafka.listener.KafkaMessageListenerContainer$ListenerConsumer.doInvokeWithRecords(KafkaMessageListenerContainer.java:2604) ~[spring-kafka-3.3.0.jar!/:3.3.0]
	at org.springframework.kafka.listener.KafkaMessageListenerContainer$ListenerConsumer.invokeRecordListener(KafkaMessageListenerContainer.java:2493) ~[spring-kafka-3.3.0.jar!/:3.3.0]
	at org.springframework.kafka.listener.KafkaMessageListenerContainer$ListenerConsumer.invokeListener(KafkaMessageListenerContainer.java:2144) ~[spring-kafka-3.3.0.jar!/:3.3.0]
	at org.springframework.kafka.listener.KafkaMessageListenerContainer$ListenerConsumer.invokeIfHaveRecords(KafkaMessageListenerContainer.java:1520) ~[spring-kafka-3.3.0.jar!/:3.3.0]
	at org.springframework.kafka.listener.KafkaMessageListenerContainer$ListenerConsumer.pollAndInvoke(KafkaMessageListenerContainer.java:1458) ~[spring-kafka-3.3.0.jar!/:3.3.0]
	at org.springframework.kafka.listener.KafkaMessageListenerContainer$ListenerConsumer.run(KafkaMessageListenerContainer.java:1327) ~[spring-kafka-3.3.0.jar!/:3.3.0]
	at java.base/java.util.concurrent.CompletableFuture$AsyncRun.run(CompletableFuture.java:1804) ~[na:na]
	at java.base/java.lang.Thread.run(Thread.java:840) ~[na:na]

2026-06-22T19:26:49.241+05:30  WARN 80684 --- [notification-service] [ntainer#0-1-C-1] c.t.n.channel.EmailNotificationChannel   : [EMAIL] Template 'offer-signed' failed to render — falling back to plain HTML. Check that templates/email/offer-signed.html exists in notification-service resources. Error: Error resolving template [email/offer-signed], template might not exist or might not be accessible by any of the configured Template Resolvers
2026-06-22T19:26:49.243+05:30  INFO 80684 --- [notification-service] [ntainer#0-1-C-1] c.t.n.channel.EmailNotificationChannel   : [EMAIL] ▶ Invoking SMTP send | host=smtp.gmail.com | port=587 | userId=253
2026-06-22T19:26:49.246+05:30 ERROR 80684 --- [notification-service] [ntainer#0-1-C-1] c.t.n.channel.EmailNotificationChannel   : [EMAIL] ✗ SMTP authentication failed — check spring.mail.password in application.properties. Gmail requires an App Password (not your account password). Generate one at: https://myaccount.google.com/apppasswords | error=Authentication failed
2026-06-22T19:26:49.246+05:30 ERROR 80684 --- [notification-service] [ntainer#0-1-C-1] c.t.n.s.NotificationOrchestrationService : [NOTIFICATION] ✗ Channel='EMAIL' delivery failed | userId=253 | type=OFFER_SIGNED | error=Authentication failed

org.springframework.mail.MailAuthenticationException: Authentication failed
	at org.springframework.mail.javamail.JavaMailSenderImpl.doSend(JavaMailSenderImpl.java:402) ~[spring-context-support-6.2.0.jar!/:6.2.0]
	at org.springframework.mail.javamail.JavaMailSenderImpl.send(JavaMailSenderImpl.java:350) ~[spring-context-support-6.2.0.jar!/:6.2.0]
	at org.springframework.mail.javamail.JavaMailSender.send(JavaMailSender.java:101) ~[spring-context-support-6.2.0.jar!/:6.2.0]
	at com.talentgrid.notification.channel.EmailNotificationChannel.deliver(EmailNotificationChannel.java:94) ~[!/:1.0.0-SNAPSHOT]
	at com.talentgrid.notification.service.NotificationOrchestrationService.process(NotificationOrchestrationService.java:78) ~[!/:1.0.0-SNAPSHOT]
	at com.talentgrid.notification.consumer.NotificationKafkaConsumer.handleEvent(NotificationKafkaConsumer.java:83) ~[!/:1.0.0-SNAPSHOT]
	at com.talentgrid.kafka.consumer.BaseKafkaConsumer.process(BaseKafkaConsumer.java:13) ~[talentgrid-kafka-1.0.0-SNAPSHOT.jar!/:1.0.0-SNAPSHOT]
	at com.talentgrid.notification.consumer.NotificationKafkaConsumer.onMessage(NotificationKafkaConsumer.java:71) ~[!/:1.0.0-SNAPSHOT]
	at jdk.internal.reflect.GeneratedMethodAccessor33.invoke(Unknown Source) ~[na:na]
	at java.base/jdk.internal.reflect.DelegatingMethodAccessorImpl.invoke(DelegatingMethodAccessorImpl.java:43) ~[na:na]
	at java.base/java.lang.reflect.Method.invoke(Method.java:569) ~[na:na]
	at org.springframework.messaging.handler.invocation.InvocableHandlerMethod.doInvoke(InvocableHandlerMethod.java:169) ~[spring-messaging-6.2.0.jar!/:6.2.0]
	at org.springframework.kafka.listener.adapter.KotlinAwareInvocableHandlerMethod.doInvoke(KotlinAwareInvocableHandlerMethod.java:45) ~[spring-kafka-3.3.0.jar!/:3.3.0]
	at org.springframework.messaging.handler.invocation.InvocableHandlerMethod.invoke(InvocableHandlerMethod.java:119) ~[spring-messaging-6.2.0.jar!/:6.2.0]
	at org.springframework.kafka.listener.adapter.HandlerAdapter.invoke(HandlerAdapter.java:71) ~[spring-kafka-3.3.0.jar!/:3.3.0]
	at org.springframework.kafka.listener.adapter.MessagingMessageListenerAdapter.invokeHandler(MessagingMessageListenerAdapter.java:474) ~[spring-kafka-3.3.0.jar!/:3.3.0]
	at org.springframework.kafka.listener.adapter.MessagingMessageListenerAdapter.invoke(MessagingMessageListenerAdapter.java:421) ~[spring-kafka-3.3.0.jar!/:3.3.0]
	at org.springframework.kafka.listener.adapter.RecordMessagingMessageListenerAdapter.onMessage(RecordMessagingMessageListenerAdapter.java:85) ~[spring-kafka-3.3.0.jar!/:3.3.0]
	at org.springframework.kafka.listener.adapter.RecordMessagingMessageListenerAdapter.onMessage(RecordMessagingMessageListenerAdapter.java:50) ~[spring-kafka-3.3.0.jar!/:3.3.0]
	at org.springframework.kafka.listener.KafkaMessageListenerContainer$ListenerConsumer.doInvokeOnMessage(KafkaMessageListenerContainer.java:2875) ~[spring-kafka-3.3.0.jar!/:3.3.0]
	at org.springframework.kafka.listener.KafkaMessageListenerContainer$ListenerConsumer.invokeOnMessage(KafkaMessageListenerContainer.java:2853) ~[spring-kafka-3.3.0.jar!/:3.3.0]
	at org.springframework.kafka.listener.KafkaMessageListenerContainer$ListenerConsumer.doInvokeRecordListener(KafkaMessageListenerContainer.java:2766) ~[spring-kafka-3.3.0.jar!/:3.3.0]
	at org.springframework.kafka.listener.KafkaMessageListenerContainer$ListenerConsumer.doInvokeWithRecords(KafkaMessageListenerContainer.java:2604) ~[spring-kafka-3.3.0.jar!/:3.3.0]
	at org.springframework.kafka.listener.KafkaMessageListenerContainer$ListenerConsumer.invokeRecordListener(KafkaMessageListenerContainer.java:2493) ~[spring-kafka-3.3.0.jar!/:3.3.0]
	at org.springframework.kafka.listener.KafkaMessageListenerContainer$ListenerConsumer.invokeListener(KafkaMessageListenerContainer.java:2144) ~[spring-kafka-3.3.0.jar!/:3.3.0]
	at org.springframework.kafka.listener.KafkaMessageListenerContainer$ListenerConsumer.invokeIfHaveRecords(KafkaMessageListenerContainer.java:1520) ~[spring-kafka-3.3.0.jar!/:3.3.0]
	at org.springframework.kafka.listener.KafkaMessageListenerContainer$ListenerConsumer.pollAndInvoke(KafkaMessageListenerContainer.java:1458) ~[spring-kafka-3.3.0.jar!/:3.3.0]
	at org.springframework.kafka.listener.KafkaMessageListenerContainer$ListenerConsumer.run(KafkaMessageListenerContainer.java:1327) ~[spring-kafka-3.3.0.jar!/:3.3.0]
	at java.base/java.util.concurrent.CompletableFuture$AsyncRun.run(CompletableFuture.java:1804) ~[na:na]
	at java.base/java.lang.Thread.run(Thread.java:840) ~[na:na]
Caused by: jakarta.mail.AuthenticationFailedException: failed to connect, no password specified?
	at jakarta.mail.Service.connect(Service.java:379) ~[jakarta.mail-2.0.3.jar!/:na]
	at org.springframework.mail.javamail.JavaMailSenderImpl.connectTransport(JavaMailSenderImpl.java:480) ~[spring-context-support-6.2.0.jar!/:6.2.0]
	at org.springframework.mail.javamail.JavaMailSenderImpl.doSend(JavaMailSenderImpl.java:399) ~[spring-context-support-6.2.0.jar!/:6.2.0]
	... 29 common frames omitted

2026-06-22T19:26:49.247+05:30  WARN 80684 --- [notification-service] [ntainer#0-1-C-1] c.t.n.s.NotificationOrchestrationService : [NOTIFICATION] ⚠ Delivery complete with failures | userId=253 | type=OFFER_SIGNED | success=1 | failure=1
2026-06-22T19:35:38.999+05:30  INFO 80684 --- [notification-service] [ntainer#0-1-C-1] c.t.n.c.NotificationKafkaConsumer        : [NOTIFICATION-CONSUMER] ▶ Message received | topic=notification.send | partition=1 | offset=39
2026-06-22T19:35:39.026+05:30  INFO 80684 --- [notification-service] [ntainer#0-1-C-1] c.t.n.c.NotificationKafkaConsumer        : [NOTIFICATION-CONSUMER] ▶ Payload deserialized | type=OFFER_SIGNED | userId=253 | channels=[IN_APP, EMAIL] | emailPresent=true
2026-06-22T19:35:39.026+05:30  INFO 80684 --- [notification-service] [ntainer#0-1-C-1] c.t.kafka.consumer.BaseKafkaConsumer     : [KAFKA-CONSUMER] Received event | type=NOTIFICATION_SEND | eventId=0fd0e643-794a-4e22-9326-ec774c1179d7 | source=offer-service | correlationId=59bafb74-a9dd-4f63-b348-cae160a6c16c
2026-06-22T19:35:39.026+05:30  INFO 80684 --- [notification-service] [ntainer#0-1-C-1] c.t.n.s.NotificationOrchestrationService : [NOTIFICATION] ▶ Processing | userId=253 | type=OFFER_SIGNED | channels=[IN_APP, EMAIL] | ref=OFFER:152 | emailPresent=true
2026-06-22T19:35:39.027+05:30  INFO 80684 --- [notification-service] [ntainer#0-1-C-1] c.t.n.s.NotificationOrchestrationService : [NOTIFICATION] ▶ Attempting channel='IN_APP' | userId=253 | type=OFFER_SIGNED
2026-06-22T19:35:39.027+05:30  INFO 80684 --- [notification-service] [ntainer#0-1-C-1] c.t.n.channel.InAppNotificationChannel   : [IN-APP] Persisting notification | userId=253 | type=OFFER_SIGNED | ref=OFFER:152
2026-06-22T19:35:39.068+05:30  INFO 80684 --- [notification-service] [ntainer#0-1-C-1] c.t.n.channel.InAppNotificationChannel   : [IN-APP] Notification persisted | id=89 | userId=253 | type=OFFER_SIGNED
2026-06-22T19:35:39.068+05:30  INFO 80684 --- [notification-service] [ntainer#0-1-C-1] c.t.n.s.NotificationOrchestrationService : [NOTIFICATION] ✓ Channel='IN_APP' delivered | userId=253 | type=OFFER_SIGNED
2026-06-22T19:35:39.069+05:30  INFO 80684 --- [notification-service] [ntainer#0-1-C-1] c.t.n.s.NotificationOrchestrationService : [NOTIFICATION] ▶ Attempting channel='EMAIL' | userId=253 | type=OFFER_SIGNED
2026-06-22T19:35:39.069+05:30  INFO 80684 --- [notification-service] [ntainer#0-1-C-1] c.t.n.channel.EmailNotificationChannel   : [EMAIL] ▶ Starting email delivery | userId=253 | type=OFFER_SIGNED | templateId=offer-signed | toPresent=true
2026-06-22T19:35:39.072+05:30 ERROR 80684 --- [notification-service] [ntainer#0-1-C-1] org.thymeleaf.TemplateEngine             : [THYMELEAF][org.springframework.kafka.KafkaListenerEndpointContainer#0-1-C-1] Exception processing template "email/offer-signed": Error resolving template [email/offer-signed], template might not exist or might not be accessible by any of the configured Template Resolvers

org.thymeleaf.exceptions.TemplateInputException: Error resolving template [email/offer-signed], template might not exist or might not be accessible by any of the configured Template Resolvers
	at org.thymeleaf.engine.TemplateManager.resolveTemplate(TemplateManager.java:869) ~[thymeleaf-3.1.2.RELEASE.jar!/:3.1.2.RELEASE]
	at org.thymeleaf.engine.TemplateManager.parseAndProcess(TemplateManager.java:607) ~[thymeleaf-3.1.2.RELEASE.jar!/:3.1.2.RELEASE]
	at org.thymeleaf.TemplateEngine.process(TemplateEngine.java:1103) ~[thymeleaf-3.1.2.RELEASE.jar!/:3.1.2.RELEASE]
	at org.thymeleaf.TemplateEngine.process(TemplateEngine.java:1064) ~[thymeleaf-3.1.2.RELEASE.jar!/:3.1.2.RELEASE]
	at org.thymeleaf.TemplateEngine.process(TemplateEngine.java:1053) ~[thymeleaf-3.1.2.RELEASE.jar!/:3.1.2.RELEASE]
	at com.talentgrid.notification.channel.EmailNotificationChannel.resolveContent(EmailNotificationChannel.java:136) ~[!/:1.0.0-SNAPSHOT]
	at com.talentgrid.notification.channel.EmailNotificationChannel.deliver(EmailNotificationChannel.java:75) ~[!/:1.0.0-SNAPSHOT]
	at com.talentgrid.notification.service.NotificationOrchestrationService.process(NotificationOrchestrationService.java:78) ~[!/:1.0.0-SNAPSHOT]
	at com.talentgrid.notification.consumer.NotificationKafkaConsumer.handleEvent(NotificationKafkaConsumer.java:83) ~[!/:1.0.0-SNAPSHOT]
	at com.talentgrid.kafka.consumer.BaseKafkaConsumer.process(BaseKafkaConsumer.java:13) ~[talentgrid-kafka-1.0.0-SNAPSHOT.jar!/:1.0.0-SNAPSHOT]
	at com.talentgrid.notification.consumer.NotificationKafkaConsumer.onMessage(NotificationKafkaConsumer.java:71) ~[!/:1.0.0-SNAPSHOT]
	at jdk.internal.reflect.GeneratedMethodAccessor33.invoke(Unknown Source) ~[na:na]
	at java.base/jdk.internal.reflect.DelegatingMethodAccessorImpl.invoke(DelegatingMethodAccessorImpl.java:43) ~[na:na]
	at java.base/java.lang.reflect.Method.invoke(Method.java:569) ~[na:na]
	at org.springframework.messaging.handler.invocation.InvocableHandlerMethod.doInvoke(InvocableHandlerMethod.java:169) ~[spring-messaging-6.2.0.jar!/:6.2.0]
	at org.springframework.kafka.listener.adapter.KotlinAwareInvocableHandlerMethod.doInvoke(KotlinAwareInvocableHandlerMethod.java:45) ~[spring-kafka-3.3.0.jar!/:3.3.0]
	at org.springframework.messaging.handler.invocation.InvocableHandlerMethod.invoke(InvocableHandlerMethod.java:119) ~[spring-messaging-6.2.0.jar!/:6.2.0]
	at org.springframework.kafka.listener.adapter.HandlerAdapter.invoke(HandlerAdapter.java:71) ~[spring-kafka-3.3.0.jar!/:3.3.0]
	at org.springframework.kafka.listener.adapter.MessagingMessageListenerAdapter.invokeHandler(MessagingMessageListenerAdapter.java:474) ~[spring-kafka-3.3.0.jar!/:3.3.0]
	at org.springframework.kafka.listener.adapter.MessagingMessageListenerAdapter.invoke(MessagingMessageListenerAdapter.java:421) ~[spring-kafka-3.3.0.jar!/:3.3.0]
	at org.springframework.kafka.listener.adapter.RecordMessagingMessageListenerAdapter.onMessage(RecordMessagingMessageListenerAdapter.java:85) ~[spring-kafka-3.3.0.jar!/:3.3.0]
	at org.springframework.kafka.listener.adapter.RecordMessagingMessageListenerAdapter.onMessage(RecordMessagingMessageListenerAdapter.java:50) ~[spring-kafka-3.3.0.jar!/:3.3.0]
	at org.springframework.kafka.listener.KafkaMessageListenerContainer$ListenerConsumer.doInvokeOnMessage(KafkaMessageListenerContainer.java:2875) ~[spring-kafka-3.3.0.jar!/:3.3.0]
	at org.springframework.kafka.listener.KafkaMessageListenerContainer$ListenerConsumer.invokeOnMessage(KafkaMessageListenerContainer.java:2853) ~[spring-kafka-3.3.0.jar!/:3.3.0]
	at org.springframework.kafka.listener.KafkaMessageListenerContainer$ListenerConsumer.doInvokeRecordListener(KafkaMessageListenerContainer.java:2766) ~[spring-kafka-3.3.0.jar!/:3.3.0]
	at org.springframework.kafka.listener.KafkaMessageListenerContainer$ListenerConsumer.doInvokeWithRecords(KafkaMessageListenerContainer.java:2604) ~[spring-kafka-3.3.0.jar!/:3.3.0]
	at org.springframework.kafka.listener.KafkaMessageListenerContainer$ListenerConsumer.invokeRecordListener(KafkaMessageListenerContainer.java:2493) ~[spring-kafka-3.3.0.jar!/:3.3.0]
	at org.springframework.kafka.listener.KafkaMessageListenerContainer$ListenerConsumer.invokeListener(KafkaMessageListenerContainer.java:2144) ~[spring-kafka-3.3.0.jar!/:3.3.0]
	at org.springframework.kafka.listener.KafkaMessageListenerContainer$ListenerConsumer.invokeIfHaveRecords(KafkaMessageListenerContainer.java:1520) ~[spring-kafka-3.3.0.jar!/:3.3.0]
	at org.springframework.kafka.listener.KafkaMessageListenerContainer$ListenerConsumer.pollAndInvoke(KafkaMessageListenerContainer.java:1458) ~[spring-kafka-3.3.0.jar!/:3.3.0]
	at org.springframework.kafka.listener.KafkaMessageListenerContainer$ListenerConsumer.run(KafkaMessageListenerContainer.java:1327) ~[spring-kafka-3.3.0.jar!/:3.3.0]
	at java.base/java.util.concurrent.CompletableFuture$AsyncRun.run(CompletableFuture.java:1804) ~[na:na]
	at java.base/java.lang.Thread.run(Thread.java:840) ~[na:na]

2026-06-22T19:35:39.074+05:30  WARN 80684 --- [notification-service] [ntainer#0-1-C-1] c.t.n.channel.EmailNotificationChannel   : [EMAIL] Template 'offer-signed' failed to render — falling back to plain HTML. Check that templates/email/offer-signed.html exists in notification-service resources. Error: Error resolving template [email/offer-signed], template might not exist or might not be accessible by any of the configured Template Resolvers
2026-06-22T19:35:39.076+05:30  INFO 80684 --- [notification-service] [ntainer#0-1-C-1] c.t.n.channel.EmailNotificationChannel   : [EMAIL] ▶ Invoking SMTP send | host=smtp.gmail.com | port=587 | userId=253
2026-06-22T19:35:39.168+05:30 ERROR 80684 --- [notification-service] [ntainer#0-1-C-1] c.t.n.channel.EmailNotificationChannel   : [EMAIL] ✗ SMTP authentication failed — check spring.mail.password in application.properties. Gmail requires an App Password (not your account password). Generate one at: https://myaccount.google.com/apppasswords | error=Authentication failed
2026-06-22T19:35:39.168+05:30 ERROR 80684 --- [notification-service] [ntainer#0-1-C-1] c.t.n.s.NotificationOrchestrationService : [NOTIFICATION] ✗ Channel='EMAIL' delivery failed | userId=253 | type=OFFER_SIGNED | error=Authentication failed

org.springframework.mail.MailAuthenticationException: Authentication failed
	at org.springframework.mail.javamail.JavaMailSenderImpl.doSend(JavaMailSenderImpl.java:402) ~[spring-context-support-6.2.0.jar!/:6.2.0]
	at org.springframework.mail.javamail.JavaMailSenderImpl.send(JavaMailSenderImpl.java:350) ~[spring-context-support-6.2.0.jar!/:6.2.0]
	at org.springframework.mail.javamail.JavaMailSender.send(JavaMailSender.java:101) ~[spring-context-support-6.2.0.jar!/:6.2.0]
	at com.talentgrid.notification.channel.EmailNotificationChannel.deliver(EmailNotificationChannel.java:94) ~[!/:1.0.0-SNAPSHOT]
	at com.talentgrid.notification.service.NotificationOrchestrationService.process(NotificationOrchestrationService.java:78) ~[!/:1.0.0-SNAPSHOT]
	at com.talentgrid.notification.consumer.NotificationKafkaConsumer.handleEvent(NotificationKafkaConsumer.java:83) ~[!/:1.0.0-SNAPSHOT]
	at com.talentgrid.kafka.consumer.BaseKafkaConsumer.process(BaseKafkaConsumer.java:13) ~[talentgrid-kafka-1.0.0-SNAPSHOT.jar!/:1.0.0-SNAPSHOT]
	at com.talentgrid.notification.consumer.NotificationKafkaConsumer.onMessage(NotificationKafkaConsumer.java:71) ~[!/:1.0.0-SNAPSHOT]
	at jdk.internal.reflect.GeneratedMethodAccessor33.invoke(Unknown Source) ~[na:na]
	at java.base/jdk.internal.reflect.DelegatingMethodAccessorImpl.invoke(DelegatingMethodAccessorImpl.java:43) ~[na:na]
	at java.base/java.lang.reflect.Method.invoke(Method.java:569) ~[na:na]
	at org.springframework.messaging.handler.invocation.InvocableHandlerMethod.doInvoke(InvocableHandlerMethod.java:169) ~[spring-messaging-6.2.0.jar!/:6.2.0]
	at org.springframework.kafka.listener.adapter.KotlinAwareInvocableHandlerMethod.doInvoke(KotlinAwareInvocableHandlerMethod.java:45) ~[spring-kafka-3.3.0.jar!/:3.3.0]
	at org.springframework.messaging.handler.invocation.InvocableHandlerMethod.invoke(InvocableHandlerMethod.java:119) ~[spring-messaging-6.2.0.jar!/:6.2.0]
	at org.springframework.kafka.listener.adapter.HandlerAdapter.invoke(HandlerAdapter.java:71) ~[spring-kafka-3.3.0.jar!/:3.3.0]
	at org.springframework.kafka.listener.adapter.MessagingMessageListenerAdapter.invokeHandler(MessagingMessageListenerAdapter.java:474) ~[spring-kafka-3.3.0.jar!/:3.3.0]
	at org.springframework.kafka.listener.adapter.MessagingMessageListenerAdapter.invoke(MessagingMessageListenerAdapter.java:421) ~[spring-kafka-3.3.0.jar!/:3.3.0]
	at org.springframework.kafka.listener.adapter.RecordMessagingMessageListenerAdapter.onMessage(RecordMessagingMessageListenerAdapter.java:85) ~[spring-kafka-3.3.0.jar!/:3.3.0]
	at org.springframework.kafka.listener.adapter.RecordMessagingMessageListenerAdapter.onMessage(RecordMessagingMessageListenerAdapter.java:50) ~[spring-kafka-3.3.0.jar!/:3.3.0]
	at org.springframework.kafka.listener.KafkaMessageListenerContainer$ListenerConsumer.doInvokeOnMessage(KafkaMessageListenerContainer.java:2875) ~[spring-kafka-3.3.0.jar!/:3.3.0]
	at org.springframework.kafka.listener.KafkaMessageListenerContainer$ListenerConsumer.invokeOnMessage(KafkaMessageListenerContainer.java:2853) ~[spring-kafka-3.3.0.jar!/:3.3.0]
	at org.springframework.kafka.listener.KafkaMessageListenerContainer$ListenerConsumer.doInvokeRecordListener(KafkaMessageListenerContainer.java:2766) ~[spring-kafka-3.3.0.jar!/:3.3.0]
	at org.springframework.kafka.listener.KafkaMessageListenerContainer$ListenerConsumer.doInvokeWithRecords(KafkaMessageListenerContainer.java:2604) ~[spring-kafka-3.3.0.jar!/:3.3.0]
	at org.springframework.kafka.listener.KafkaMessageListenerContainer$ListenerConsumer.invokeRecordListener(KafkaMessageListenerContainer.java:2493) ~[spring-kafka-3.3.0.jar!/:3.3.0]
	at org.springframework.kafka.listener.KafkaMessageListenerContainer$ListenerConsumer.invokeListener(KafkaMessageListenerContainer.java:2144) ~[spring-kafka-3.3.0.jar!/:3.3.0]
	at org.springframework.kafka.listener.KafkaMessageListenerContainer$ListenerConsumer.invokeIfHaveRecords(KafkaMessageListenerContainer.java:1520) ~[spring-kafka-3.3.0.jar!/:3.3.0]
	at org.springframework.kafka.listener.KafkaMessageListenerContainer$ListenerConsumer.pollAndInvoke(KafkaMessageListenerContainer.java:1458) ~[spring-kafka-3.3.0.jar!/:3.3.0]
	at org.springframework.kafka.listener.KafkaMessageListenerContainer$ListenerConsumer.run(KafkaMessageListenerContainer.java:1327) ~[spring-kafka-3.3.0.jar!/:3.3.0]
	at java.base/java.util.concurrent.CompletableFuture$AsyncRun.run(CompletableFuture.java:1804) ~[na:na]
	at java.base/java.lang.Thread.run(Thread.java:840) ~[na:na]
Caused by: jakarta.mail.AuthenticationFailedException: failed to connect, no password specified?
	at jakarta.mail.Service.connect(Service.java:379) ~[jakarta.mail-2.0.3.jar!/:na]
	at org.springframework.mail.javamail.JavaMailSenderImpl.connectTransport(JavaMailSenderImpl.java:480) ~[spring-context-support-6.2.0.jar!/:6.2.0]
	at org.springframework.mail.javamail.JavaMailSenderImpl.doSend(JavaMailSenderImpl.java:399) ~[spring-context-support-6.2.0.jar!/:6.2.0]
	... 29 common frames omitted

2026-06-22T19:35:39.169+05:30  WARN 80684 --- [notification-service] [ntainer#0-1-C-1] c.t.n.s.NotificationOrchestrationService : [NOTIFICATION] ⚠ Delivery complete with failures | userId=253 | type=OFFER_SIGNED | success=1 | failure=1
2026-06-22T20:03:28.542+05:30  INFO 80684 --- [notification-service] [n-service-group] o.a.k.c.c.internals.ConsumerCoordinator  : [Consumer clientId=consumer-notification-service-group-3, groupId=notification-service-group] Group coordinator localhost:9092 (id: 2147483646 rack: null) is unavailable or invalid due to cause: session timed out without receiving a heartbeat response. isDisconnected: false. Rediscovery will be attempted.
2026-06-22T20:03:28.545+05:30  INFO 80684 --- [notification-service] [n-service-group] o.a.k.c.c.internals.ConsumerCoordinator  : [Consumer clientId=consumer-notification-service-group-2, groupId=notification-service-group] Group coordinator localhost:9092 (id: 2147483646 rack: null) is unavailable or invalid due to cause: session timed out without receiving a heartbeat response. isDisconnected: false. Rediscovery will be attempted.
2026-06-22T20:03:28.557+05:30  INFO 80684 --- [notification-service] [n-service-group] o.a.k.c.c.internals.ConsumerCoordinator  : [Consumer clientId=consumer-notification-service-group-3, groupId=notification-service-group] Requesting disconnect from last known coordinator localhost:9092 (id: 2147483646 rack: null)
2026-06-22T20:03:28.542+05:30  INFO 80684 --- [notification-service] [n-service-group] o.a.k.c.c.internals.ConsumerCoordinator  : [Consumer clientId=consumer-notification-service-group-1, groupId=notification-service-group] Group coordinator localhost:9092 (id: 2147483646 rack: null) is unavailable or invalid due to cause: session timed out without receiving a heartbeat response. isDisconnected: false. Rediscovery will be attempted.
2026-06-22T20:03:28.557+05:30  INFO 80684 --- [notification-service] [n-service-group] o.a.k.c.c.internals.ConsumerCoordinator  : [Consumer clientId=consumer-notification-service-group-2, groupId=notification-service-group] Requesting disconnect from last known coordinator localhost:9092 (id: 2147483646 rack: null)
2026-06-22T20:03:28.557+05:30  INFO 80684 --- [notification-service] [n-service-group] o.a.k.c.c.internals.ConsumerCoordinator  : [Consumer clientId=consumer-notification-service-group-1, groupId=notification-service-group] Requesting disconnect from last known coordinator localhost:9092 (id: 2147483646 rack: null)
2026-06-22T20:03:28.558+05:30  INFO 80684 --- [notification-service] [n-service-group] org.apache.kafka.clients.NetworkClient   : [Consumer clientId=consumer-notification-service-group-2, groupId=notification-service-group] Client requested disconnect from node 2147483646
2026-06-22T20:03:28.558+05:30  INFO 80684 --- [notification-service] [n-service-group] org.apache.kafka.clients.NetworkClient   : [Consumer clientId=consumer-notification-service-group-1, groupId=notification-service-group] Client requested disconnect from node 2147483646
2026-06-22T20:03:28.558+05:30  INFO 80684 --- [notification-service] [n-service-group] org.apache.kafka.clients.NetworkClient   : [Consumer clientId=consumer-notification-service-group-3, groupId=notification-service-group] Client requested disconnect from node 2147483646
2026-06-22T20:03:28.594+05:30  INFO 80684 --- [notification-service] [ntainer#0-0-C-1] o.a.k.c.c.internals.ConsumerCoordinator  : [Consumer clientId=consumer-notification-service-group-1, groupId=notification-service-group] Discovered group coordinator localhost:9092 (id: 2147483646 rack: null)
2026-06-22T20:03:28.594+05:30  INFO 80684 --- [notification-service] [ntainer#0-2-C-1] o.a.k.c.c.internals.ConsumerCoordinator  : [Consumer clientId=consumer-notification-service-group-3, groupId=notification-service-group] Discovered group coordinator localhost:9092 (id: 2147483646 rack: null)
2026-06-22T20:03:28.594+05:30  INFO 80684 --- [notification-service] [ntainer#0-1-C-1] o.a.k.c.c.internals.ConsumerCoordinator  : [Consumer clientId=consumer-notification-service-group-2, groupId=notification-service-group] Discovered group coordinator localhost:9092 (id: 2147483646 rack: null)
2026-06-22T20:03:28.594+05:30  INFO 80684 --- [notification-service] [ntainer#0-2-C-1] o.a.k.c.c.internals.ConsumerCoordinator  : [Consumer clientId=consumer-notification-service-group-3, groupId=notification-service-group] Group coordinator localhost:9092 (id: 2147483646 rack: null) is unavailable or invalid due to cause: coordinator unavailable. isDisconnected: false. Rediscovery will be attempted.
2026-06-22T20:03:28.594+05:30  INFO 80684 --- [notification-service] [ntainer#0-2-C-1] o.a.k.c.c.internals.ConsumerCoordinator  : [Consumer clientId=consumer-notification-service-group-3, groupId=notification-service-group] Requesting disconnect from last known coordinator localhost:9092 (id: 2147483646 rack: null)
2026-06-22T20:03:28.608+05:30  INFO 80684 --- [notification-service] [ntainer#0-1-C-1] o.a.k.c.c.internals.ConsumerCoordinator  : [Consumer clientId=consumer-notification-service-group-2, groupId=notification-service-group] Discovered group coordinator localhost:9092 (id: 2147483646 rack: null)
2026-06-22T20:03:28.608+05:30  INFO 80684 --- [notification-service] [ntainer#0-0-C-1] o.a.k.c.c.internals.ConsumerCoordinator  : [Consumer clientId=consumer-notification-service-group-1, groupId=notification-service-group] Discovered group coordinator localhost:9092 (id: 2147483646 rack: null)
2026-06-22T20:03:28.608+05:30  INFO 80684 --- [notification-service] [ntainer#0-0-C-1] o.a.k.c.c.internals.ConsumerCoordinator  : [Consumer clientId=consumer-notification-service-group-1, groupId=notification-service-group] Group coordinator localhost:9092 (id: 2147483646 rack: null) is unavailable or invalid due to cause: coordinator unavailable. isDisconnected: false. Rediscovery will be attempted.
2026-06-22T20:03:28.608+05:30  INFO 80684 --- [notification-service] [ntainer#0-0-C-1] o.a.k.c.c.internals.ConsumerCoordinator  : [Consumer clientId=consumer-notification-service-group-1, groupId=notification-service-group] Requesting disconnect from last known coordinator localhost:9092 (id: 2147483646 rack: null)
2026-06-22T20:03:28.608+05:30  INFO 80684 --- [notification-service] [ntainer#0-1-C-1] o.a.k.c.c.internals.ConsumerCoordinator  : [Consumer clientId=consumer-notification-service-group-2, groupId=notification-service-group] Group coordinator localhost:9092 (id: 2147483646 rack: null) is unavailable or invalid due to cause: coordinator unavailable. isDisconnected: false. Rediscovery will be attempted.
2026-06-22T20:03:28.608+05:30  INFO 80684 --- [notification-service] [ntainer#0-1-C-1] o.a.k.c.c.internals.ConsumerCoordinator  : [Consumer clientId=consumer-notification-service-group-2, groupId=notification-service-group] Requesting disconnect from last known coordinator localhost:9092 (id: 2147483646 rack: null)
2026-06-22T20:03:28.733+05:30  INFO 80684 --- [notification-service] [ntainer#0-2-C-1] o.a.k.c.c.internals.ConsumerCoordinator  : [Consumer clientId=consumer-notification-service-group-3, groupId=notification-service-group] Discovered group coordinator localhost:9092 (id: 2147483646 rack: null)
2026-06-22T20:03:28.734+05:30  INFO 80684 --- [notification-service] [ntainer#0-0-C-1] o.a.k.c.c.internals.ConsumerCoordinator  : [Consumer clientId=consumer-notification-service-group-1, groupId=notification-service-group] Discovered group coordinator localhost:9092 (id: 2147483646 rack: null)
2026-06-22T20:03:28.734+05:30  INFO 80684 --- [notification-service] [ntainer#0-1-C-1] o.a.k.c.c.internals.ConsumerCoordinator  : [Consumer clientId=consumer-notification-service-group-2, groupId=notification-service-group] Discovered group coordinator localhost:9092 (id: 2147483646 rack: null)
2026-06-22T21:23:12.669+05:30  INFO 80684 --- [notification-service] [n-service-group] o.a.k.c.c.internals.ConsumerCoordinator  : [Consumer clientId=consumer-notification-service-group-2, groupId=notification-service-group] Group coordinator localhost:9092 (id: 2147483646 rack: null) is unavailable or invalid due to cause: session timed out without receiving a heartbeat response. isDisconnected: false. Rediscovery will be attempted.
2026-06-22T21:23:12.666+05:30  INFO 80684 --- [notification-service] [n-service-group] o.a.k.c.c.internals.ConsumerCoordinator  : [Consumer clientId=consumer-notification-service-group-3, groupId=notification-service-group] Group coordinator localhost:9092 (id: 2147483646 rack: null) is unavailable or invalid due to cause: session timed out without receiving a heartbeat response. isDisconnected: false. Rediscovery will be attempted.
2026-06-22T21:23:12.727+05:30  INFO 80684 --- [notification-service] [n-service-group] o.a.k.c.c.internals.ConsumerCoordinator  : [Consumer clientId=consumer-notification-service-group-2, groupId=notification-service-group] Requesting disconnect from last known coordinator localhost:9092 (id: 2147483646 rack: null)
2026-06-22T21:23:12.727+05:30  INFO 80684 --- [notification-service] [n-service-group] o.a.k.c.c.internals.ConsumerCoordinator  : [Consumer clientId=consumer-notification-service-group-3, groupId=notification-service-group] Requesting disconnect from last known coordinator localhost:9092 (id: 2147483646 rack: null)
2026-06-22T21:23:12.740+05:30  INFO 80684 --- [notification-service] [n-service-group] org.apache.kafka.clients.NetworkClient   : [Consumer clientId=consumer-notification-service-group-3, groupId=notification-service-group] Client requested disconnect from node 2147483646
2026-06-22T21:23:12.739+05:30  INFO 80684 --- [notification-service] [n-service-group] org.apache.kafka.clients.NetworkClient   : [Consumer clientId=consumer-notification-service-group-2, groupId=notification-service-group] Client requested disconnect from node 2147483646
2026-06-22T21:23:12.833+05:30  INFO 80684 --- [notification-service] [ntainer#0-2-C-1] o.a.k.c.c.internals.ConsumerCoordinator  : [Consumer clientId=consumer-notification-service-group-3, groupId=notification-service-group] Discovered group coordinator localhost:9092 (id: 2147483646 rack: null)
2026-06-22T21:23:12.833+05:30  INFO 80684 --- [notification-service] [ntainer#0-1-C-1] o.a.k.c.c.internals.ConsumerCoordinator  : [Consumer clientId=consumer-notification-service-group-2, groupId=notification-service-group] Discovered group coordinator localhost:9092 (id: 2147483646 rack: null)
2026-06-22T21:23:12.840+05:30  INFO 80684 --- [notification-service] [ntainer#0-1-C-1] o.a.k.c.c.internals.ConsumerCoordinator  : [Consumer clientId=consumer-notification-service-group-2, groupId=notification-service-group] Discovered group coordinator localhost:9092 (id: 2147483646 rack: null)
2026-06-22T21:23:12.840+05:30  INFO 80684 --- [notification-service] [ntainer#0-2-C-1] o.a.k.c.c.internals.ConsumerCoordinator  : [Consumer clientId=consumer-notification-service-group-3, groupId=notification-service-group] Discovered group coordinator localhost:9092 (id: 2147483646 rack: null)
2026-06-22T21:23:12.854+05:30  INFO 80684 --- [notification-service] [n-service-group] o.a.k.c.c.internals.ConsumerCoordinator  : [Consumer clientId=consumer-notification-service-group-1, groupId=notification-service-group] Group coordinator localhost:9092 (id: 2147483646 rack: null) is unavailable or invalid due to cause: session timed out without receiving a heartbeat response. isDisconnected: false. Rediscovery will be attempted.
2026-06-22T21:23:12.854+05:30  INFO 80684 --- [notification-service] [n-service-group] o.a.k.c.c.internals.ConsumerCoordinator  : [Consumer clientId=consumer-notification-service-group-1, groupId=notification-service-group] Requesting disconnect from last known coordinator localhost:9092 (id: 2147483646 rack: null)
2026-06-22T21:23:12.855+05:30  INFO 80684 --- [notification-service] [n-service-group] org.apache.kafka.clients.NetworkClient   : [Consumer clientId=consumer-notification-service-group-1, groupId=notification-service-group] Client requested disconnect from node 2147483646
2026-06-22T21:23:12.939+05:30  INFO 80684 --- [notification-service] [ntainer#0-0-C-1] o.a.k.c.c.internals.ConsumerCoordinator  : [Consumer clientId=consumer-notification-service-group-1, groupId=notification-service-group] Discovered group coordinator localhost:9092 (id: 2147483646 rack: null)
2026-06-22T21:23:13.516+05:30  WARN 80684 --- [notification-service] [l-1 housekeeper] com.zaxxer.hikari.pool.HikariPool        : HikariPool-1 - Thread starvation or clock leap detected (housekeeper delta=1h22m16s934ms).
2026-06-22T21:33:15.778+05:30  INFO 80684 --- [notification-service] [n-service-group] o.a.k.c.c.internals.ConsumerCoordinator  : [Consumer clientId=consumer-notification-service-group-2, groupId=notification-service-group] Group coordinator localhost:9092 (id: 2147483646 rack: null) is unavailable or invalid due to cause: session timed out without receiving a heartbeat response. isDisconnected: false. Rediscovery will be attempted.
2026-06-22T21:33:15.792+05:30  INFO 80684 --- [notification-service] [n-service-group] o.a.k.c.c.internals.ConsumerCoordinator  : [Consumer clientId=consumer-notification-service-group-1, groupId=notification-service-group] Group coordinator localhost:9092 (id: 2147483646 rack: null) is unavailable or invalid due to cause: session timed out without receiving a heartbeat response. isDisconnected: false. Rediscovery will be attempted.
2026-06-22T21:33:15.778+05:30  INFO 80684 --- [notification-service] [n-service-group] o.a.k.c.c.internals.ConsumerCoordinator  : [Consumer clientId=consumer-notification-service-group-3, groupId=notification-service-group] Group coordinator localhost:9092 (id: 2147483646 rack: null) is unavailable or invalid due to cause: session timed out without receiving a heartbeat response. isDisconnected: false. Rediscovery will be attempted.
2026-06-22T21:33:15.833+05:30  INFO 80684 --- [notification-service] [n-service-group] o.a.k.c.c.internals.ConsumerCoordinator  : [Consumer clientId=consumer-notification-service-group-3, groupId=notification-service-group] Requesting disconnect from last known coordinator localhost:9092 (id: 2147483646 rack: null)
2026-06-22T21:33:15.833+05:30  INFO 80684 --- [notification-service] [n-service-group] o.a.k.c.c.internals.ConsumerCoordinator  : [Consumer clientId=consumer-notification-service-group-1, groupId=notification-service-group] Requesting disconnect from last known coordinator localhost:9092 (id: 2147483646 rack: null)
2026-06-22T21:33:15.833+05:30  INFO 80684 --- [notification-service] [n-service-group] o.a.k.c.c.internals.ConsumerCoordinator  : [Consumer clientId=consumer-notification-service-group-2, groupId=notification-service-group] Requesting disconnect from last known coordinator localhost:9092 (id: 2147483646 rack: null)
2026-06-22T21:33:15.839+05:30  INFO 80684 --- [notification-service] [n-service-group] org.apache.kafka.clients.NetworkClient   : [Consumer clientId=consumer-notification-service-group-1, groupId=notification-service-group] Client requested disconnect from node 2147483646
2026-06-22T21:33:15.839+05:30  INFO 80684 --- [notification-service] [n-service-group] org.apache.kafka.clients.NetworkClient   : [Consumer clientId=consumer-notification-service-group-3, groupId=notification-service-group] Client requested disconnect from node 2147483646
2026-06-22T21:33:15.839+05:30  INFO 80684 --- [notification-service] [n-service-group] org.apache.kafka.clients.NetworkClient   : [Consumer clientId=consumer-notification-service-group-2, groupId=notification-service-group] Client requested disconnect from node 2147483646
2026-06-22T21:33:16.045+05:30  INFO 80684 --- [notification-service] [ntainer#0-2-C-1] o.a.k.c.c.internals.ConsumerCoordinator  : [Consumer clientId=consumer-notification-service-group-3, groupId=notification-service-group] Discovered group coordinator localhost:9092 (id: 2147483646 rack: null)
2026-06-22T21:33:16.053+05:30  INFO 80684 --- [notification-service] [ntainer#0-1-C-1] o.a.k.c.c.internals.ConsumerCoordinator  : [Consumer clientId=consumer-notification-service-group-2, groupId=notification-service-group] Discovered group coordinator localhost:9092 (id: 2147483646 rack: null)
2026-06-22T21:33:16.054+05:30  INFO 80684 --- [notification-service] [ntainer#0-1-C-1] o.a.k.c.c.internals.ConsumerCoordinator  : [Consumer clientId=consumer-notification-service-group-2, groupId=notification-service-group] Discovered group coordinator localhost:9092 (id: 2147483646 rack: null)
2026-06-22T21:33:16.063+05:30  INFO 80684 --- [notification-service] [ntainer#0-0-C-1] o.a.k.c.c.internals.ConsumerCoordinator  : [Consumer clientId=consumer-notification-service-group-1, groupId=notification-service-group] Discovered group coordinator localhost:9092 (id: 2147483646 rack: null)
2026-06-22T21:33:16.063+05:30  INFO 80684 --- [notification-service] [ntainer#0-2-C-1] o.a.k.c.c.internals.ConsumerCoordinator  : [Consumer clientId=consumer-notification-service-group-3, groupId=notification-service-group] Discovered group coordinator localhost:9092 (id: 2147483646 rack: null)
2026-06-22T21:33:16.064+05:30  INFO 80684 --- [notification-service] [ntainer#0-0-C-1] o.a.k.c.c.internals.ConsumerCoordinator  : [Consumer clientId=consumer-notification-service-group-1, groupId=notification-service-group] Discovered group coordinator localhost:9092 (id: 2147483646 rack: null)
2026-06-22T21:33:37.323+05:30  WARN 80684 --- [notification-service] [l-1 housekeeper] com.zaxxer.hikari.pool.HikariPool        : HikariPool-1 - Thread starvation or clock leap detected (housekeeper delta=10m23s809ms).
